Domaine	Endpoint/source	Chemin JSON exact	Type	Exemple réel	Disponible avant match ?	Disponible en direct ?	Disponible après match ?	Historique accessible ?	Fiabilité/complétude	Déjà stocké dans le projet ?	Déjà utilisé par le moteur ?
Identité et contexte du match	/fixtures?id=1379344	errors	array	[]	oui	non	oui	oui	bonne	non	non
Identité et contexte du match	/fixtures?id=1379344	get	str	fixtures	oui	non	oui	oui	bonne	non	non
Identité et contexte du match	/fixtures?id=1379344	paging.current	int	1	oui	non	oui	oui	bonne	non	non
Identité et contexte du match	/fixtures?id=1379344	paging.total	int	1	oui	non	oui	oui	bonne	non	non
Identité et contexte du match	/fixtures?id=1379344	parameters.id	str	1379344	oui	non	oui	oui	bonne	non	non
Identité et contexte du match	/fixtures?id=1379344	response[].events[].assist.id	null		oui	non	oui	oui	bonne	non	non
Identité et contexte du match	/fixtures?id=1379344	response[].events[].assist.name	null		oui	non	oui	oui	bonne	non	non
Identité et contexte du match	/fixtures?id=1379344	response[].events[].comments	null		oui	non	oui	oui	bonne	non	non
Identité et contexte du match	/fixtures?id=1379344	response[].events[].detail	str	Normal Goal	oui	non	oui	oui	bonne	non	non
Identité et contexte du match	/fixtures?id=1379344	response[].events[].player.id	int	19281	oui	non	oui	oui	bonne	non	non
Identité et contexte du match	/fixtures?id=1379344	response[].events[].player.name	str	A. Semenyo	oui	non	oui	oui	bonne	non	non
Identité et contexte du match	/fixtures?id=1379344	response[].events[].team.id	int	50	oui	non	oui	oui	bonne	non	non
Identité et contexte du match	/fixtures?id=1379344	response[].events[].team.logo	str	https://media.api-sports.io/football/teams/50.png	oui	non	oui	oui	bonne	non	non
Identité et contexte du match	/fixtures?id=1379344	response[].events[].team.name	str	Manchester City	oui	non	oui	oui	bonne	non	non
Identité et contexte du match	/fixtures?id=1379344	response[].events[].time.elapsed	int	23	oui	non	oui	oui	bonne	non	non
Identité et contexte du match	/fixtures?id=1379344	response[].events[].time.extra	null		oui	non	oui	oui	bonne	non	non
Identité et contexte du match	/fixtures?id=1379344	response[].events[].type	str	Goal	oui	non	oui	oui	bonne	non	non
Identité et contexte du match	/fixtures?id=1379344	response[].fixture.date	str	2026-05-24T15:00:00+00:00	oui	non	oui	oui	bonne	oui	oui
Identité et contexte du match	/fixtures?id=1379344	response[].fixture.id	int	1379344	oui	non	oui	oui	bonne	oui	oui
Identité et contexte du match	/fixtures?id=1379344	response[].fixture.periods.first	int	1779634800	oui	non	oui	oui	bonne	non	non
Identité et contexte du match	/fixtures?id=1379344	response[].fixture.periods.second	int	1779638400	oui	non	oui	oui	bonne	non	non
Identité et contexte du match	/fixtures?id=1379344	response[].fixture.referee	str	A. Madley	oui	non	oui	oui	bonne	non	non
Identité et contexte du match	/fixtures?id=1379344	response[].fixture.status.elapsed	int	90	oui	non	oui	oui	bonne	non	non
Identité et contexte du match	/fixtures?id=1379344	response[].fixture.status.extra	int	12	oui	non	oui	oui	bonne	non	non
Identité et contexte du match	/fixtures?id=1379344	response[].fixture.status.long	str	Match Finished	oui	non	oui	oui	bonne	oui	non
Identité et contexte du match	/fixtures?id=1379344	response[].fixture.status.short	str	FT	oui	non	oui	oui	bonne	oui	oui
Identité et contexte du match	/fixtures?id=1379344	response[].fixture.timestamp	int	1779634800	oui	non	oui	oui	bonne	non	non
Identité et contexte du match	/fixtures?id=1379344	response[].fixture.timezone	str	UTC	oui	non	oui	oui	bonne	non	non
Identité et contexte du match	/fixtures?id=1379344	response[].fixture.venue.city	str	Manchester	oui	non	oui	oui	bonne	oui	oui
Identité et contexte du match	/fixtures?id=1379344	response[].fixture.venue.id	int	555	oui	non	oui	oui	bonne	non	non
Identité et contexte du match	/fixtures?id=1379344	response[].fixture.venue.name	str	Etihad Stadium	oui	non	oui	oui	bonne	oui	oui
Identité et contexte du match	/fixtures?id=1379344	response[].goals.away	int	2	oui	non	oui	oui	bonne	oui	oui
Identité et contexte du match	/fixtures?id=1379344	response[].goals.home	int	1	oui	non	oui	oui	bonne	oui	oui
Identité et contexte du match	/fixtures?id=1379344	response[].league.country	str	England	oui	non	oui	oui	bonne	oui	oui
Identité et contexte du match	/fixtures?id=1379344	response[].league.flag	str	https://media.api-sports.io/flags/gb-eng.svg	oui	non	oui	oui	bonne	oui	oui
Identité et contexte du match	/fixtures?id=1379344	response[].league.id	int	39	oui	non	oui	oui	bonne	oui	oui
Identité et contexte du match	/fixtures?id=1379344	response[].league.logo	str	https://media.api-sports.io/football/leagues/39.png	oui	non	oui	oui	bonne	oui	oui
Identité et contexte du match	/fixtures?id=1379344	response[].league.name	str	Premier League	oui	non	oui	oui	bonne	oui	oui
Identité et contexte du match	/fixtures?id=1379344	response[].league.round	str	Regular Season - 38	oui	non	oui	oui	bonne	non	non
Identité et contexte du match	/fixtures?id=1379344	response[].league.season	int	2025	oui	non	oui	oui	bonne	oui	oui
Identité et contexte du match	/fixtures?id=1379344	response[].league.standings	bool	True	oui	non	oui	oui	bonne	non	non
Identité et contexte du match	/fixtures?id=1379344	response[].lineups[].coach.id	int	4	oui	non	oui	oui	bonne	non	non
Identité et contexte du match	/fixtures?id=1379344	response[].lineups[].coach.name	str	Pep Guardiola	oui	non	oui	oui	bonne	non	non
Identité et contexte du match	/fixtures?id=1379344	response[].lineups[].coach.photo	str	https://media.api-sports.io/football/coachs/4.png	oui	non	oui	oui	bonne	non	non
Identité et contexte du match	/fixtures?id=1379344	response[].lineups[].formation	str	4-2-2-2	oui	non	oui	oui	bonne	non	non
Identité et contexte du match	/fixtures?id=1379344	response[].lineups[].startXI[].player.grid	str	1:1	oui	non	oui	oui	bonne	non	non
Identité et contexte du match	/fixtures?id=1379344	response[].lineups[].startXI[].player.id	int	162489	oui	non	oui	oui	bonne	non	non
Identité et contexte du match	/fixtures?id=1379344	response[].lineups[].startXI[].player.name	str	J. Trafford	oui	non	oui	oui	bonne	non	non
Identité et contexte du match	/fixtures?id=1379344	response[].lineups[].startXI[].player.number	int	1	oui	non	oui	oui	bonne	non	non
Identité et contexte du match	/fixtures?id=1379344	response[].lineups[].startXI[].player.pos	str	G	oui	non	oui	oui	bonne	non	non
Identité et contexte du match	/fixtures?id=1379344	response[].lineups[].substitutes[].player.grid	null		oui	non	oui	oui	bonne	non	non
Identité et contexte du match	/fixtures?id=1379344	response[].lineups[].substitutes[].player.id	int	19012	oui	non	oui	oui	bonne	non	non
Identité et contexte du match	/fixtures?id=1379344	response[].lineups[].substitutes[].player.name	str	M. Bettinelli	oui	non	oui	oui	bonne	non	non
Identité et contexte du match	/fixtures?id=1379344	response[].lineups[].substitutes[].player.number	int	13	oui	non	oui	oui	bonne	non	non
Identité et contexte du match	/fixtures?id=1379344	response[].lineups[].substitutes[].player.pos	str	G	oui	non	oui	oui	bonne	non	non
Identité et contexte du match	/fixtures?id=1379344	response[].lineups[].team.colors.goalkeeper.border	str	008b48	oui	non	oui	oui	bonne	non	non
Identité et contexte du match	/fixtures?id=1379344	response[].lineups[].team.colors.goalkeeper.number	str	feb139	oui	non	oui	oui	bonne	non	non
Identité et contexte du match	/fixtures?id=1379344	response[].lineups[].team.colors.goalkeeper.primary	str	008b48	oui	non	oui	oui	bonne	non	non
Identité et contexte du match	/fixtures?id=1379344	response[].lineups[].team.colors.player.border	str	abd1f5	oui	non	oui	oui	bonne	non	non
Identité et contexte du match	/fixtures?id=1379344	response[].lineups[].team.colors.player.number	str	000000	oui	non	oui	oui	bonne	non	non
Identité et contexte du match	/fixtures?id=1379344	response[].lineups[].team.colors.player.primary	str	abd1f5	oui	non	oui	oui	bonne	non	non
Identité et contexte du match	/fixtures?id=1379344	response[].lineups[].team.id	int	50	oui	non	oui	oui	bonne	non	non
Identité et contexte du match	/fixtures?id=1379344	response[].lineups[].team.logo	str	https://media.api-sports.io/football/teams/50.png	oui	non	oui	oui	bonne	non	non
Identité et contexte du match	/fixtures?id=1379344	response[].lineups[].team.name	str	Manchester City	oui	non	oui	oui	bonne	non	non
Identité et contexte du match	/fixtures?id=1379344	response[].players[].players[].player.id	int	162489	oui	non	oui	oui	bonne	non	non
Identité et contexte du match	/fixtures?id=1379344	response[].players[].players[].player.name	str	James Trafford	oui	non	oui	oui	bonne	non	non
Identité et contexte du match	/fixtures?id=1379344	response[].players[].players[].player.photo	str	https://media.api-sports.io/football/players/162489.png	oui	non	oui	oui	bonne	non	non
Identité et contexte du match	/fixtures?id=1379344	response[].players[].players[].statistics[].cards.red	int	0	oui	non	oui	oui	bonne	non	non
Identité et contexte du match	/fixtures?id=1379344	response[].players[].players[].statistics[].cards.yellow	int	0	oui	non	oui	oui	bonne	non	non
Identité et contexte du match	/fixtures?id=1379344	response[].players[].players[].statistics[].dribbles.attempts	null		oui	non	oui	oui	bonne	non	non
Identité et contexte du match	/fixtures?id=1379344	response[].players[].players[].statistics[].dribbles.past	null		oui	non	oui	oui	bonne	non	non
Identité et contexte du match	/fixtures?id=1379344	response[].players[].players[].statistics[].dribbles.success	null		oui	non	oui	oui	bonne	non	non
Identité et contexte du match	/fixtures?id=1379344	response[].players[].players[].statistics[].duels.total	null		oui	non	oui	oui	bonne	non	non
Identité et contexte du match	/fixtures?id=1379344	response[].players[].players[].statistics[].duels.won	null		oui	non	oui	oui	bonne	non	non
Identité et contexte du match	/fixtures?id=1379344	response[].players[].players[].statistics[].fouls.committed	null		oui	non	oui	oui	bonne	non	non
Identité et contexte du match	/fixtures?id=1379344	response[].players[].players[].statistics[].fouls.drawn	null		oui	non	oui	oui	bonne	non	non
Identité et contexte du match	/fixtures?id=1379344	response[].players[].players[].statistics[].games.captain	bool	False	oui	non	oui	oui	bonne	non	non
Identité et contexte du match	/fixtures?id=1379344	response[].players[].players[].statistics[].games.minutes	int	90	oui	non	oui	oui	bonne	non	non
Identité et contexte du match	/fixtures?id=1379344	response[].players[].players[].statistics[].games.number	int	1	oui	non	oui	oui	bonne	non	non
Identité et contexte du match	/fixtures?id=1379344	response[].players[].players[].statistics[].games.position	str	G	oui	non	oui	oui	bonne	non	non
Identité et contexte du match	/fixtures?id=1379344	response[].players[].players[].statistics[].games.rating	str	6.3	oui	non	oui	oui	bonne	non	non
Identité et contexte du match	/fixtures?id=1379344	response[].players[].players[].statistics[].games.substitute	bool	False	oui	non	oui	oui	bonne	non	non
Identité et contexte du match	/fixtures?id=1379344	response[].players[].players[].statistics[].goals.assists	int	0	oui	non	oui	oui	bonne	non	non
Identité et contexte du match	/fixtures?id=1379344	response[].players[].players[].statistics[].goals.conceded	int	2	oui	non	oui	oui	bonne	non	non
Identité et contexte du match	/fixtures?id=1379344	response[].players[].players[].statistics[].goals.saves	int	3	oui	non	oui	oui	bonne	non	non
Identité et contexte du match	/fixtures?id=1379344	response[].players[].players[].statistics[].goals.total	null		oui	non	oui	oui	bonne	non	non
Identité et contexte du match	/fixtures?id=1379344	response[].players[].players[].statistics[].offsides	null		oui	non	oui	oui	bonne	non	non
Identité et contexte du match	/fixtures?id=1379344	response[].players[].players[].statistics[].passes.accuracy	str	10	oui	non	oui	oui	bonne	non	non
Identité et contexte du match	/fixtures?id=1379344	response[].players[].players[].statistics[].passes.key	null		oui	non	oui	oui	bonne	non	non
Identité et contexte du match	/fixtures?id=1379344	response[].players[].players[].statistics[].passes.total	int	11	oui	non	oui	oui	bonne	non	non
Identité et contexte du match	/fixtures?id=1379344	response[].players[].players[].statistics[].penalty.commited	null		oui	non	oui	oui	bonne	non	non
Identité et contexte du match	/fixtures?id=1379344	response[].players[].players[].statistics[].penalty.missed	int	0	oui	non	oui	oui	bonne	non	non
Identité et contexte du match	/fixtures?id=1379344	response[].players[].players[].statistics[].penalty.saved	int	0	oui	non	oui	oui	bonne	non	non
Identité et contexte du match	/fixtures?id=1379344	response[].players[].players[].statistics[].penalty.scored	int	0	oui	non	oui	oui	bonne	non	non
Identité et contexte du match	/fixtures?id=1379344	response[].players[].players[].statistics[].penalty.won	null		oui	non	oui	oui	bonne	non	non
Identité et contexte du match	/fixtures?id=1379344	response[].players[].players[].statistics[].shots.on	null		oui	non	oui	oui	bonne	non	non
Identité et contexte du match	/fixtures?id=1379344	response[].players[].players[].statistics[].shots.total	null		oui	non	oui	oui	bonne	non	non
Identité et contexte du match	/fixtures?id=1379344	response[].players[].players[].statistics[].tackles.blocks	null		oui	non	oui	oui	bonne	non	non
Identité et contexte du match	/fixtures?id=1379344	response[].players[].players[].statistics[].tackles.interceptions	null		oui	non	oui	oui	bonne	non	non
Identité et contexte du match	/fixtures?id=1379344	response[].players[].players[].statistics[].tackles.total	null		oui	non	oui	oui	bonne	non	non
Identité et contexte du match	/fixtures?id=1379344	response[].players[].team.id	int	50	oui	non	oui	oui	bonne	non	non
Identité et contexte du match	/fixtures?id=1379344	response[].players[].team.logo	str	https://media.api-sports.io/football/teams/50.png	oui	non	oui	oui	bonne	non	non
Identité et contexte du match	/fixtures?id=1379344	response[].players[].team.name	str	Manchester City	oui	non	oui	oui	bonne	non	non
Identité et contexte du match	/fixtures?id=1379344	response[].players[].team.update	str	2026-05-26T04:32:02+00:00	oui	non	oui	oui	bonne	non	non
Identité et contexte du match	/fixtures?id=1379344	response[].score.extratime.away	null		oui	non	oui	oui	bonne	non	non
Identité et contexte du match	/fixtures?id=1379344	response[].score.extratime.home	null		oui	non	oui	oui	bonne	non	non
Identité et contexte du match	/fixtures?id=1379344	response[].score.fulltime.away	int	2	oui	non	oui	oui	bonne	non	non
Identité et contexte du match	/fixtures?id=1379344	response[].score.fulltime.home	int	1	oui	non	oui	oui	bonne	non	non
Identité et contexte du match	/fixtures?id=1379344	response[].score.halftime.away	int	0	oui	non	oui	oui	bonne	non	non
Identité et contexte du match	/fixtures?id=1379344	response[].score.halftime.home	int	1	oui	non	oui	oui	bonne	non	non
Identité et contexte du match	/fixtures?id=1379344	response[].score.penalty.away	null		oui	non	oui	oui	bonne	non	non
Identité et contexte du match	/fixtures?id=1379344	response[].score.penalty.home	null		oui	non	oui	oui	bonne	non	non
Identité et contexte du match	/fixtures?id=1379344	response[].statistics[].statistics[].type	str	Shots on Goal	oui	non	oui	oui	bonne	non	non
Identité et contexte du match	/fixtures?id=1379344	response[].statistics[].statistics[].value	int	3	oui	non	oui	oui	bonne	non	non
Identité et contexte du match	/fixtures?id=1379344	response[].statistics[].team.id	int	50	oui	non	oui	oui	bonne	non	non
Identité et contexte du match	/fixtures?id=1379344	response[].statistics[].team.logo	str	https://media.api-sports.io/football/teams/50.png	oui	non	oui	oui	bonne	non	non
Identité et contexte du match	/fixtures?id=1379344	response[].statistics[].team.name	str	Manchester City	oui	non	oui	oui	bonne	non	non
Identité et contexte du match	/fixtures?id=1379344	response[].teams.away.id	int	66	oui	non	oui	oui	bonne	oui	oui
Identité et contexte du match	/fixtures?id=1379344	response[].teams.away.logo	str	https://media.api-sports.io/football/teams/66.png	oui	non	oui	oui	bonne	oui	oui
Identité et contexte du match	/fixtures?id=1379344	response[].teams.away.name	str	Aston Villa	oui	non	oui	oui	bonne	oui	oui
Identité et contexte du match	/fixtures?id=1379344	response[].teams.away.winner	bool	True	oui	non	oui	oui	bonne	non	non
Identité et contexte du match	/fixtures?id=1379344	response[].teams.home.id	int	50	oui	non	oui	oui	bonne	oui	oui
Identité et contexte du match	/fixtures?id=1379344	response[].teams.home.logo	str	https://media.api-sports.io/football/teams/50.png	oui	non	oui	oui	bonne	oui	oui
Identité et contexte du match	/fixtures?id=1379344	response[].teams.home.name	str	Manchester City	oui	non	oui	oui	bonne	oui	oui
Identité et contexte du match	/fixtures?id=1379344	response[].teams.home.winner	bool	False	oui	non	oui	oui	bonne	non	non
Identité et contexte du match	/fixtures?id=1379344	results	int	1	oui	non	oui	oui	bonne	non	non
Statistiques du match terminé	/fixtures/statistics?fixture=1379344	errors	array	[]	non	non	oui	oui	bonne	non	non
Statistiques du match terminé	/fixtures/statistics?fixture=1379344	get	str	fixtures/statistics	non	non	oui	oui	bonne	non	non
Statistiques du match terminé	/fixtures/statistics?fixture=1379344	paging.current	int	1	non	non	oui	oui	bonne	non	non
Statistiques du match terminé	/fixtures/statistics?fixture=1379344	paging.total	int	1	non	non	oui	oui	bonne	non	non
Statistiques du match terminé	/fixtures/statistics?fixture=1379344	parameters.fixture	str	1379344	non	non	oui	oui	bonne	non	non
Statistiques du match terminé	/fixtures/statistics?fixture=1379344	response[].statistics[].type	str	Shots on Goal	non	non	oui	oui	bonne	non	non
Statistiques du match terminé	/fixtures/statistics?fixture=1379344	response[].statistics[].value	int	3	non	non	oui	oui	bonne	non	non
Statistiques du match terminé	/fixtures/statistics?fixture=1379344	response[].team.id	int	50	non	non	oui	oui	bonne	non	non
Statistiques du match terminé	/fixtures/statistics?fixture=1379344	response[].team.logo	str	https://media.api-sports.io/football/teams/50.png	non	non	oui	oui	bonne	non	non
Statistiques du match terminé	/fixtures/statistics?fixture=1379344	response[].team.name	str	Manchester City	non	non	oui	oui	bonne	non	non
Statistiques du match terminé	/fixtures/statistics?fixture=1379344	results	int	2	non	non	oui	oui	bonne	non	non
Événements du match	/fixtures/events?fixture=1379344	errors	array	[]	non	oui	oui	oui	bonne	non	non
Événements du match	/fixtures/events?fixture=1379344	get	str	fixtures/events	non	oui	oui	oui	bonne	non	non
Événements du match	/fixtures/events?fixture=1379344	paging.current	int	1	non	oui	oui	oui	bonne	non	non
Événements du match	/fixtures/events?fixture=1379344	paging.total	int	1	non	oui	oui	oui	bonne	non	non
Événements du match	/fixtures/events?fixture=1379344	parameters.fixture	str	1379344	non	oui	oui	oui	bonne	non	non
Événements du match	/fixtures/events?fixture=1379344	response[].assist.id	null		non	oui	oui	oui	bonne	non	non
Événements du match	/fixtures/events?fixture=1379344	response[].assist.name	null		non	oui	oui	oui	bonne	non	non
Événements du match	/fixtures/events?fixture=1379344	response[].comments	null		non	oui	oui	oui	bonne	non	non
Événements du match	/fixtures/events?fixture=1379344	response[].detail	str	Normal Goal	non	oui	oui	oui	bonne	non	non
Événements du match	/fixtures/events?fixture=1379344	response[].player.id	int	19281	non	oui	oui	oui	bonne	non	non
Événements du match	/fixtures/events?fixture=1379344	response[].player.name	str	A. Semenyo	non	oui	oui	oui	bonne	non	non
Événements du match	/fixtures/events?fixture=1379344	response[].team.id	int	50	non	oui	oui	oui	bonne	non	non
Événements du match	/fixtures/events?fixture=1379344	response[].team.logo	str	https://media.api-sports.io/football/teams/50.png	non	oui	oui	oui	bonne	non	non
Événements du match	/fixtures/events?fixture=1379344	response[].team.name	str	Manchester City	non	oui	oui	oui	bonne	non	non
Événements du match	/fixtures/events?fixture=1379344	response[].time.elapsed	int	23	non	oui	oui	oui	bonne	non	non
Événements du match	/fixtures/events?fixture=1379344	response[].time.extra	null		non	oui	oui	oui	bonne	non	non
Événements du match	/fixtures/events?fixture=1379344	response[].type	str	Goal	non	oui	oui	oui	bonne	non	non
Événements du match	/fixtures/events?fixture=1379344	results	int	16	non	oui	oui	oui	bonne	non	non
Compositions et formations	/fixtures/lineups?fixture=1379344	errors	array	[]	non	oui	oui	oui	bonne	non	non
Compositions et formations	/fixtures/lineups?fixture=1379344	get	str	fixtures/lineups	non	oui	oui	oui	bonne	non	non
Compositions et formations	/fixtures/lineups?fixture=1379344	paging.current	int	1	non	oui	oui	oui	bonne	non	non
Compositions et formations	/fixtures/lineups?fixture=1379344	paging.total	int	1	non	oui	oui	oui	bonne	non	non
Compositions et formations	/fixtures/lineups?fixture=1379344	parameters.fixture	str	1379344	non	oui	oui	oui	bonne	non	non
Compositions et formations	/fixtures/lineups?fixture=1379344	response[].coach.id	int	4	non	oui	oui	oui	bonne	non	non
Compositions et formations	/fixtures/lineups?fixture=1379344	response[].coach.name	str	Pep Guardiola	non	oui	oui	oui	bonne	non	non
Compositions et formations	/fixtures/lineups?fixture=1379344	response[].coach.photo	str	https://media.api-sports.io/football/coachs/4.png	non	oui	oui	oui	bonne	non	non
Compositions et formations	/fixtures/lineups?fixture=1379344	response[].formation	str	4-2-2-2	non	oui	oui	oui	bonne	non	non
Compositions et formations	/fixtures/lineups?fixture=1379344	response[].startXI[].player.grid	str	1:1	non	oui	oui	oui	bonne	non	non
Compositions et formations	/fixtures/lineups?fixture=1379344	response[].startXI[].player.id	int	162489	non	oui	oui	oui	bonne	non	non
Compositions et formations	/fixtures/lineups?fixture=1379344	response[].startXI[].player.name	str	J. Trafford	non	oui	oui	oui	bonne	non	non
Compositions et formations	/fixtures/lineups?fixture=1379344	response[].startXI[].player.number	int	1	non	oui	oui	oui	bonne	non	non
Compositions et formations	/fixtures/lineups?fixture=1379344	response[].startXI[].player.pos	str	G	non	oui	oui	oui	bonne	non	non
Compositions et formations	/fixtures/lineups?fixture=1379344	response[].substitutes[].player.grid	null		non	oui	oui	oui	bonne	non	non
Compositions et formations	/fixtures/lineups?fixture=1379344	response[].substitutes[].player.id	int	19012	non	oui	oui	oui	bonne	non	non
Compositions et formations	/fixtures/lineups?fixture=1379344	response[].substitutes[].player.name	str	M. Bettinelli	non	oui	oui	oui	bonne	non	non
Compositions et formations	/fixtures/lineups?fixture=1379344	response[].substitutes[].player.number	int	13	non	oui	oui	oui	bonne	non	non
Compositions et formations	/fixtures/lineups?fixture=1379344	response[].substitutes[].player.pos	str	G	non	oui	oui	oui	bonne	non	non
Compositions et formations	/fixtures/lineups?fixture=1379344	response[].team.colors.goalkeeper.border	str	008b48	non	oui	oui	oui	bonne	non	non
Compositions et formations	/fixtures/lineups?fixture=1379344	response[].team.colors.goalkeeper.number	str	feb139	non	oui	oui	oui	bonne	non	non
Compositions et formations	/fixtures/lineups?fixture=1379344	response[].team.colors.goalkeeper.primary	str	008b48	non	oui	oui	oui	bonne	non	non
Compositions et formations	/fixtures/lineups?fixture=1379344	response[].team.colors.player.border	str	abd1f5	non	oui	oui	oui	bonne	non	non
Compositions et formations	/fixtures/lineups?fixture=1379344	response[].team.colors.player.number	str	000000	non	oui	oui	oui	bonne	non	non
Compositions et formations	/fixtures/lineups?fixture=1379344	response[].team.colors.player.primary	str	abd1f5	non	oui	oui	oui	bonne	non	non
Compositions et formations	/fixtures/lineups?fixture=1379344	response[].team.id	int	50	non	oui	oui	oui	bonne	non	non
Compositions et formations	/fixtures/lineups?fixture=1379344	response[].team.logo	str	https://media.api-sports.io/football/teams/50.png	non	oui	oui	oui	bonne	non	non
Compositions et formations	/fixtures/lineups?fixture=1379344	response[].team.name	str	Manchester City	non	oui	oui	oui	bonne	non	non
Compositions et formations	/fixtures/lineups?fixture=1379344	results	int	2	non	oui	oui	oui	bonne	non	non
Statistiques joueurs du match	/fixtures/players?fixture=1379344	errors	array	[]	non	oui	oui	oui	bonne	non	non
Statistiques joueurs du match	/fixtures/players?fixture=1379344	get	str	fixtures/players	non	oui	oui	oui	bonne	non	non
Statistiques joueurs du match	/fixtures/players?fixture=1379344	paging.current	int	1	non	oui	oui	oui	bonne	non	non
Statistiques joueurs du match	/fixtures/players?fixture=1379344	paging.total	int	1	non	oui	oui	oui	bonne	non	non
Statistiques joueurs du match	/fixtures/players?fixture=1379344	parameters.fixture	str	1379344	non	oui	oui	oui	bonne	non	non
Statistiques joueurs du match	/fixtures/players?fixture=1379344	response[].players[].player.id	int	162489	non	oui	oui	oui	bonne	non	non
Statistiques joueurs du match	/fixtures/players?fixture=1379344	response[].players[].player.name	str	James Trafford	non	oui	oui	oui	bonne	non	non
Statistiques joueurs du match	/fixtures/players?fixture=1379344	response[].players[].player.photo	str	https://media.api-sports.io/football/players/162489.png	non	oui	oui	oui	bonne	non	non
Statistiques joueurs du match	/fixtures/players?fixture=1379344	response[].players[].statistics[].cards.red	int	0	non	oui	oui	oui	bonne	non	non
Statistiques joueurs du match	/fixtures/players?fixture=1379344	response[].players[].statistics[].cards.yellow	int	0	non	oui	oui	oui	bonne	non	non
Statistiques joueurs du match	/fixtures/players?fixture=1379344	response[].players[].statistics[].dribbles.attempts	null		non	oui	oui	oui	bonne	non	non
Statistiques joueurs du match	/fixtures/players?fixture=1379344	response[].players[].statistics[].dribbles.past	null		non	oui	oui	oui	bonne	non	non
Statistiques joueurs du match	/fixtures/players?fixture=1379344	response[].players[].statistics[].dribbles.success	null		non	oui	oui	oui	bonne	non	non
Statistiques joueurs du match	/fixtures/players?fixture=1379344	response[].players[].statistics[].duels.total	null		non	oui	oui	oui	bonne	non	non
Statistiques joueurs du match	/fixtures/players?fixture=1379344	response[].players[].statistics[].duels.won	null		non	oui	oui	oui	bonne	non	non
Statistiques joueurs du match	/fixtures/players?fixture=1379344	response[].players[].statistics[].fouls.committed	null		non	oui	oui	oui	bonne	non	non
Statistiques joueurs du match	/fixtures/players?fixture=1379344	response[].players[].statistics[].fouls.drawn	null		non	oui	oui	oui	bonne	non	non
Statistiques joueurs du match	/fixtures/players?fixture=1379344	response[].players[].statistics[].games.captain	bool	False	non	oui	oui	oui	bonne	non	non
Statistiques joueurs du match	/fixtures/players?fixture=1379344	response[].players[].statistics[].games.minutes	int	90	non	oui	oui	oui	bonne	non	non
Statistiques joueurs du match	/fixtures/players?fixture=1379344	response[].players[].statistics[].games.number	int	1	non	oui	oui	oui	bonne	non	non
Statistiques joueurs du match	/fixtures/players?fixture=1379344	response[].players[].statistics[].games.position	str	G	non	oui	oui	oui	bonne	non	non
Statistiques joueurs du match	/fixtures/players?fixture=1379344	response[].players[].statistics[].games.rating	str	6.3	non	oui	oui	oui	bonne	non	non
Statistiques joueurs du match	/fixtures/players?fixture=1379344	response[].players[].statistics[].games.substitute	bool	False	non	oui	oui	oui	bonne	non	non
Statistiques joueurs du match	/fixtures/players?fixture=1379344	response[].players[].statistics[].goals.assists	int	0	non	oui	oui	oui	bonne	non	non
Statistiques joueurs du match	/fixtures/players?fixture=1379344	response[].players[].statistics[].goals.conceded	int	2	non	oui	oui	oui	bonne	non	non
Statistiques joueurs du match	/fixtures/players?fixture=1379344	response[].players[].statistics[].goals.saves	int	3	non	oui	oui	oui	bonne	non	non
Statistiques joueurs du match	/fixtures/players?fixture=1379344	response[].players[].statistics[].goals.total	null		non	oui	oui	oui	bonne	non	non
Statistiques joueurs du match	/fixtures/players?fixture=1379344	response[].players[].statistics[].offsides	null		non	oui	oui	oui	bonne	non	non
Statistiques joueurs du match	/fixtures/players?fixture=1379344	response[].players[].statistics[].passes.accuracy	str	10	non	oui	oui	oui	bonne	non	non
Statistiques joueurs du match	/fixtures/players?fixture=1379344	response[].players[].statistics[].passes.key	null		non	oui	oui	oui	bonne	non	non
Statistiques joueurs du match	/fixtures/players?fixture=1379344	response[].players[].statistics[].passes.total	int	11	non	oui	oui	oui	bonne	non	non
Statistiques joueurs du match	/fixtures/players?fixture=1379344	response[].players[].statistics[].penalty.commited	null		non	oui	oui	oui	bonne	non	non
Statistiques joueurs du match	/fixtures/players?fixture=1379344	response[].players[].statistics[].penalty.missed	int	0	non	oui	oui	oui	bonne	non	non
Statistiques joueurs du match	/fixtures/players?fixture=1379344	response[].players[].statistics[].penalty.saved	int	0	non	oui	oui	oui	bonne	non	non
Statistiques joueurs du match	/fixtures/players?fixture=1379344	response[].players[].statistics[].penalty.scored	int	0	non	oui	oui	oui	bonne	non	non
Statistiques joueurs du match	/fixtures/players?fixture=1379344	response[].players[].statistics[].penalty.won	null		non	oui	oui	oui	bonne	non	non
Statistiques joueurs du match	/fixtures/players?fixture=1379344	response[].players[].statistics[].shots.on	null		non	oui	oui	oui	bonne	non	non
Statistiques joueurs du match	/fixtures/players?fixture=1379344	response[].players[].statistics[].shots.total	null		non	oui	oui	oui	bonne	non	non
Statistiques joueurs du match	/fixtures/players?fixture=1379344	response[].players[].statistics[].tackles.blocks	null		non	oui	oui	oui	bonne	non	non
Statistiques joueurs du match	/fixtures/players?fixture=1379344	response[].players[].statistics[].tackles.interceptions	null		non	oui	oui	oui	bonne	non	non
Statistiques joueurs du match	/fixtures/players?fixture=1379344	response[].players[].statistics[].tackles.total	null		non	oui	oui	oui	bonne	non	non
Statistiques joueurs du match	/fixtures/players?fixture=1379344	response[].team.id	int	50	non	oui	oui	oui	bonne	non	non
Statistiques joueurs du match	/fixtures/players?fixture=1379344	response[].team.logo	str	https://media.api-sports.io/football/teams/50.png	non	oui	oui	oui	bonne	non	non
Statistiques joueurs du match	/fixtures/players?fixture=1379344	response[].team.name	str	Manchester City	non	oui	oui	oui	bonne	non	non
Statistiques joueurs du match	/fixtures/players?fixture=1379344	response[].team.update	str	2026-05-26T04:32:02+00:00	non	oui	oui	oui	bonne	non	non
Statistiques joueurs du match	/fixtures/players?fixture=1379344	results	int	2	non	oui	oui	oui	bonne	non	non
Blessures et suspensions	/injuries?fixture=1379344	errors	array	[]	partiel	non	oui	oui	bonne	non	non
Blessures et suspensions	/injuries?fixture=1379344	get	str	injuries	partiel	non	oui	oui	bonne	non	non
Blessures et suspensions	/injuries?fixture=1379344	paging.current	int	1	partiel	non	oui	oui	bonne	non	non
Blessures et suspensions	/injuries?fixture=1379344	paging.total	int	1	partiel	non	oui	oui	bonne	non	non
Blessures et suspensions	/injuries?fixture=1379344	parameters.fixture	str	1379344	partiel	non	oui	oui	bonne	non	non
Blessures et suspensions	/injuries?fixture=1379344	response[].fixture.date	str	2026-05-24T15:00:00+00:00	partiel	non	oui	oui	bonne	oui	oui
Blessures et suspensions	/injuries?fixture=1379344	response[].fixture.id	int	1379344	partiel	non	oui	oui	bonne	oui	oui
Blessures et suspensions	/injuries?fixture=1379344	response[].fixture.timestamp	int	1779634800	partiel	non	oui	oui	bonne	non	non
Blessures et suspensions	/injuries?fixture=1379344	response[].fixture.timezone	str	UTC	partiel	non	oui	oui	bonne	non	non
Blessures et suspensions	/injuries?fixture=1379344	response[].league.country	str	England	partiel	non	oui	oui	bonne	oui	oui
Blessures et suspensions	/injuries?fixture=1379344	response[].league.flag	str	https://media.api-sports.io/flags/gb-eng.svg	partiel	non	oui	oui	bonne	oui	oui
Blessures et suspensions	/injuries?fixture=1379344	response[].league.id	int	39	partiel	non	oui	oui	bonne	oui	oui
Blessures et suspensions	/injuries?fixture=1379344	response[].league.logo	str	https://media.api-sports.io/football/leagues/39.png	partiel	non	oui	oui	bonne	oui	oui
Blessures et suspensions	/injuries?fixture=1379344	response[].league.name	str	Premier League	partiel	non	oui	oui	bonne	oui	oui
Blessures et suspensions	/injuries?fixture=1379344	response[].league.season	int	2025	partiel	non	oui	oui	bonne	oui	oui
Blessures et suspensions	/injuries?fixture=1379344	response[].player.id	int	464004	partiel	non	oui	oui	bonne	non	non
Blessures et suspensions	/injuries?fixture=1379344	response[].player.name	str	Alysson	partiel	non	oui	oui	bonne	non	non
Blessures et suspensions	/injuries?fixture=1379344	response[].player.photo	str	https://media.api-sports.io/football/players/464004.png	partiel	non	oui	oui	bonne	non	non
Blessures et suspensions	/injuries?fixture=1379344	response[].player.reason	str	Muscle Injury	partiel	non	oui	oui	bonne	non	non
Blessures et suspensions	/injuries?fixture=1379344	response[].player.type	str	Missing Fixture	partiel	non	oui	oui	bonne	non	non
Blessures et suspensions	/injuries?fixture=1379344	response[].team.id	int	66	partiel	non	oui	oui	bonne	non	non
Blessures et suspensions	/injuries?fixture=1379344	response[].team.logo	str	https://media.api-sports.io/football/teams/66.png	partiel	non	oui	oui	bonne	non	non
Blessures et suspensions	/injuries?fixture=1379344	response[].team.name	str	Aston Villa	partiel	non	oui	oui	bonne	non	non
Blessures et suspensions	/injuries?fixture=1379344	results	int	6	partiel	non	oui	oui	bonne	non	non
Prédictions API isolées	/predictions?fixture=1379344	errors	array	[]	oui si disponible	non	non pertinent	oui endpoint	bonne	non	non
Prédictions API isolées	/predictions?fixture=1379344	get	str	predictions	oui si disponible	non	non pertinent	oui endpoint	bonne	non	non
Prédictions API isolées	/predictions?fixture=1379344	paging.current	int	1	oui si disponible	non	non pertinent	oui endpoint	bonne	non	non
Prédictions API isolées	/predictions?fixture=1379344	paging.total	int	1	oui si disponible	non	non pertinent	oui endpoint	bonne	non	non
Prédictions API isolées	/predictions?fixture=1379344	parameters.fixture	str	1379344	oui si disponible	non	non pertinent	oui endpoint	bonne	non	non
Prédictions API isolées	/predictions?fixture=1379344	response[].comparison.att.away	str	50%	oui si disponible	non	non pertinent	oui endpoint	bonne	non	non
Prédictions API isolées	/predictions?fixture=1379344	response[].comparison.att.home	str	50%	oui si disponible	non	non pertinent	oui endpoint	bonne	non	non
Prédictions API isolées	/predictions?fixture=1379344	response[].comparison.def.away	str	29%	oui si disponible	non	non pertinent	oui endpoint	bonne	non	non
Prédictions API isolées	/predictions?fixture=1379344	response[].comparison.def.home	str	71%	oui si disponible	non	non pertinent	oui endpoint	bonne	non	non
Prédictions API isolées	/predictions?fixture=1379344	response[].comparison.form.away	str	39%	oui si disponible	non	non pertinent	oui endpoint	bonne	non	non
Prédictions API isolées	/predictions?fixture=1379344	response[].comparison.form.home	str	61%	oui si disponible	non	non pertinent	oui endpoint	bonne	non	non
Prédictions API isolées	/predictions?fixture=1379344	response[].comparison.goals.away	str	46%	oui si disponible	non	non pertinent	oui endpoint	bonne	non	non
Prédictions API isolées	/predictions?fixture=1379344	response[].comparison.goals.home	str	54%	oui si disponible	non	non pertinent	oui endpoint	bonne	non	non
Prédictions API isolées	/predictions?fixture=1379344	response[].comparison.h2h.away	str	60%	oui si disponible	non	non pertinent	oui endpoint	bonne	non	non
Prédictions API isolées	/predictions?fixture=1379344	response[].comparison.h2h.home	str	40%	oui si disponible	non	non pertinent	oui endpoint	bonne	non	non
Prédictions API isolées	/predictions?fixture=1379344	response[].comparison.poisson_distribution.away	str	22%	oui si disponible	non	non pertinent	oui endpoint	bonne	non	non
Prédictions API isolées	/predictions?fixture=1379344	response[].comparison.poisson_distribution.home	str	78%	oui si disponible	non	non pertinent	oui endpoint	bonne	non	non
Prédictions API isolées	/predictions?fixture=1379344	response[].comparison.total.away	str	41.0%	oui si disponible	non	non pertinent	oui endpoint	bonne	non	non
Prédictions API isolées	/predictions?fixture=1379344	response[].comparison.total.home	str	59.0%	oui si disponible	non	non pertinent	oui endpoint	bonne	non	non
Prédictions API isolées	/predictions?fixture=1379344	response[].h2h[].fixture.date	str	2025-10-26T14:00:00+00:00	oui si disponible	non	non pertinent	oui endpoint	bonne	non	non
Prédictions API isolées	/predictions?fixture=1379344	response[].h2h[].fixture.id	int	1379050	oui si disponible	non	non pertinent	oui endpoint	bonne	non	non
Prédictions API isolées	/predictions?fixture=1379344	response[].h2h[].fixture.periods.first	int	1761487200	oui si disponible	non	non pertinent	oui endpoint	bonne	non	non
Prédictions API isolées	/predictions?fixture=1379344	response[].h2h[].fixture.periods.second	int	1761490800	oui si disponible	non	non pertinent	oui endpoint	bonne	non	non
Prédictions API isolées	/predictions?fixture=1379344	response[].h2h[].fixture.referee	str	M. Oliver	oui si disponible	non	non pertinent	oui endpoint	bonne	non	non
Prédictions API isolées	/predictions?fixture=1379344	response[].h2h[].fixture.status.elapsed	int	90	oui si disponible	non	non pertinent	oui endpoint	bonne	non	non
Prédictions API isolées	/predictions?fixture=1379344	response[].h2h[].fixture.status.extra	int	7	oui si disponible	non	non pertinent	oui endpoint	bonne	non	non
Prédictions API isolées	/predictions?fixture=1379344	response[].h2h[].fixture.status.long	str	Match Finished	oui si disponible	non	non pertinent	oui endpoint	bonne	non	non
Prédictions API isolées	/predictions?fixture=1379344	response[].h2h[].fixture.status.short	str	FT	oui si disponible	non	non pertinent	oui endpoint	bonne	non	non
Prédictions API isolées	/predictions?fixture=1379344	response[].h2h[].fixture.timestamp	int	1761487200	oui si disponible	non	non pertinent	oui endpoint	bonne	non	non
Prédictions API isolées	/predictions?fixture=1379344	response[].h2h[].fixture.timezone	str	UTC	oui si disponible	non	non pertinent	oui endpoint	bonne	non	non
Prédictions API isolées	/predictions?fixture=1379344	response[].h2h[].fixture.venue.city	str	Birmingham	oui si disponible	non	non pertinent	oui endpoint	bonne	non	non
Prédictions API isolées	/predictions?fixture=1379344	response[].h2h[].fixture.venue.id	int	495	oui si disponible	non	non pertinent	oui endpoint	bonne	non	non
Prédictions API isolées	/predictions?fixture=1379344	response[].h2h[].fixture.venue.name	str	Villa Park	oui si disponible	non	non pertinent	oui endpoint	bonne	non	non
Prédictions API isolées	/predictions?fixture=1379344	response[].h2h[].goals.away	int	0	oui si disponible	non	non pertinent	oui endpoint	bonne	non	non
Prédictions API isolées	/predictions?fixture=1379344	response[].h2h[].goals.home	int	1	oui si disponible	non	non pertinent	oui endpoint	bonne	non	non
Prédictions API isolées	/predictions?fixture=1379344	response[].h2h[].league.country	str	England	oui si disponible	non	non pertinent	oui endpoint	bonne	non	non
Prédictions API isolées	/predictions?fixture=1379344	response[].h2h[].league.flag	str	https://media.api-sports.io/flags/gb-eng.svg	oui si disponible	non	non pertinent	oui endpoint	bonne	non	non
Prédictions API isolées	/predictions?fixture=1379344	response[].h2h[].league.id	int	39	oui si disponible	non	non pertinent	oui endpoint	bonne	non	non
Prédictions API isolées	/predictions?fixture=1379344	response[].h2h[].league.logo	str	https://media.api-sports.io/football/leagues/39.png	oui si disponible	non	non pertinent	oui endpoint	bonne	non	non
Prédictions API isolées	/predictions?fixture=1379344	response[].h2h[].league.name	str	Premier League	oui si disponible	non	non pertinent	oui endpoint	bonne	non	non
Prédictions API isolées	/predictions?fixture=1379344	response[].h2h[].league.round	str	Regular Season - 9	oui si disponible	non	non pertinent	oui endpoint	bonne	non	non
Prédictions API isolées	/predictions?fixture=1379344	response[].h2h[].league.season	int	2025	oui si disponible	non	non pertinent	oui endpoint	bonne	non	non
Prédictions API isolées	/predictions?fixture=1379344	response[].h2h[].league.standings	bool	True	oui si disponible	non	non pertinent	oui endpoint	bonne	non	non
Prédictions API isolées	/predictions?fixture=1379344	response[].h2h[].score.extratime.away	null		oui si disponible	non	non pertinent	oui endpoint	bonne	non	non
Prédictions API isolées	/predictions?fixture=1379344	response[].h2h[].score.extratime.home	null		oui si disponible	non	non pertinent	oui endpoint	bonne	non	non
Prédictions API isolées	/predictions?fixture=1379344	response[].h2h[].score.fulltime.away	int	0	oui si disponible	non	non pertinent	oui endpoint	bonne	non	non
Prédictions API isolées	/predictions?fixture=1379344	response[].h2h[].score.fulltime.home	int	1	oui si disponible	non	non pertinent	oui endpoint	bonne	non	non
Prédictions API isolées	/predictions?fixture=1379344	response[].h2h[].score.halftime.away	int	0	oui si disponible	non	non pertinent	oui endpoint	bonne	non	non
Prédictions API isolées	/predictions?fixture=1379344	response[].h2h[].score.halftime.home	int	1	oui si disponible	non	non pertinent	oui endpoint	bonne	non	non
Prédictions API isolées	/predictions?fixture=1379344	response[].h2h[].score.penalty.away	null		oui si disponible	non	non pertinent	oui endpoint	bonne	non	non
Prédictions API isolées	/predictions?fixture=1379344	response[].h2h[].score.penalty.home	null		oui si disponible	non	non pertinent	oui endpoint	bonne	non	non
Prédictions API isolées	/predictions?fixture=1379344	response[].h2h[].teams.away.id	int	50	oui si disponible	non	non pertinent	oui endpoint	bonne	non	non
Prédictions API isolées	/predictions?fixture=1379344	response[].h2h[].teams.away.logo	str	https://media.api-sports.io/football/teams/50.png	oui si disponible	non	non pertinent	oui endpoint	bonne	non	non
Prédictions API isolées	/predictions?fixture=1379344	response[].h2h[].teams.away.name	str	Manchester City	oui si disponible	non	non pertinent	oui endpoint	bonne	non	non
Prédictions API isolées	/predictions?fixture=1379344	response[].h2h[].teams.away.winner	bool	False	oui si disponible	non	non pertinent	oui endpoint	bonne	non	non
Prédictions API isolées	/predictions?fixture=1379344	response[].h2h[].teams.home.id	int	66	oui si disponible	non	non pertinent	oui endpoint	bonne	non	non
Prédictions API isolées	/predictions?fixture=1379344	response[].h2h[].teams.home.logo	str	https://media.api-sports.io/football/teams/66.png	oui si disponible	non	non pertinent	oui endpoint	bonne	non	non
Prédictions API isolées	/predictions?fixture=1379344	response[].h2h[].teams.home.name	str	Aston Villa	oui si disponible	non	non pertinent	oui endpoint	bonne	non	non
Prédictions API isolées	/predictions?fixture=1379344	response[].h2h[].teams.home.winner	bool	True	oui si disponible	non	non pertinent	oui endpoint	bonne	non	non
Prédictions API isolées	/predictions?fixture=1379344	response[].league.country	str	England	oui si disponible	non	non pertinent	oui endpoint	bonne	oui	oui
Prédictions API isolées	/predictions?fixture=1379344	response[].league.flag	str	https://media.api-sports.io/flags/gb-eng.svg	oui si disponible	non	non pertinent	oui endpoint	bonne	oui	oui
Prédictions API isolées	/predictions?fixture=1379344	response[].league.id	int	39	oui si disponible	non	non pertinent	oui endpoint	bonne	oui	oui
Prédictions API isolées	/predictions?fixture=1379344	response[].league.logo	str	https://media.api-sports.io/football/leagues/39.png	oui si disponible	non	non pertinent	oui endpoint	bonne	oui	oui
Prédictions API isolées	/predictions?fixture=1379344	response[].league.name	str	Premier League	oui si disponible	non	non pertinent	oui endpoint	bonne	oui	oui
Prédictions API isolées	/predictions?fixture=1379344	response[].league.season	int	2025	oui si disponible	non	non pertinent	oui endpoint	bonne	oui	oui
Prédictions API isolées	/predictions?fixture=1379344	response[].predictions.advice	str	Double chance : Manchester City or draw	oui si disponible	non	non pertinent	oui endpoint	bonne	non	non
Prédictions API isolées	/predictions?fixture=1379344	response[].predictions.goals.away	str	-2.5	oui si disponible	non	non pertinent	oui endpoint	bonne	non	non
Prédictions API isolées	/predictions?fixture=1379344	response[].predictions.goals.home	str	-3.5	oui si disponible	non	non pertinent	oui endpoint	bonne	non	non
Prédictions API isolées	/predictions?fixture=1379344	response[].predictions.percent.away	str	10%	oui si disponible	non	non pertinent	oui endpoint	bonne	non	non
Prédictions API isolées	/predictions?fixture=1379344	response[].predictions.percent.draw	str	45%	oui si disponible	non	non pertinent	oui endpoint	bonne	non	non
Prédictions API isolées	/predictions?fixture=1379344	response[].predictions.percent.home	str	45%	oui si disponible	non	non pertinent	oui endpoint	bonne	non	non
Prédictions API isolées	/predictions?fixture=1379344	response[].predictions.under_over	null		oui si disponible	non	non pertinent	oui endpoint	bonne	non	non
Prédictions API isolées	/predictions?fixture=1379344	response[].predictions.win_or_draw	bool	True	oui si disponible	non	non pertinent	oui endpoint	bonne	non	non
Prédictions API isolées	/predictions?fixture=1379344	response[].predictions.winner.comment	str	Win or draw	oui si disponible	non	non pertinent	oui endpoint	bonne	non	non
Prédictions API isolées	/predictions?fixture=1379344	response[].predictions.winner.id	int	50	oui si disponible	non	non pertinent	oui endpoint	bonne	non	non
Prédictions API isolées	/predictions?fixture=1379344	response[].predictions.winner.name	str	Manchester City	oui si disponible	non	non pertinent	oui endpoint	bonne	non	non
Prédictions API isolées	/predictions?fixture=1379344	response[].teams.away.id	int	66	oui si disponible	non	non pertinent	oui endpoint	bonne	oui	oui
Prédictions API isolées	/predictions?fixture=1379344	response[].teams.away.last_5.att	str	92%	oui si disponible	non	non pertinent	oui endpoint	bonne	non	non
Prédictions API isolées	/predictions?fixture=1379344	response[].teams.away.last_5.def	str	17%	oui si disponible	non	non pertinent	oui endpoint	bonne	non	non
Prédictions API isolées	/predictions?fixture=1379344	response[].teams.away.last_5.form	str	47%	oui si disponible	non	non pertinent	oui endpoint	bonne	non	non
Prédictions API isolées	/predictions?fixture=1379344	response[].teams.away.last_5.goals.against.average	str	2.0	oui si disponible	non	non pertinent	oui endpoint	bonne	non	non
Prédictions API isolées	/predictions?fixture=1379344	response[].teams.away.last_5.goals.against.total	int	10	oui si disponible	non	non pertinent	oui endpoint	bonne	non	non
Prédictions API isolées	/predictions?fixture=1379344	response[].teams.away.last_5.goals.for.average	str	2.2	oui si disponible	non	non pertinent	oui endpoint	bonne	non	non
Prédictions API isolées	/predictions?fixture=1379344	response[].teams.away.last_5.goals.for.total	int	11	oui si disponible	non	non pertinent	oui endpoint	bonne	non	non
Prédictions API isolées	/predictions?fixture=1379344	response[].teams.away.last_5.played	int	5	oui si disponible	non	non pertinent	oui endpoint	bonne	non	non
Prédictions API isolées	/predictions?fixture=1379344	response[].teams.away.league.biggest.goals.against.away	int	4	oui si disponible	non	non pertinent	oui endpoint	bonne	non	non
Prédictions API isolées	/predictions?fixture=1379344	response[].teams.away.league.biggest.goals.against.home	int	4	oui si disponible	non	non pertinent	oui endpoint	bonne	non	non
Prédictions API isolées	/predictions?fixture=1379344	response[].teams.away.league.biggest.goals.for.away	int	4	oui si disponible	non	non pertinent	oui endpoint	bonne	non	non
Prédictions API isolées	/predictions?fixture=1379344	response[].teams.away.league.biggest.goals.for.home	int	4	oui si disponible	non	non pertinent	oui endpoint	bonne	non	non
Prédictions API isolées	/predictions?fixture=1379344	response[].teams.away.league.biggest.loses.away	str	4-1	oui si disponible	non	non pertinent	oui endpoint	bonne	non	non
Prédictions API isolées	/predictions?fixture=1379344	response[].teams.away.league.biggest.loses.home	str	1-4	oui si disponible	non	non pertinent	oui endpoint	bonne	non	non
Prédictions API isolées	/predictions?fixture=1379344	response[].teams.away.league.biggest.streak.draws	int	2	oui si disponible	non	non pertinent	oui endpoint	bonne	non	non
Prédictions API isolées	/predictions?fixture=1379344	response[].teams.away.league.biggest.streak.loses	int	3	oui si disponible	non	non pertinent	oui endpoint	bonne	non	non
Prédictions API isolées	/predictions?fixture=1379344	response[].teams.away.league.biggest.streak.wins	int	8	oui si disponible	non	non pertinent	oui endpoint	bonne	non	non
Prédictions API isolées	/predictions?fixture=1379344	response[].teams.away.league.biggest.wins.away	str	0-2	oui si disponible	non	non pertinent	oui endpoint	bonne	non	non
Prédictions API isolées	/predictions?fixture=1379344	response[].teams.away.league.biggest.wins.home	str	4-0	oui si disponible	non	non pertinent	oui endpoint	bonne	non	non
Prédictions API isolées	/predictions?fixture=1379344	response[].teams.away.league.cards.red.0-15.percentage	null		oui si disponible	non	non pertinent	oui endpoint	bonne	non	non
Prédictions API isolées	/predictions?fixture=1379344	response[].teams.away.league.cards.red.0-15.total	null		oui si disponible	non	non pertinent	oui endpoint	bonne	non	non
Prédictions API isolées	/predictions?fixture=1379344	response[].teams.away.league.cards.red.106-120.percentage	null		oui si disponible	non	non pertinent	oui endpoint	bonne	non	non
Prédictions API isolées	/predictions?fixture=1379344	response[].teams.away.league.cards.red.106-120.total	null		oui si disponible	non	non pertinent	oui endpoint	bonne	non	non
Prédictions API isolées	/predictions?fixture=1379344	response[].teams.away.league.cards.red.16-30.percentage	null		oui si disponible	non	non pertinent	oui endpoint	bonne	non	non
Prédictions API isolées	/predictions?fixture=1379344	response[].teams.away.league.cards.red.16-30.total	null		oui si disponible	non	non pertinent	oui endpoint	bonne	non	non
Prédictions API isolées	/predictions?fixture=1379344	response[].teams.away.league.cards.red.31-45.percentage	null		oui si disponible	non	non pertinent	oui endpoint	bonne	non	non
Prédictions API isolées	/predictions?fixture=1379344	response[].teams.away.league.cards.red.31-45.total	null		oui si disponible	non	non pertinent	oui endpoint	bonne	non	non
Prédictions API isolées	/predictions?fixture=1379344	response[].teams.away.league.cards.red.46-60.percentage	null		oui si disponible	non	non pertinent	oui endpoint	bonne	non	non
Prédictions API isolées	/predictions?fixture=1379344	response[].teams.away.league.cards.red.46-60.total	null		oui si disponible	non	non pertinent	oui endpoint	bonne	non	non
Prédictions API isolées	/predictions?fixture=1379344	response[].teams.away.league.cards.red.61-75.percentage	str	100.00%	oui si disponible	non	non pertinent	oui endpoint	bonne	non	non
Prédictions API isolées	/predictions?fixture=1379344	response[].teams.away.league.cards.red.61-75.total	int	1	oui si disponible	non	non pertinent	oui endpoint	bonne	non	non
Prédictions API isolées	/predictions?fixture=1379344	response[].teams.away.league.cards.red.76-90.percentage	null		oui si disponible	non	non pertinent	oui endpoint	bonne	non	non
Prédictions API isolées	/predictions?fixture=1379344	response[].teams.away.league.cards.red.76-90.total	null		oui si disponible	non	non pertinent	oui endpoint	bonne	non	non
Prédictions API isolées	/predictions?fixture=1379344	response[].teams.away.league.cards.red.91-105.percentage	null		oui si disponible	non	non pertinent	oui endpoint	bonne	non	non
Prédictions API isolées	/predictions?fixture=1379344	response[].teams.away.league.cards.red.91-105.total	null		oui si disponible	non	non pertinent	oui endpoint	bonne	non	non
Prédictions API isolées	/predictions?fixture=1379344	response[].teams.away.league.cards.yellow.0-15.percentage	str	5.17%	oui si disponible	non	non pertinent	oui endpoint	bonne	non	non
Prédictions API isolées	/predictions?fixture=1379344	response[].teams.away.league.cards.yellow.0-15.total	int	3	oui si disponible	non	non pertinent	oui endpoint	bonne	non	non
Prédictions API isolées	/predictions?fixture=1379344	response[].teams.away.league.cards.yellow.106-120.percentage	null		oui si disponible	non	non pertinent	oui endpoint	bonne	non	non
Prédictions API isolées	/predictions?fixture=1379344	response[].teams.away.league.cards.yellow.106-120.total	null		oui si disponible	non	non pertinent	oui endpoint	bonne	non	non
Prédictions API isolées	/predictions?fixture=1379344	response[].teams.away.league.cards.yellow.16-30.percentage	str	5.17%	oui si disponible	non	non pertinent	oui endpoint	bonne	non	non
Prédictions API isolées	/predictions?fixture=1379344	response[].teams.away.league.cards.yellow.16-30.total	int	3	oui si disponible	non	non pertinent	oui endpoint	bonne	non	non
Prédictions API isolées	/predictions?fixture=1379344	response[].teams.away.league.cards.yellow.31-45.percentage	str	13.79%	oui si disponible	non	non pertinent	oui endpoint	bonne	non	non
Prédictions API isolées	/predictions?fixture=1379344	response[].teams.away.league.cards.yellow.31-45.total	int	8	oui si disponible	non	non pertinent	oui endpoint	bonne	non	non
Prédictions API isolées	/predictions?fixture=1379344	response[].teams.away.league.cards.yellow.46-60.percentage	str	29.31%	oui si disponible	non	non pertinent	oui endpoint	bonne	non	non
Prédictions API isolées	/predictions?fixture=1379344	response[].teams.away.league.cards.yellow.46-60.total	int	17	oui si disponible	non	non pertinent	oui endpoint	bonne	non	non
Prédictions API isolées	/predictions?fixture=1379344	response[].teams.away.league.cards.yellow.61-75.percentage	str	17.24%	oui si disponible	non	non pertinent	oui endpoint	bonne	non	non
Prédictions API isolées	/predictions?fixture=1379344	response[].teams.away.league.cards.yellow.61-75.total	int	10	oui si disponible	non	non pertinent	oui endpoint	bonne	non	non
Prédictions API isolées	/predictions?fixture=1379344	response[].teams.away.league.cards.yellow.76-90.percentage	str	12.07%	oui si disponible	non	non pertinent	oui endpoint	bonne	non	non
Prédictions API isolées	/predictions?fixture=1379344	response[].teams.away.league.cards.yellow.76-90.total	int	7	oui si disponible	non	non pertinent	oui endpoint	bonne	non	non
Prédictions API isolées	/predictions?fixture=1379344	response[].teams.away.league.cards.yellow.91-105.percentage	str	17.24%	oui si disponible	non	non pertinent	oui endpoint	bonne	non	non
Prédictions API isolées	/predictions?fixture=1379344	response[].teams.away.league.cards.yellow.91-105.total	int	10	oui si disponible	non	non pertinent	oui endpoint	bonne	non	non
Prédictions API isolées	/predictions?fixture=1379344	response[].teams.away.league.clean_sheet.away	int	3	oui si disponible	non	non pertinent	oui endpoint	bonne	non	non
Prédictions API isolées	/predictions?fixture=1379344	response[].teams.away.league.clean_sheet.home	int	6	oui si disponible	non	non pertinent	oui endpoint	bonne	non	non
Prédictions API isolées	/predictions?fixture=1379344	response[].teams.away.league.clean_sheet.total	int	9	oui si disponible	non	non pertinent	oui endpoint	bonne	non	non
Prédictions API isolées	/predictions?fixture=1379344	response[].teams.away.league.failed_to_score.away	int	6	oui si disponible	non	non pertinent	oui endpoint	bonne	non	non
Prédictions API isolées	/predictions?fixture=1379344	response[].teams.away.league.failed_to_score.home	int	4	oui si disponible	non	non pertinent	oui endpoint	bonne	non	non
Prédictions API isolées	/predictions?fixture=1379344	response[].teams.away.league.failed_to_score.total	int	10	oui si disponible	non	non pertinent	oui endpoint	bonne	non	non
Prédictions API isolées	/predictions?fixture=1379344	response[].teams.away.league.fixtures.draws.away	int	6	oui si disponible	non	non pertinent	oui endpoint	bonne	non	non
Prédictions API isolées	/predictions?fixture=1379344	response[].teams.away.league.fixtures.draws.home	int	2	oui si disponible	non	non pertinent	oui endpoint	bonne	non	non
Prédictions API isolées	/predictions?fixture=1379344	response[].teams.away.league.fixtures.draws.total	int	8	oui si disponible	non	non pertinent	oui endpoint	bonne	non	non
Prédictions API isolées	/predictions?fixture=1379344	response[].teams.away.league.fixtures.loses.away	int	6	oui si disponible	non	non pertinent	oui endpoint	bonne	non	non
Prédictions API isolées	/predictions?fixture=1379344	response[].teams.away.league.fixtures.loses.home	int	5	oui si disponible	non	non pertinent	oui endpoint	bonne	non	non
Prédictions API isolées	/predictions?fixture=1379344	response[].teams.away.league.fixtures.loses.total	int	11	oui si disponible	non	non pertinent	oui endpoint	bonne	non	non
Prédictions API isolées	/predictions?fixture=1379344	response[].teams.away.league.fixtures.played.away	int	18	oui si disponible	non	non pertinent	oui endpoint	bonne	non	non
Prédictions API isolées	/predictions?fixture=1379344	response[].teams.away.league.fixtures.played.home	int	19	oui si disponible	non	non pertinent	oui endpoint	bonne	non	non
Prédictions API isolées	/predictions?fixture=1379344	response[].teams.away.league.fixtures.played.total	int	37	oui si disponible	non	non pertinent	oui endpoint	bonne	non	non
Prédictions API isolées	/predictions?fixture=1379344	response[].teams.away.league.fixtures.wins.away	int	6	oui si disponible	non	non pertinent	oui endpoint	bonne	non	non
Prédictions API isolées	/predictions?fixture=1379344	response[].teams.away.league.fixtures.wins.home	int	12	oui si disponible	non	non pertinent	oui endpoint	bonne	non	non
Prédictions API isolées	/predictions?fixture=1379344	response[].teams.away.league.fixtures.wins.total	int	18	oui si disponible	non	non pertinent	oui endpoint	bonne	non	non
Prédictions API isolées	/predictions?fixture=1379344	response[].teams.away.league.form	str	DLLDDWWWWLWWWWWWWWLWDLWLDWDLLLWDWLLDW	oui si disponible	non	non pertinent	oui endpoint	bonne	non	non
Prédictions API isolées	/predictions?fixture=1379344	response[].teams.away.league.goals.against.average.away	str	1.4	oui si disponible	non	non pertinent	oui endpoint	bonne	non	non
Prédictions API isolées	/predictions?fixture=1379344	response[].teams.away.league.goals.against.average.home	str	1.2	oui si disponible	non	non pertinent	oui endpoint	bonne	non	non
Prédictions API isolées	/predictions?fixture=1379344	response[].teams.away.league.goals.against.average.total	str	1.3	oui si disponible	non	non pertinent	oui endpoint	bonne	non	non
Prédictions API isolées	/predictions?fixture=1379344	response[].teams.away.league.goals.against.minute.0-15.percentage	str	20.00%	oui si disponible	non	non pertinent	oui endpoint	bonne	non	non
Prédictions API isolées	/predictions?fixture=1379344	response[].teams.away.league.goals.against.minute.0-15.total	int	10	oui si disponible	non	non pertinent	oui endpoint	bonne	non	non
Prédictions API isolées	/predictions?fixture=1379344	response[].teams.away.league.goals.against.minute.106-120.percentage	null		oui si disponible	non	non pertinent	oui endpoint	bonne	non	non
Prédictions API isolées	/predictions?fixture=1379344	response[].teams.away.league.goals.against.minute.106-120.total	null		oui si disponible	non	non pertinent	oui endpoint	bonne	non	non
Prédictions API isolées	/predictions?fixture=1379344	response[].teams.away.league.goals.against.minute.16-30.percentage	str	8.00%	oui si disponible	non	non pertinent	oui endpoint	bonne	non	non
Prédictions API isolées	/predictions?fixture=1379344	response[].teams.away.league.goals.against.minute.16-30.total	int	4	oui si disponible	non	non pertinent	oui endpoint	bonne	non	non
Prédictions API isolées	/predictions?fixture=1379344	response[].teams.away.league.goals.against.minute.31-45.percentage	str	18.00%	oui si disponible	non	non pertinent	oui endpoint	bonne	non	non
Prédictions API isolées	/predictions?fixture=1379344	response[].teams.away.league.goals.against.minute.31-45.total	int	9	oui si disponible	non	non pertinent	oui endpoint	bonne	non	non
Prédictions API isolées	/predictions?fixture=1379344	response[].teams.away.league.goals.against.minute.46-60.percentage	str	20.00%	oui si disponible	non	non pertinent	oui endpoint	bonne	non	non
Prédictions API isolées	/predictions?fixture=1379344	response[].teams.away.league.goals.against.minute.46-60.total	int	10	oui si disponible	non	non pertinent	oui endpoint	bonne	non	non
Prédictions API isolées	/predictions?fixture=1379344	response[].teams.away.league.goals.against.minute.61-75.percentage	str	14.00%	oui si disponible	non	non pertinent	oui endpoint	bonne	non	non
Prédictions API isolées	/predictions?fixture=1379344	response[].teams.away.league.goals.against.minute.61-75.total	int	7	oui si disponible	non	non pertinent	oui endpoint	bonne	non	non
Prédictions API isolées	/predictions?fixture=1379344	response[].teams.away.league.goals.against.minute.76-90.percentage	str	20.00%	oui si disponible	non	non pertinent	oui endpoint	bonne	non	non
Prédictions API isolées	/predictions?fixture=1379344	response[].teams.away.league.goals.against.minute.76-90.total	int	10	oui si disponible	non	non pertinent	oui endpoint	bonne	non	non
Prédictions API isolées	/predictions?fixture=1379344	response[].teams.away.league.goals.against.minute.91-105.percentage	null		oui si disponible	non	non pertinent	oui endpoint	bonne	non	non
Prédictions API isolées	/predictions?fixture=1379344	response[].teams.away.league.goals.against.minute.91-105.total	null		oui si disponible	non	non pertinent	oui endpoint	bonne	non	non
Prédictions API isolées	/predictions?fixture=1379344	response[].teams.away.league.goals.against.total.away	int	26	oui si disponible	non	non pertinent	oui endpoint	bonne	non	non
Prédictions API isolées	/predictions?fixture=1379344	response[].teams.away.league.goals.against.total.home	int	22	oui si disponible	non	non pertinent	oui endpoint	bonne	non	non
Prédictions API isolées	/predictions?fixture=1379344	response[].teams.away.league.goals.against.total.total	int	48	oui si disponible	non	non pertinent	oui endpoint	bonne	non	non
Prédictions API isolées	/predictions?fixture=1379344	response[].teams.away.league.goals.against.under_over.0.5.over	int	28	oui si disponible	non	non pertinent	oui endpoint	bonne	non	non
Prédictions API isolées	/predictions?fixture=1379344	response[].teams.away.league.goals.against.under_over.0.5.under	int	9	oui si disponible	non	non pertinent	oui endpoint	bonne	non	non
Prédictions API isolées	/predictions?fixture=1379344	response[].teams.away.league.goals.against.under_over.1.5.over	int	12	oui si disponible	non	non pertinent	oui endpoint	bonne	non	non
Prédictions API isolées	/predictions?fixture=1379344	response[].teams.away.league.goals.against.under_over.1.5.under	int	25	oui si disponible	non	non pertinent	oui endpoint	bonne	non	non
Prédictions API isolées	/predictions?fixture=1379344	response[].teams.away.league.goals.against.under_over.2.5.over	int	6	oui si disponible	non	non pertinent	oui endpoint	bonne	non	non
Prédictions API isolées	/predictions?fixture=1379344	response[].teams.away.league.goals.against.under_over.2.5.under	int	31	oui si disponible	non	non pertinent	oui endpoint	bonne	non	non
Prédictions API isolées	/predictions?fixture=1379344	response[].teams.away.league.goals.against.under_over.3.5.over	int	2	oui si disponible	non	non pertinent	oui endpoint	bonne	non	non
Prédictions API isolées	/predictions?fixture=1379344	response[].teams.away.league.goals.against.under_over.3.5.under	int	35	oui si disponible	non	non pertinent	oui endpoint	bonne	non	non
Prédictions API isolées	/predictions?fixture=1379344	response[].teams.away.league.goals.against.under_over.4.5.over	int	0	oui si disponible	non	non pertinent	oui endpoint	bonne	non	non
Prédictions API isolées	/predictions?fixture=1379344	response[].teams.away.league.goals.against.under_over.4.5.under	int	37	oui si disponible	non	non pertinent	oui endpoint	bonne	non	non
Prédictions API isolées	/predictions?fixture=1379344	response[].teams.away.league.goals.for.average.away	str	1.2	oui si disponible	non	non pertinent	oui endpoint	bonne	non	non
Prédictions API isolées	/predictions?fixture=1379344	response[].teams.away.league.goals.for.average.home	str	1.7	oui si disponible	non	non pertinent	oui endpoint	bonne	non	non
Prédictions API isolées	/predictions?fixture=1379344	response[].teams.away.league.goals.for.average.total	str	1.5	oui si disponible	non	non pertinent	oui endpoint	bonne	non	non
Prédictions API isolées	/predictions?fixture=1379344	response[].teams.away.league.goals.for.minute.0-15.percentage	str	5.77%	oui si disponible	non	non pertinent	oui endpoint	bonne	non	non
Prédictions API isolées	/predictions?fixture=1379344	response[].teams.away.league.goals.for.minute.0-15.total	int	3	oui si disponible	non	non pertinent	oui endpoint	bonne	non	non
Prédictions API isolées	/predictions?fixture=1379344	response[].teams.away.league.goals.for.minute.106-120.percentage	null		oui si disponible	non	non pertinent	oui endpoint	bonne	non	non
Prédictions API isolées	/predictions?fixture=1379344	response[].teams.away.league.goals.for.minute.106-120.total	null		oui si disponible	non	non pertinent	oui endpoint	bonne	non	non
Prédictions API isolées	/predictions?fixture=1379344	response[].teams.away.league.goals.for.minute.16-30.percentage	str	11.54%	oui si disponible	non	non pertinent	oui endpoint	bonne	non	non
Prédictions API isolées	/predictions?fixture=1379344	response[].teams.away.league.goals.for.minute.16-30.total	int	6	oui si disponible	non	non pertinent	oui endpoint	bonne	non	non
Prédictions API isolées	/predictions?fixture=1379344	response[].teams.away.league.goals.for.minute.31-45.percentage	str	21.15%	oui si disponible	non	non pertinent	oui endpoint	bonne	non	non
Prédictions API isolées	/predictions?fixture=1379344	response[].teams.away.league.goals.for.minute.31-45.total	int	11	oui si disponible	non	non pertinent	oui endpoint	bonne	non	non
Prédictions API isolées	/predictions?fixture=1379344	response[].teams.away.league.goals.for.minute.46-60.percentage	str	19.23%	oui si disponible	non	non pertinent	oui endpoint	bonne	non	non
Prédictions API isolées	/predictions?fixture=1379344	response[].teams.away.league.goals.for.minute.46-60.total	int	10	oui si disponible	non	non pertinent	oui endpoint	bonne	non	non
Prédictions API isolées	/predictions?fixture=1379344	response[].teams.away.league.goals.for.minute.61-75.percentage	str	17.31%	oui si disponible	non	non pertinent	oui endpoint	bonne	non	non
Prédictions API isolées	/predictions?fixture=1379344	response[].teams.away.league.goals.for.minute.61-75.total	int	9	oui si disponible	non	non pertinent	oui endpoint	bonne	non	non
Prédictions API isolées	/predictions?fixture=1379344	response[].teams.away.league.goals.for.minute.76-90.percentage	str	25.00%	oui si disponible	non	non pertinent	oui endpoint	bonne	non	non
Prédictions API isolées	/predictions?fixture=1379344	response[].teams.away.league.goals.for.minute.76-90.total	int	13	oui si disponible	non	non pertinent	oui endpoint	bonne	non	non
Prédictions API isolées	/predictions?fixture=1379344	response[].teams.away.league.goals.for.minute.91-105.percentage	null		oui si disponible	non	non pertinent	oui endpoint	bonne	non	non
Prédictions API isolées	/predictions?fixture=1379344	response[].teams.away.league.goals.for.minute.91-105.total	null		oui si disponible	non	non pertinent	oui endpoint	bonne	non	non
Prédictions API isolées	/predictions?fixture=1379344	response[].teams.away.league.goals.for.total.away	int	22	oui si disponible	non	non pertinent	oui endpoint	bonne	non	non
Prédictions API isolées	/predictions?fixture=1379344	response[].teams.away.league.goals.for.total.home	int	32	oui si disponible	non	non pertinent	oui endpoint	bonne	non	non
Prédictions API isolées	/predictions?fixture=1379344	response[].teams.away.league.goals.for.total.total	int	54	oui si disponible	non	non pertinent	oui endpoint	bonne	non	non
Prédictions API isolées	/predictions?fixture=1379344	response[].teams.away.league.goals.for.under_over.0.5.over	int	27	oui si disponible	non	non pertinent	oui endpoint	bonne	non	non
Prédictions API isolées	/predictions?fixture=1379344	response[].teams.away.league.goals.for.under_over.0.5.under	int	10	oui si disponible	non	non pertinent	oui endpoint	bonne	non	non
Prédictions API isolées	/predictions?fixture=1379344	response[].teams.away.league.goals.for.under_over.1.5.over	int	16	oui si disponible	non	non pertinent	oui endpoint	bonne	non	non
Prédictions API isolées	/predictions?fixture=1379344	response[].teams.away.league.goals.for.under_over.1.5.under	int	21	oui si disponible	non	non pertinent	oui endpoint	bonne	non	non
Prédictions API isolées	/predictions?fixture=1379344	response[].teams.away.league.goals.for.under_over.2.5.over	int	7	oui si disponible	non	non pertinent	oui endpoint	bonne	non	non
Prédictions API isolées	/predictions?fixture=1379344	response[].teams.away.league.goals.for.under_over.2.5.under	int	30	oui si disponible	non	non pertinent	oui endpoint	bonne	non	non
Prédictions API isolées	/predictions?fixture=1379344	response[].teams.away.league.goals.for.under_over.3.5.over	int	4	oui si disponible	non	non pertinent	oui endpoint	bonne	non	non
Prédictions API isolées	/predictions?fixture=1379344	response[].teams.away.league.goals.for.under_over.3.5.under	int	33	oui si disponible	non	non pertinent	oui endpoint	bonne	non	non
Prédictions API isolées	/predictions?fixture=1379344	response[].teams.away.league.goals.for.under_over.4.5.over	int	0	oui si disponible	non	non pertinent	oui endpoint	bonne	non	non
Prédictions API isolées	/predictions?fixture=1379344	response[].teams.away.league.goals.for.under_over.4.5.under	int	37	oui si disponible	non	non pertinent	oui endpoint	bonne	non	non
Prédictions API isolées	/predictions?fixture=1379344	response[].teams.away.league.lineups[].formation	str	4-2-3-1	oui si disponible	non	non pertinent	oui endpoint	bonne	non	non
Prédictions API isolées	/predictions?fixture=1379344	response[].teams.away.league.lineups[].played	int	33	oui si disponible	non	non pertinent	oui endpoint	bonne	non	non
Prédictions API isolées	/predictions?fixture=1379344	response[].teams.away.league.penalty.missed.percentage	str	0%	oui si disponible	non	non pertinent	oui endpoint	bonne	non	non
Prédictions API isolées	/predictions?fixture=1379344	response[].teams.away.league.penalty.missed.total	int	0	oui si disponible	non	non pertinent	oui endpoint	bonne	non	non
Prédictions API isolées	/predictions?fixture=1379344	response[].teams.away.league.penalty.scored.percentage	str	0%	oui si disponible	non	non pertinent	oui endpoint	bonne	non	non
Prédictions API isolées	/predictions?fixture=1379344	response[].teams.away.league.penalty.scored.total	int	0	oui si disponible	non	non pertinent	oui endpoint	bonne	non	non
Prédictions API isolées	/predictions?fixture=1379344	response[].teams.away.league.penalty.total	int	0	oui si disponible	non	non pertinent	oui endpoint	bonne	non	non
Prédictions API isolées	/predictions?fixture=1379344	response[].teams.away.logo	str	https://media.api-sports.io/football/teams/66.png	oui si disponible	non	non pertinent	oui endpoint	bonne	oui	oui
Prédictions API isolées	/predictions?fixture=1379344	response[].teams.away.name	str	Aston Villa	oui si disponible	non	non pertinent	oui endpoint	bonne	oui	oui
Prédictions API isolées	/predictions?fixture=1379344	response[].teams.home.id	int	50	oui si disponible	non	non pertinent	oui endpoint	bonne	oui	oui
Prédictions API isolées	/predictions?fixture=1379344	response[].teams.home.last_5.att	str	92%	oui si disponible	non	non pertinent	oui endpoint	bonne	non	non
Prédictions API isolées	/predictions?fixture=1379344	response[].teams.home.last_5.def	str	67%	oui si disponible	non	non pertinent	oui endpoint	bonne	non	non
Prédictions API isolées	/predictions?fixture=1379344	response[].teams.home.last_5.form	str	73%	oui si disponible	non	non pertinent	oui endpoint	bonne	non	non
Prédictions API isolées	/predictions?fixture=1379344	response[].teams.home.last_5.goals.against.average	str	0.8	oui si disponible	non	non pertinent	oui endpoint	bonne	non	non
Prédictions API isolées	/predictions?fixture=1379344	response[].teams.home.last_5.goals.against.total	int	4	oui si disponible	non	non pertinent	oui endpoint	bonne	non	non
Prédictions API isolées	/predictions?fixture=1379344	response[].teams.home.last_5.goals.for.average	str	2.2	oui si disponible	non	non pertinent	oui endpoint	bonne	non	non
Prédictions API isolées	/predictions?fixture=1379344	response[].teams.home.last_5.goals.for.total	int	11	oui si disponible	non	non pertinent	oui endpoint	bonne	non	non
Prédictions API isolées	/predictions?fixture=1379344	response[].teams.home.last_5.played	int	5	oui si disponible	non	non pertinent	oui endpoint	bonne	non	non
Prédictions API isolées	/predictions?fixture=1379344	response[].teams.home.league.biggest.goals.against.away	int	4	oui si disponible	non	non pertinent	oui endpoint	bonne	non	non
Prédictions API isolées	/predictions?fixture=1379344	response[].teams.home.league.biggest.goals.against.home	int	2	oui si disponible	non	non pertinent	oui endpoint	bonne	non	non
Prédictions API isolées	/predictions?fixture=1379344	response[].teams.home.league.biggest.goals.for.away	int	5	oui si disponible	non	non pertinent	oui endpoint	bonne	non	non
Prédictions API isolées	/predictions?fixture=1379344	response[].teams.home.league.biggest.goals.for.home	int	5	oui si disponible	non	non pertinent	oui endpoint	bonne	non	non
Prédictions API isolées	/predictions?fixture=1379344	response[].teams.home.league.biggest.loses.away	str	2-0	oui si disponible	non	non pertinent	oui endpoint	bonne	non	non
Prédictions API isolées	/predictions?fixture=1379344	response[].teams.home.league.biggest.loses.home	str	0-2	oui si disponible	non	non pertinent	oui endpoint	bonne	non	non
Prédictions API isolées	/predictions?fixture=1379344	response[].teams.home.league.biggest.streak.draws	int	3	oui si disponible	non	non pertinent	oui endpoint	bonne	non	non
Prédictions API isolées	/predictions?fixture=1379344	response[].teams.home.league.biggest.streak.loses	int	2	oui si disponible	non	non pertinent	oui endpoint	bonne	non	non
Prédictions API isolées	/predictions?fixture=1379344	response[].teams.home.league.biggest.streak.wins	int	6	oui si disponible	non	non pertinent	oui endpoint	bonne	non	non
Prédictions API isolées	/predictions?fixture=1379344	response[].teams.home.league.biggest.wins.away	str	0-4	oui si disponible	non	non pertinent	oui endpoint	bonne	non	non
Prédictions API isolées	/predictions?fixture=1379344	response[].teams.home.league.biggest.wins.home	str	5-1	oui si disponible	non	non pertinent	oui endpoint	bonne	non	non
Prédictions API isolées	/predictions?fixture=1379344	response[].teams.home.league.cards.red.0-15.percentage	null		oui si disponible	non	non pertinent	oui endpoint	bonne	non	non
Prédictions API isolées	/predictions?fixture=1379344	response[].teams.home.league.cards.red.0-15.total	null		oui si disponible	non	non pertinent	oui endpoint	bonne	non	non
Prédictions API isolées	/predictions?fixture=1379344	response[].teams.home.league.cards.red.106-120.percentage	null		oui si disponible	non	non pertinent	oui endpoint	bonne	non	non
Prédictions API isolées	/predictions?fixture=1379344	response[].teams.home.league.cards.red.106-120.total	null		oui si disponible	non	non pertinent	oui endpoint	bonne	non	non
Prédictions API isolées	/predictions?fixture=1379344	response[].teams.home.league.cards.red.16-30.percentage	null		oui si disponible	non	non pertinent	oui endpoint	bonne	non	non
Prédictions API isolées	/predictions?fixture=1379344	response[].teams.home.league.cards.red.16-30.total	null		oui si disponible	non	non pertinent	oui endpoint	bonne	non	non
Prédictions API isolées	/predictions?fixture=1379344	response[].teams.home.league.cards.red.31-45.percentage	null		oui si disponible	non	non pertinent	oui endpoint	bonne	non	non
Prédictions API isolées	/predictions?fixture=1379344	response[].teams.home.league.cards.red.31-45.total	null		oui si disponible	non	non pertinent	oui endpoint	bonne	non	non
Prédictions API isolées	/predictions?fixture=1379344	response[].teams.home.league.cards.red.46-60.percentage	null		oui si disponible	non	non pertinent	oui endpoint	bonne	non	non
Prédictions API isolées	/predictions?fixture=1379344	response[].teams.home.league.cards.red.46-60.total	null		oui si disponible	non	non pertinent	oui endpoint	bonne	non	non
Prédictions API isolées	/predictions?fixture=1379344	response[].teams.home.league.cards.red.61-75.percentage	null		oui si disponible	non	non pertinent	oui endpoint	bonne	non	non
Prédictions API isolées	/predictions?fixture=1379344	response[].teams.home.league.cards.red.61-75.total	null		oui si disponible	non	non pertinent	oui endpoint	bonne	non	non
Prédictions API isolées	/predictions?fixture=1379344	response[].teams.home.league.cards.red.76-90.percentage	null		oui si disponible	non	non pertinent	oui endpoint	bonne	non	non
Prédictions API isolées	/predictions?fixture=1379344	response[].teams.home.league.cards.red.76-90.total	null		oui si disponible	non	non pertinent	oui endpoint	bonne	non	non
Prédictions API isolées	/predictions?fixture=1379344	response[].teams.home.league.cards.red.91-105.percentage	null		oui si disponible	non	non pertinent	oui endpoint	bonne	non	non
Prédictions API isolées	/predictions?fixture=1379344	response[].teams.home.league.cards.red.91-105.total	null		oui si disponible	non	non pertinent	oui endpoint	bonne	non	non
Prédictions API isolées	/predictions?fixture=1379344	response[].teams.home.league.cards.yellow..percentage	str	1.52%	oui si disponible	non	non pertinent	oui endpoint	bonne	non	non
Prédictions API isolées	/predictions?fixture=1379344	response[].teams.home.league.cards.yellow..total	int	1	oui si disponible	non	non pertinent	oui endpoint	bonne	non	non
Prédictions API isolées	/predictions?fixture=1379344	response[].teams.home.league.cards.yellow.0-15.percentage	str	1.52%	oui si disponible	non	non pertinent	oui endpoint	bonne	non	non
Prédictions API isolées	/predictions?fixture=1379344	response[].teams.home.league.cards.yellow.0-15.total	int	1	oui si disponible	non	non pertinent	oui endpoint	bonne	non	non
Prédictions API isolées	/predictions?fixture=1379344	response[].teams.home.league.cards.yellow.106-120.percentage	null		oui si disponible	non	non pertinent	oui endpoint	bonne	non	non
Prédictions API isolées	/predictions?fixture=1379344	response[].teams.home.league.cards.yellow.106-120.total	null		oui si disponible	non	non pertinent	oui endpoint	bonne	non	non
Prédictions API isolées	/predictions?fixture=1379344	response[].teams.home.league.cards.yellow.16-30.percentage	str	6.06%	oui si disponible	non	non pertinent	oui endpoint	bonne	non	non
Prédictions API isolées	/predictions?fixture=1379344	response[].teams.home.league.cards.yellow.16-30.total	int	4	oui si disponible	non	non pertinent	oui endpoint	bonne	non	non
Prédictions API isolées	/predictions?fixture=1379344	response[].teams.home.league.cards.yellow.31-45.percentage	str	16.67%	oui si disponible	non	non pertinent	oui endpoint	bonne	non	non
Prédictions API isolées	/predictions?fixture=1379344	response[].teams.home.league.cards.yellow.31-45.total	int	11	oui si disponible	non	non pertinent	oui endpoint	bonne	non	non
Prédictions API isolées	/predictions?fixture=1379344	response[].teams.home.league.cards.yellow.46-60.percentage	str	19.70%	oui si disponible	non	non pertinent	oui endpoint	bonne	non	non
Prédictions API isolées	/predictions?fixture=1379344	response[].teams.home.league.cards.yellow.46-60.total	int	13	oui si disponible	non	non pertinent	oui endpoint	bonne	non	non
Prédictions API isolées	/predictions?fixture=1379344	response[].teams.home.league.cards.yellow.61-75.percentage	str	18.18%	oui si disponible	non	non pertinent	oui endpoint	bonne	non	non
Prédictions API isolées	/predictions?fixture=1379344	response[].teams.home.league.cards.yellow.61-75.total	int	12	oui si disponible	non	non pertinent	oui endpoint	bonne	non	non
Prédictions API isolées	/predictions?fixture=1379344	response[].teams.home.league.cards.yellow.76-90.percentage	str	19.70%	oui si disponible	non	non pertinent	oui endpoint	bonne	non	non
Prédictions API isolées	/predictions?fixture=1379344	response[].teams.home.league.cards.yellow.76-90.total	int	13	oui si disponible	non	non pertinent	oui endpoint	bonne	non	non
Prédictions API isolées	/predictions?fixture=1379344	response[].teams.home.league.cards.yellow.91-105.percentage	str	16.67%	oui si disponible	non	non pertinent	oui endpoint	bonne	non	non
Prédictions API isolées	/predictions?fixture=1379344	response[].teams.home.league.cards.yellow.91-105.total	int	11	oui si disponible	non	non pertinent	oui endpoint	bonne	non	non
Prédictions API isolées	/predictions?fixture=1379344	response[].teams.home.league.clean_sheet.away	int	7	oui si disponible	non	non pertinent	oui endpoint	bonne	non	non
Prédictions API isolées	/predictions?fixture=1379344	response[].teams.home.league.clean_sheet.home	int	9	oui si disponible	non	non pertinent	oui endpoint	bonne	non	non
Prédictions API isolées	/predictions?fixture=1379344	response[].teams.home.league.clean_sheet.total	int	16	oui si disponible	non	non pertinent	oui endpoint	bonne	non	non
Prédictions API isolées	/predictions?fixture=1379344	response[].teams.home.league.failed_to_score.away	int	3	oui si disponible	non	non pertinent	oui endpoint	bonne	non	non
Prédictions API isolées	/predictions?fixture=1379344	response[].teams.home.league.failed_to_score.home	int	1	oui si disponible	non	non pertinent	oui endpoint	bonne	non	non
Prédictions API isolées	/predictions?fixture=1379344	response[].teams.home.league.failed_to_score.total	int	4	oui si disponible	non	non pertinent	oui endpoint	bonne	non	non
Prédictions API isolées	/predictions?fixture=1379344	response[].teams.home.league.fixtures.draws.away	int	6	oui si disponible	non	non pertinent	oui endpoint	bonne	non	non
Prédictions API isolées	/predictions?fixture=1379344	response[].teams.home.league.fixtures.draws.home	int	3	oui si disponible	non	non pertinent	oui endpoint	bonne	non	non
Prédictions API isolées	/predictions?fixture=1379344	response[].teams.home.league.fixtures.draws.total	int	9	oui si disponible	non	non pertinent	oui endpoint	bonne	non	non
Prédictions API isolées	/predictions?fixture=1379344	response[].teams.home.league.fixtures.loses.away	int	4	oui si disponible	non	non pertinent	oui endpoint	bonne	non	non
Prédictions API isolées	/predictions?fixture=1379344	response[].teams.home.league.fixtures.loses.home	int	1	oui si disponible	non	non pertinent	oui endpoint	bonne	non	non
Prédictions API isolées	/predictions?fixture=1379344	response[].teams.home.league.fixtures.loses.total	int	5	oui si disponible	non	non pertinent	oui endpoint	bonne	non	non
Prédictions API isolées	/predictions?fixture=1379344	response[].teams.home.league.fixtures.played.away	int	19	oui si disponible	non	non pertinent	oui endpoint	bonne	non	non
Prédictions API isolées	/predictions?fixture=1379344	response[].teams.home.league.fixtures.played.home	int	18	oui si disponible	non	non pertinent	oui endpoint	bonne	non	non
Prédictions API isolées	/predictions?fixture=1379344	response[].teams.home.league.fixtures.played.total	int	37	oui si disponible	non	non pertinent	oui endpoint	bonne	non	non
Prédictions API isolées	/predictions?fixture=1379344	response[].teams.home.league.fixtures.wins.away	int	9	oui si disponible	non	non pertinent	oui endpoint	bonne	non	non
Prédictions API isolées	/predictions?fixture=1379344	response[].teams.home.league.fixtures.wins.home	int	14	oui si disponible	non	non pertinent	oui endpoint	bonne	non	non
Prédictions API isolées	/predictions?fixture=1379344	response[].teams.home.league.fixtures.wins.total	int	23	oui si disponible	non	non pertinent	oui endpoint	bonne	non	non
Prédictions API isolées	/predictions?fixture=1379344	response[].teams.home.league.form	str	WLLWDWWWLWWLWWWWWWDDDLWDWWWWDDWWWDWWD	oui si disponible	non	non pertinent	oui endpoint	bonne	non	non
Prédictions API isolées	/predictions?fixture=1379344	response[].teams.home.league.goals.against.average.away	str	1.1	oui si disponible	non	non pertinent	oui endpoint	bonne	non	non
Prédictions API isolées	/predictions?fixture=1379344	response[].teams.home.league.goals.against.average.home	str	0.7	oui si disponible	non	non pertinent	oui endpoint	bonne	non	non
Prédictions API isolées	/predictions?fixture=1379344	response[].teams.home.league.goals.against.average.total	str	0.9	oui si disponible	non	non pertinent	oui endpoint	bonne	non	non
Prédictions API isolées	/predictions?fixture=1379344	response[].teams.home.league.goals.against.minute.0-15.percentage	str	2.78%	oui si disponible	non	non pertinent	oui endpoint	bonne	non	non
Prédictions API isolées	/predictions?fixture=1379344	response[].teams.home.league.goals.against.minute.0-15.total	int	1	oui si disponible	non	non pertinent	oui endpoint	bonne	non	non
Prédictions API isolées	/predictions?fixture=1379344	response[].teams.home.league.goals.against.minute.106-120.percentage	null		oui si disponible	non	non pertinent	oui endpoint	bonne	non	non
Prédictions API isolées	/predictions?fixture=1379344	response[].teams.home.league.goals.against.minute.106-120.total	null		oui si disponible	non	non pertinent	oui endpoint	bonne	non	non
Prédictions API isolées	/predictions?fixture=1379344	response[].teams.home.league.goals.against.minute.16-30.percentage	str	11.11%	oui si disponible	non	non pertinent	oui endpoint	bonne	non	non
Prédictions API isolées	/predictions?fixture=1379344	response[].teams.home.league.goals.against.minute.16-30.total	int	4	oui si disponible	non	non pertinent	oui endpoint	bonne	non	non
Prédictions API isolées	/predictions?fixture=1379344	response[].teams.home.league.goals.against.minute.31-45.percentage	str	16.67%	oui si disponible	non	non pertinent	oui endpoint	bonne	non	non
Prédictions API isolées	/predictions?fixture=1379344	response[].teams.home.league.goals.against.minute.31-45.total	int	6	oui si disponible	non	non pertinent	oui endpoint	bonne	non	non
Prédictions API isolées	/predictions?fixture=1379344	response[].teams.home.league.goals.against.minute.46-60.percentage	str	19.44%	oui si disponible	non	non pertinent	oui endpoint	bonne	non	non
Prédictions API isolées	/predictions?fixture=1379344	response[].teams.home.league.goals.against.minute.46-60.total	int	7	oui si disponible	non	non pertinent	oui endpoint	bonne	non	non
Prédictions API isolées	/predictions?fixture=1379344	response[].teams.home.league.goals.against.minute.61-75.percentage	str	30.56%	oui si disponible	non	non pertinent	oui endpoint	bonne	non	non
Prédictions API isolées	/predictions?fixture=1379344	response[].teams.home.league.goals.against.minute.61-75.total	int	11	oui si disponible	non	non pertinent	oui endpoint	bonne	non	non
Prédictions API isolées	/predictions?fixture=1379344	response[].teams.home.league.goals.against.minute.76-90.percentage	str	19.44%	oui si disponible	non	non pertinent	oui endpoint	bonne	non	non
Prédictions API isolées	/predictions?fixture=1379344	response[].teams.home.league.goals.against.minute.76-90.total	int	7	oui si disponible	non	non pertinent	oui endpoint	bonne	non	non
Prédictions API isolées	/predictions?fixture=1379344	response[].teams.home.league.goals.against.minute.91-105.percentage	null		oui si disponible	non	non pertinent	oui endpoint	bonne	non	non
Prédictions API isolées	/predictions?fixture=1379344	response[].teams.home.league.goals.against.minute.91-105.total	null		oui si disponible	non	non pertinent	oui endpoint	bonne	non	non
Prédictions API isolées	/predictions?fixture=1379344	response[].teams.home.league.goals.against.total.away	int	21	oui si disponible	non	non pertinent	oui endpoint	bonne	non	non
Prédictions API isolées	/predictions?fixture=1379344	response[].teams.home.league.goals.against.total.home	int	12	oui si disponible	non	non pertinent	oui endpoint	bonne	non	non
Prédictions API isolées	/predictions?fixture=1379344	response[].teams.home.league.goals.against.total.total	int	33	oui si disponible	non	non pertinent	oui endpoint	bonne	non	non
Prédictions API isolées	/predictions?fixture=1379344	response[].teams.home.league.goals.against.under_over.0.5.over	int	21	oui si disponible	non	non pertinent	oui endpoint	bonne	non	non
Prédictions API isolées	/predictions?fixture=1379344	response[].teams.home.league.goals.against.under_over.0.5.under	int	16	oui si disponible	non	non pertinent	oui endpoint	bonne	non	non
Prédictions API isolées	/predictions?fixture=1379344	response[].teams.home.league.goals.against.under_over.1.5.over	int	9	oui si disponible	non	non pertinent	oui endpoint	bonne	non	non
Prédictions API isolées	/predictions?fixture=1379344	response[].teams.home.league.goals.against.under_over.1.5.under	int	28	oui si disponible	non	non pertinent	oui endpoint	bonne	non	non
Prédictions API isolées	/predictions?fixture=1379344	response[].teams.home.league.goals.against.under_over.2.5.over	int	2	oui si disponible	non	non pertinent	oui endpoint	bonne	non	non
Prédictions API isolées	/predictions?fixture=1379344	response[].teams.home.league.goals.against.under_over.2.5.under	int	35	oui si disponible	non	non pertinent	oui endpoint	bonne	non	non
Prédictions API isolées	/predictions?fixture=1379344	response[].teams.home.league.goals.against.under_over.3.5.over	int	1	oui si disponible	non	non pertinent	oui endpoint	bonne	non	non
Prédictions API isolées	/predictions?fixture=1379344	response[].teams.home.league.goals.against.under_over.3.5.under	int	36	oui si disponible	non	non pertinent	oui endpoint	bonne	non	non
Prédictions API isolées	/predictions?fixture=1379344	response[].teams.home.league.goals.against.under_over.4.5.over	int	0	oui si disponible	non	non pertinent	oui endpoint	bonne	non	non
Prédictions API isolées	/predictions?fixture=1379344	response[].teams.home.league.goals.against.under_over.4.5.under	int	37	oui si disponible	non	non pertinent	oui endpoint	bonne	non	non
Prédictions API isolées	/predictions?fixture=1379344	response[].teams.home.league.goals.for.average.away	str	1.7	oui si disponible	non	non pertinent	oui endpoint	bonne	non	non
Prédictions API isolées	/predictions?fixture=1379344	response[].teams.home.league.goals.for.average.home	str	2.4	oui si disponible	non	non pertinent	oui endpoint	bonne	non	non
Prédictions API isolées	/predictions?fixture=1379344	response[].teams.home.league.goals.for.average.total	str	2.1	oui si disponible	non	non pertinent	oui endpoint	bonne	non	non
Prédictions API isolées	/predictions?fixture=1379344	response[].teams.home.league.goals.for.minute.0-15.percentage	str	10.96%	oui si disponible	non	non pertinent	oui endpoint	bonne	non	non
Prédictions API isolées	/predictions?fixture=1379344	response[].teams.home.league.goals.for.minute.0-15.total	int	8	oui si disponible	non	non pertinent	oui endpoint	bonne	non	non
Prédictions API isolées	/predictions?fixture=1379344	response[].teams.home.league.goals.for.minute.106-120.percentage	null		oui si disponible	non	non pertinent	oui endpoint	bonne	non	non
Prédictions API isolées	/predictions?fixture=1379344	response[].teams.home.league.goals.for.minute.106-120.total	null		oui si disponible	non	non pertinent	oui endpoint	bonne	non	non
Prédictions API isolées	/predictions?fixture=1379344	response[].teams.home.league.goals.for.minute.16-30.percentage	str	12.33%	oui si disponible	non	non pertinent	oui endpoint	bonne	non	non
Prédictions API isolées	/predictions?fixture=1379344	response[].teams.home.league.goals.for.minute.16-30.total	int	9	oui si disponible	non	non pertinent	oui endpoint	bonne	non	non
Prédictions API isolées	/predictions?fixture=1379344	response[].teams.home.league.goals.for.minute.31-45.percentage	str	30.14%	oui si disponible	non	non pertinent	oui endpoint	bonne	non	non
Prédictions API isolées	/predictions?fixture=1379344	response[].teams.home.league.goals.for.minute.31-45.total	int	22	oui si disponible	non	non pertinent	oui endpoint	bonne	non	non
Prédictions API isolées	/predictions?fixture=1379344	response[].teams.home.league.goals.for.minute.46-60.percentage	str	10.96%	oui si disponible	non	non pertinent	oui endpoint	bonne	non	non
Prédictions API isolées	/predictions?fixture=1379344	response[].teams.home.league.goals.for.minute.46-60.total	int	8	oui si disponible	non	non pertinent	oui endpoint	bonne	non	non
Prédictions API isolées	/predictions?fixture=1379344	response[].teams.home.league.goals.for.minute.61-75.percentage	str	17.81%	oui si disponible	non	non pertinent	oui endpoint	bonne	non	non
Prédictions API isolées	/predictions?fixture=1379344	response[].teams.home.league.goals.for.minute.61-75.total	int	13	oui si disponible	non	non pertinent	oui endpoint	bonne	non	non
Prédictions API isolées	/predictions?fixture=1379344	response[].teams.home.league.goals.for.minute.76-90.percentage	str	17.81%	oui si disponible	non	non pertinent	oui endpoint	bonne	non	non
Prédictions API isolées	/predictions?fixture=1379344	response[].teams.home.league.goals.for.minute.76-90.total	int	13	oui si disponible	non	non pertinent	oui endpoint	bonne	non	non
Prédictions API isolées	/predictions?fixture=1379344	response[].teams.home.league.goals.for.minute.91-105.percentage	null		oui si disponible	non	non pertinent	oui endpoint	bonne	non	non
Prédictions API isolées	/predictions?fixture=1379344	response[].teams.home.league.goals.for.minute.91-105.total	null		oui si disponible	non	non pertinent	oui endpoint	bonne	non	non
Prédictions API isolées	/predictions?fixture=1379344	response[].teams.home.league.goals.for.total.away	int	32	oui si disponible	non	non pertinent	oui endpoint	bonne	non	non
Prédictions API isolées	/predictions?fixture=1379344	response[].teams.home.league.goals.for.total.home	int	44	oui si disponible	non	non pertinent	oui endpoint	bonne	non	non
Prédictions API isolées	/predictions?fixture=1379344	response[].teams.home.league.goals.for.total.total	int	76	oui si disponible	non	non pertinent	oui endpoint	bonne	non	non
Prédictions API isolées	/predictions?fixture=1379344	response[].teams.home.league.goals.for.under_over.0.5.over	int	33	oui si disponible	non	non pertinent	oui endpoint	bonne	non	non
Prédictions API isolées	/predictions?fixture=1379344	response[].teams.home.league.goals.for.under_over.0.5.under	int	4	oui si disponible	non	non pertinent	oui endpoint	bonne	non	non
Prédictions API isolées	/predictions?fixture=1379344	response[].teams.home.league.goals.for.under_over.1.5.over	int	23	oui si disponible	non	non pertinent	oui endpoint	bonne	non	non
Prédictions API isolées	/predictions?fixture=1379344	response[].teams.home.league.goals.for.under_over.1.5.under	int	14	oui si disponible	non	non pertinent	oui endpoint	bonne	non	non
Prédictions API isolées	/predictions?fixture=1379344	response[].teams.home.league.goals.for.under_over.2.5.over	int	15	oui si disponible	non	non pertinent	oui endpoint	bonne	non	non
Prédictions API isolées	/predictions?fixture=1379344	response[].teams.home.league.goals.for.under_over.2.5.under	int	22	oui si disponible	non	non pertinent	oui endpoint	bonne	non	non
Prédictions API isolées	/predictions?fixture=1379344	response[].teams.home.league.goals.for.under_over.3.5.over	int	3	oui si disponible	non	non pertinent	oui endpoint	bonne	non	non
Prédictions API isolées	/predictions?fixture=1379344	response[].teams.home.league.goals.for.under_over.3.5.under	int	34	oui si disponible	non	non pertinent	oui endpoint	bonne	non	non
Prédictions API isolées	/predictions?fixture=1379344	response[].teams.home.league.goals.for.under_over.4.5.over	int	2	oui si disponible	non	non pertinent	oui endpoint	bonne	non	non
Prédictions API isolées	/predictions?fixture=1379344	response[].teams.home.league.goals.for.under_over.4.5.under	int	35	oui si disponible	non	non pertinent	oui endpoint	bonne	non	non
Prédictions API isolées	/predictions?fixture=1379344	response[].teams.home.league.lineups[].formation	str	4-1-4-1	oui si disponible	non	non pertinent	oui endpoint	bonne	non	non
Prédictions API isolées	/predictions?fixture=1379344	response[].teams.home.league.lineups[].played	int	13	oui si disponible	non	non pertinent	oui endpoint	bonne	non	non
Prédictions API isolées	/predictions?fixture=1379344	response[].teams.home.league.penalty.missed.percentage	str	0%	oui si disponible	non	non pertinent	oui endpoint	bonne	non	non
Prédictions API isolées	/predictions?fixture=1379344	response[].teams.home.league.penalty.missed.total	int	0	oui si disponible	non	non pertinent	oui endpoint	bonne	non	non
Prédictions API isolées	/predictions?fixture=1379344	response[].teams.home.league.penalty.scored.percentage	str	100.00%	oui si disponible	non	non pertinent	oui endpoint	bonne	non	non
Prédictions API isolées	/predictions?fixture=1379344	response[].teams.home.league.penalty.scored.total	int	3	oui si disponible	non	non pertinent	oui endpoint	bonne	non	non
Prédictions API isolées	/predictions?fixture=1379344	response[].teams.home.league.penalty.total	int	3	oui si disponible	non	non pertinent	oui endpoint	bonne	non	non
Prédictions API isolées	/predictions?fixture=1379344	response[].teams.home.logo	str	https://media.api-sports.io/football/teams/50.png	oui si disponible	non	non pertinent	oui endpoint	bonne	oui	oui
Prédictions API isolées	/predictions?fixture=1379344	response[].teams.home.name	str	Manchester City	oui si disponible	non	non pertinent	oui endpoint	bonne	oui	oui
Prédictions API isolées	/predictions?fixture=1379344	results	int	1	oui si disponible	non	non pertinent	oui endpoint	bonne	non	non
Cotes pré-match	/odds?fixture=1379344	errors	array	[]	oui théorique	non	vide sur test	non vérifié/indisponible	vide sur cette requête	non	non
Cotes pré-match	/odds?fixture=1379344	get	str	odds	oui théorique	non	vide sur test	non vérifié/indisponible	vide sur cette requête	non	non
Cotes pré-match	/odds?fixture=1379344	paging.current	int	1	oui théorique	non	vide sur test	non vérifié/indisponible	vide sur cette requête	non	non
Cotes pré-match	/odds?fixture=1379344	paging.total	int	1	oui théorique	non	vide sur test	non vérifié/indisponible	vide sur cette requête	non	non
Cotes pré-match	/odds?fixture=1379344	parameters.fixture	str	1379344	oui théorique	non	vide sur test	non vérifié/indisponible	vide sur cette requête	non	non
Cotes pré-match	/odds?fixture=1379344	response	array	[]	oui théorique	non	vide sur test	non vérifié/indisponible	vide sur cette requête	non	non
Cotes pré-match	/odds?fixture=1379344	results	int	0	oui théorique	non	vide sur test	non vérifié/indisponible	vide sur cette requête	non	non
Cotes live	/odds/live?fixture=1379344	errors	array	[]	oui théorique	oui	vide sur test	non vérifié/indisponible	vide sur cette requête	non	non
Cotes live	/odds/live?fixture=1379344	get	str	odds/live	oui théorique	oui	vide sur test	non vérifié/indisponible	vide sur cette requête	non	non
Cotes live	/odds/live?fixture=1379344	paging.current	int	1	oui théorique	oui	vide sur test	non vérifié/indisponible	vide sur cette requête	non	non
Cotes live	/odds/live?fixture=1379344	paging.total	int	1	oui théorique	oui	vide sur test	non vérifié/indisponible	vide sur cette requête	non	non
Cotes live	/odds/live?fixture=1379344	parameters.fixture	str	1379344	oui théorique	oui	vide sur test	non vérifié/indisponible	vide sur cette requête	non	non
Cotes live	/odds/live?fixture=1379344	response	array	[]	oui théorique	oui	vide sur test	non vérifié/indisponible	vide sur cette requête	non	non
Cotes live	/odds/live?fixture=1379344	results	int	0	oui théorique	oui	vide sur test	non vérifié/indisponible	vide sur cette requête	non	non
Classement et hiérarchie	/standings?league=39&season=2025	errors	array	[]	oui	non	oui	oui	bonne	non	non
Classement et hiérarchie	/standings?league=39&season=2025	get	str	standings	oui	non	oui	oui	bonne	non	non
Classement et hiérarchie	/standings?league=39&season=2025	paging.current	int	1	oui	non	oui	oui	bonne	non	non
Classement et hiérarchie	/standings?league=39&season=2025	paging.total	int	1	oui	non	oui	oui	bonne	non	non
Classement et hiérarchie	/standings?league=39&season=2025	parameters.league	str	39	oui	non	oui	oui	bonne	non	non
Classement et hiérarchie	/standings?league=39&season=2025	parameters.season	str	2025	oui	non	oui	oui	bonne	non	non
Classement et hiérarchie	/standings?league=39&season=2025	response[].league.country	str	England	oui	non	oui	oui	bonne	oui	oui
Classement et hiérarchie	/standings?league=39&season=2025	response[].league.flag	str	https://media.api-sports.io/flags/gb-eng.svg	oui	non	oui	oui	bonne	oui	oui
Classement et hiérarchie	/standings?league=39&season=2025	response[].league.id	int	39	oui	non	oui	oui	bonne	oui	oui
Classement et hiérarchie	/standings?league=39&season=2025	response[].league.logo	str	https://media.api-sports.io/football/leagues/39.png	oui	non	oui	oui	bonne	oui	oui
Classement et hiérarchie	/standings?league=39&season=2025	response[].league.name	str	Premier League	oui	non	oui	oui	bonne	oui	oui
Classement et hiérarchie	/standings?league=39&season=2025	response[].league.season	int	2025	oui	non	oui	oui	bonne	oui	oui
Classement et hiérarchie	/standings?league=39&season=2025	response[].league.standings[][].all.draw	int	7	oui	non	oui	oui	bonne	oui	oui
Classement et hiérarchie	/standings?league=39&season=2025	response[].league.standings[][].all.goals.against	int	27	oui	non	oui	oui	bonne	oui	oui
Classement et hiérarchie	/standings?league=39&season=2025	response[].league.standings[][].all.goals.for	int	71	oui	non	oui	oui	bonne	oui	oui
Classement et hiérarchie	/standings?league=39&season=2025	response[].league.standings[][].all.lose	int	5	oui	non	oui	oui	bonne	oui	oui
Classement et hiérarchie	/standings?league=39&season=2025	response[].league.standings[][].all.played	int	38	oui	non	oui	oui	bonne	oui	oui
Classement et hiérarchie	/standings?league=39&season=2025	response[].league.standings[][].all.win	int	26	oui	non	oui	oui	bonne	oui	oui
Classement et hiérarchie	/standings?league=39&season=2025	response[].league.standings[][].away.draw	int	5	oui	non	oui	oui	bonne	non	non
Classement et hiérarchie	/standings?league=39&season=2025	response[].league.standings[][].away.goals.against	int	16	oui	non	oui	oui	bonne	non	non
Classement et hiérarchie	/standings?league=39&season=2025	response[].league.standings[][].away.goals.for	int	30	oui	non	oui	oui	bonne	non	non
Classement et hiérarchie	/standings?league=39&season=2025	response[].league.standings[][].away.lose	int	3	oui	non	oui	oui	bonne	non	non
Classement et hiérarchie	/standings?league=39&season=2025	response[].league.standings[][].away.played	int	19	oui	non	oui	oui	bonne	non	non
Classement et hiérarchie	/standings?league=39&season=2025	response[].league.standings[][].away.win	int	11	oui	non	oui	oui	bonne	non	non
Classement et hiérarchie	/standings?league=39&season=2025	response[].league.standings[][].description	str	Promotion - Champions League (League phase)	oui	non	oui	oui	bonne	non	non
Classement et hiérarchie	/standings?league=39&season=2025	response[].league.standings[][].form	str	WWWWW	oui	non	oui	oui	bonne	oui	oui
Classement et hiérarchie	/standings?league=39&season=2025	response[].league.standings[][].goalsDiff	int	44	oui	non	oui	oui	bonne	oui	oui
Classement et hiérarchie	/standings?league=39&season=2025	response[].league.standings[][].group	str	Premier League	oui	non	oui	oui	bonne	oui	non
Classement et hiérarchie	/standings?league=39&season=2025	response[].league.standings[][].home.draw	int	2	oui	non	oui	oui	bonne	non	non
Classement et hiérarchie	/standings?league=39&season=2025	response[].league.standings[][].home.goals.against	int	11	oui	non	oui	oui	bonne	non	non
Classement et hiérarchie	/standings?league=39&season=2025	response[].league.standings[][].home.goals.for	int	41	oui	non	oui	oui	bonne	non	non
Classement et hiérarchie	/standings?league=39&season=2025	response[].league.standings[][].home.lose	int	2	oui	non	oui	oui	bonne	non	non
Classement et hiérarchie	/standings?league=39&season=2025	response[].league.standings[][].home.played	int	19	oui	non	oui	oui	bonne	non	non
Classement et hiérarchie	/standings?league=39&season=2025	response[].league.standings[][].home.win	int	15	oui	non	oui	oui	bonne	non	non
Classement et hiérarchie	/standings?league=39&season=2025	response[].league.standings[][].points	int	85	oui	non	oui	oui	bonne	oui	oui
Classement et hiérarchie	/standings?league=39&season=2025	response[].league.standings[][].rank	int	1	oui	non	oui	oui	bonne	oui	oui
Classement et hiérarchie	/standings?league=39&season=2025	response[].league.standings[][].status	str	same	oui	non	oui	oui	bonne	non	non
Classement et hiérarchie	/standings?league=39&season=2025	response[].league.standings[][].team.id	int	42	oui	non	oui	oui	bonne	oui	oui
Classement et hiérarchie	/standings?league=39&season=2025	response[].league.standings[][].team.logo	str	https://media.api-sports.io/football/teams/42.png	oui	non	oui	oui	bonne	non	non
Classement et hiérarchie	/standings?league=39&season=2025	response[].league.standings[][].team.name	str	Arsenal	oui	non	oui	oui	bonne	oui	oui
Classement et hiérarchie	/standings?league=39&season=2025	response[].league.standings[][].update	str	2026-05-27T00:00:00+00:00	oui	non	oui	oui	bonne	non	non
Classement et hiérarchie	/standings?league=39&season=2025	results	int	1	oui	non	oui	oui	bonne	non	non
Statistiques de saison équipe domicile	/teams/statistics?league=39&season=2025&team=50	errors	array	[]	oui	non	oui	oui	bonne	non	non
Statistiques de saison équipe domicile	/teams/statistics?league=39&season=2025&team=50	get	str	teams/statistics	oui	non	oui	oui	bonne	non	non
Statistiques de saison équipe domicile	/teams/statistics?league=39&season=2025&team=50	paging.current	int	1	oui	non	oui	oui	bonne	non	non
Statistiques de saison équipe domicile	/teams/statistics?league=39&season=2025&team=50	paging.total	int	1	oui	non	oui	oui	bonne	non	non
Statistiques de saison équipe domicile	/teams/statistics?league=39&season=2025&team=50	parameters.league	str	39	oui	non	oui	oui	bonne	non	non
Statistiques de saison équipe domicile	/teams/statistics?league=39&season=2025&team=50	parameters.season	str	2025	oui	non	oui	oui	bonne	non	non
Statistiques de saison équipe domicile	/teams/statistics?league=39&season=2025&team=50	parameters.team	str	50	oui	non	oui	oui	bonne	non	non
Statistiques de saison équipe domicile	/teams/statistics?league=39&season=2025&team=50	response.biggest.goals.against.away	int	4	oui	non	oui	oui	bonne	non	non
Statistiques de saison équipe domicile	/teams/statistics?league=39&season=2025&team=50	response.biggest.goals.against.home	int	2	oui	non	oui	oui	bonne	non	non
Statistiques de saison équipe domicile	/teams/statistics?league=39&season=2025&team=50	response.biggest.goals.for.away	int	5	oui	non	oui	oui	bonne	non	non
Statistiques de saison équipe domicile	/teams/statistics?league=39&season=2025&team=50	response.biggest.goals.for.home	int	5	oui	non	oui	oui	bonne	non	non
Statistiques de saison équipe domicile	/teams/statistics?league=39&season=2025&team=50	response.biggest.loses.away	str	2-0	oui	non	oui	oui	bonne	non	non
Statistiques de saison équipe domicile	/teams/statistics?league=39&season=2025&team=50	response.biggest.loses.home	str	0-2	oui	non	oui	oui	bonne	non	non
Statistiques de saison équipe domicile	/teams/statistics?league=39&season=2025&team=50	response.biggest.streak.draws	int	3	oui	non	oui	oui	bonne	non	non
Statistiques de saison équipe domicile	/teams/statistics?league=39&season=2025&team=50	response.biggest.streak.loses	int	2	oui	non	oui	oui	bonne	non	non
Statistiques de saison équipe domicile	/teams/statistics?league=39&season=2025&team=50	response.biggest.streak.wins	int	6	oui	non	oui	oui	bonne	non	non
Statistiques de saison équipe domicile	/teams/statistics?league=39&season=2025&team=50	response.biggest.wins.away	str	0-4	oui	non	oui	oui	bonne	non	non
Statistiques de saison équipe domicile	/teams/statistics?league=39&season=2025&team=50	response.biggest.wins.home	str	5-1	oui	non	oui	oui	bonne	non	non
Statistiques de saison équipe domicile	/teams/statistics?league=39&season=2025&team=50	response.cards.red.0-15.percentage	null		oui	non	oui	oui	bonne	non	non
Statistiques de saison équipe domicile	/teams/statistics?league=39&season=2025&team=50	response.cards.red.0-15.total	null		oui	non	oui	oui	bonne	non	non
Statistiques de saison équipe domicile	/teams/statistics?league=39&season=2025&team=50	response.cards.red.106-120.percentage	null		oui	non	oui	oui	bonne	non	non
Statistiques de saison équipe domicile	/teams/statistics?league=39&season=2025&team=50	response.cards.red.106-120.total	null		oui	non	oui	oui	bonne	non	non
Statistiques de saison équipe domicile	/teams/statistics?league=39&season=2025&team=50	response.cards.red.16-30.percentage	null		oui	non	oui	oui	bonne	non	non
Statistiques de saison équipe domicile	/teams/statistics?league=39&season=2025&team=50	response.cards.red.16-30.total	null		oui	non	oui	oui	bonne	non	non
Statistiques de saison équipe domicile	/teams/statistics?league=39&season=2025&team=50	response.cards.red.31-45.percentage	null		oui	non	oui	oui	bonne	non	non
Statistiques de saison équipe domicile	/teams/statistics?league=39&season=2025&team=50	response.cards.red.31-45.total	null		oui	non	oui	oui	bonne	non	non
Statistiques de saison équipe domicile	/teams/statistics?league=39&season=2025&team=50	response.cards.red.46-60.percentage	null		oui	non	oui	oui	bonne	non	non
Statistiques de saison équipe domicile	/teams/statistics?league=39&season=2025&team=50	response.cards.red.46-60.total	null		oui	non	oui	oui	bonne	non	non
Statistiques de saison équipe domicile	/teams/statistics?league=39&season=2025&team=50	response.cards.red.61-75.percentage	null		oui	non	oui	oui	bonne	non	non
Statistiques de saison équipe domicile	/teams/statistics?league=39&season=2025&team=50	response.cards.red.61-75.total	null		oui	non	oui	oui	bonne	non	non
Statistiques de saison équipe domicile	/teams/statistics?league=39&season=2025&team=50	response.cards.red.76-90.percentage	null		oui	non	oui	oui	bonne	non	non
Statistiques de saison équipe domicile	/teams/statistics?league=39&season=2025&team=50	response.cards.red.76-90.total	null		oui	non	oui	oui	bonne	non	non
Statistiques de saison équipe domicile	/teams/statistics?league=39&season=2025&team=50	response.cards.red.91-105.percentage	null		oui	non	oui	oui	bonne	non	non
Statistiques de saison équipe domicile	/teams/statistics?league=39&season=2025&team=50	response.cards.red.91-105.total	null		oui	non	oui	oui	bonne	non	non
Statistiques de saison équipe domicile	/teams/statistics?league=39&season=2025&team=50	response.cards.yellow..percentage	str	1.49%	oui	non	oui	oui	bonne	non	non
Statistiques de saison équipe domicile	/teams/statistics?league=39&season=2025&team=50	response.cards.yellow..total	int	1	oui	non	oui	oui	bonne	non	non
Statistiques de saison équipe domicile	/teams/statistics?league=39&season=2025&team=50	response.cards.yellow.0-15.percentage	str	1.49%	oui	non	oui	oui	bonne	non	non
Statistiques de saison équipe domicile	/teams/statistics?league=39&season=2025&team=50	response.cards.yellow.0-15.total	int	1	oui	non	oui	oui	bonne	non	non
Statistiques de saison équipe domicile	/teams/statistics?league=39&season=2025&team=50	response.cards.yellow.106-120.percentage	null		oui	non	oui	oui	bonne	non	non
Statistiques de saison équipe domicile	/teams/statistics?league=39&season=2025&team=50	response.cards.yellow.106-120.total	null		oui	non	oui	oui	bonne	non	non
Statistiques de saison équipe domicile	/teams/statistics?league=39&season=2025&team=50	response.cards.yellow.16-30.percentage	str	5.97%	oui	non	oui	oui	bonne	non	non
Statistiques de saison équipe domicile	/teams/statistics?league=39&season=2025&team=50	response.cards.yellow.16-30.total	int	4	oui	non	oui	oui	bonne	non	non
Statistiques de saison équipe domicile	/teams/statistics?league=39&season=2025&team=50	response.cards.yellow.31-45.percentage	str	16.42%	oui	non	oui	oui	bonne	non	non
Statistiques de saison équipe domicile	/teams/statistics?league=39&season=2025&team=50	response.cards.yellow.31-45.total	int	11	oui	non	oui	oui	bonne	non	non
Statistiques de saison équipe domicile	/teams/statistics?league=39&season=2025&team=50	response.cards.yellow.46-60.percentage	str	19.40%	oui	non	oui	oui	bonne	non	non
Statistiques de saison équipe domicile	/teams/statistics?league=39&season=2025&team=50	response.cards.yellow.46-60.total	int	13	oui	non	oui	oui	bonne	non	non
Statistiques de saison équipe domicile	/teams/statistics?league=39&season=2025&team=50	response.cards.yellow.61-75.percentage	str	17.91%	oui	non	oui	oui	bonne	non	non
Statistiques de saison équipe domicile	/teams/statistics?league=39&season=2025&team=50	response.cards.yellow.61-75.total	int	12	oui	non	oui	oui	bonne	non	non
Statistiques de saison équipe domicile	/teams/statistics?league=39&season=2025&team=50	response.cards.yellow.76-90.percentage	str	20.90%	oui	non	oui	oui	bonne	non	non
Statistiques de saison équipe domicile	/teams/statistics?league=39&season=2025&team=50	response.cards.yellow.76-90.total	int	14	oui	non	oui	oui	bonne	non	non
Statistiques de saison équipe domicile	/teams/statistics?league=39&season=2025&team=50	response.cards.yellow.91-105.percentage	str	16.42%	oui	non	oui	oui	bonne	non	non
Statistiques de saison équipe domicile	/teams/statistics?league=39&season=2025&team=50	response.cards.yellow.91-105.total	int	11	oui	non	oui	oui	bonne	non	non
Statistiques de saison équipe domicile	/teams/statistics?league=39&season=2025&team=50	response.clean_sheet.away	int	7	oui	non	oui	oui	bonne	non	non
Statistiques de saison équipe domicile	/teams/statistics?league=39&season=2025&team=50	response.clean_sheet.home	int	9	oui	non	oui	oui	bonne	non	non
Statistiques de saison équipe domicile	/teams/statistics?league=39&season=2025&team=50	response.clean_sheet.total	int	16	oui	non	oui	oui	bonne	oui	oui
Statistiques de saison équipe domicile	/teams/statistics?league=39&season=2025&team=50	response.failed_to_score.away	int	3	oui	non	oui	oui	bonne	non	non
Statistiques de saison équipe domicile	/teams/statistics?league=39&season=2025&team=50	response.failed_to_score.home	int	1	oui	non	oui	oui	bonne	non	non
Statistiques de saison équipe domicile	/teams/statistics?league=39&season=2025&team=50	response.failed_to_score.total	int	4	oui	non	oui	oui	bonne	oui	oui
Statistiques de saison équipe domicile	/teams/statistics?league=39&season=2025&team=50	response.fixtures.draws.away	int	6	oui	non	oui	oui	bonne	non	non
Statistiques de saison équipe domicile	/teams/statistics?league=39&season=2025&team=50	response.fixtures.draws.home	int	3	oui	non	oui	oui	bonne	non	non
Statistiques de saison équipe domicile	/teams/statistics?league=39&season=2025&team=50	response.fixtures.draws.total	int	9	oui	non	oui	oui	bonne	oui	oui
Statistiques de saison équipe domicile	/teams/statistics?league=39&season=2025&team=50	response.fixtures.loses.away	int	4	oui	non	oui	oui	bonne	non	non
Statistiques de saison équipe domicile	/teams/statistics?league=39&season=2025&team=50	response.fixtures.loses.home	int	2	oui	non	oui	oui	bonne	non	non
Statistiques de saison équipe domicile	/teams/statistics?league=39&season=2025&team=50	response.fixtures.loses.total	int	6	oui	non	oui	oui	bonne	oui	oui
Statistiques de saison équipe domicile	/teams/statistics?league=39&season=2025&team=50	response.fixtures.played.away	int	19	oui	non	oui	oui	bonne	oui	oui
Statistiques de saison équipe domicile	/teams/statistics?league=39&season=2025&team=50	response.fixtures.played.home	int	19	oui	non	oui	oui	bonne	oui	oui
Statistiques de saison équipe domicile	/teams/statistics?league=39&season=2025&team=50	response.fixtures.played.total	int	38	oui	non	oui	oui	bonne	oui	oui
Statistiques de saison équipe domicile	/teams/statistics?league=39&season=2025&team=50	response.fixtures.wins.away	int	9	oui	non	oui	oui	bonne	non	non
Statistiques de saison équipe domicile	/teams/statistics?league=39&season=2025&team=50	response.fixtures.wins.home	int	14	oui	non	oui	oui	bonne	non	non
Statistiques de saison équipe domicile	/teams/statistics?league=39&season=2025&team=50	response.fixtures.wins.total	int	23	oui	non	oui	oui	bonne	oui	oui
Statistiques de saison équipe domicile	/teams/statistics?league=39&season=2025&team=50	response.form	str	WLLWDWWWLWWLWWWWWWDDDLWDWWWWDDWWWDWWDL	oui	non	oui	oui	bonne	oui	oui
Statistiques de saison équipe domicile	/teams/statistics?league=39&season=2025&team=50	response.goals.against.average.away	str	1.1	oui	non	oui	oui	bonne	non	non
Statistiques de saison équipe domicile	/teams/statistics?league=39&season=2025&team=50	response.goals.against.average.home	str	0.7	oui	non	oui	oui	bonne	non	non
Statistiques de saison équipe domicile	/teams/statistics?league=39&season=2025&team=50	response.goals.against.average.total	str	0.9	oui	non	oui	oui	bonne	oui	oui
Statistiques de saison équipe domicile	/teams/statistics?league=39&season=2025&team=50	response.goals.against.minute.0-15.percentage	str	2.63%	oui	non	oui	oui	bonne	non	non
Statistiques de saison équipe domicile	/teams/statistics?league=39&season=2025&team=50	response.goals.against.minute.0-15.total	int	1	oui	non	oui	oui	bonne	non	non
Statistiques de saison équipe domicile	/teams/statistics?league=39&season=2025&team=50	response.goals.against.minute.106-120.percentage	null		oui	non	oui	oui	bonne	non	non
Statistiques de saison équipe domicile	/teams/statistics?league=39&season=2025&team=50	response.goals.against.minute.106-120.total	null		oui	non	oui	oui	bonne	non	non
Statistiques de saison équipe domicile	/teams/statistics?league=39&season=2025&team=50	response.goals.against.minute.16-30.percentage	str	10.53%	oui	non	oui	oui	bonne	non	non
Statistiques de saison équipe domicile	/teams/statistics?league=39&season=2025&team=50	response.goals.against.minute.16-30.total	int	4	oui	non	oui	oui	bonne	non	non
Statistiques de saison équipe domicile	/teams/statistics?league=39&season=2025&team=50	response.goals.against.minute.31-45.percentage	str	15.79%	oui	non	oui	oui	bonne	non	non
Statistiques de saison équipe domicile	/teams/statistics?league=39&season=2025&team=50	response.goals.against.minute.31-45.total	int	6	oui	non	oui	oui	bonne	non	non
Statistiques de saison équipe domicile	/teams/statistics?league=39&season=2025&team=50	response.goals.against.minute.46-60.percentage	str	21.05%	oui	non	oui	oui	bonne	non	non
Statistiques de saison équipe domicile	/teams/statistics?league=39&season=2025&team=50	response.goals.against.minute.46-60.total	int	8	oui	non	oui	oui	bonne	non	non
Statistiques de saison équipe domicile	/teams/statistics?league=39&season=2025&team=50	response.goals.against.minute.61-75.percentage	str	31.58%	oui	non	oui	oui	bonne	non	non
Statistiques de saison équipe domicile	/teams/statistics?league=39&season=2025&team=50	response.goals.against.minute.61-75.total	int	12	oui	non	oui	oui	bonne	non	non
Statistiques de saison équipe domicile	/teams/statistics?league=39&season=2025&team=50	response.goals.against.minute.76-90.percentage	str	18.42%	oui	non	oui	oui	bonne	non	non
Statistiques de saison équipe domicile	/teams/statistics?league=39&season=2025&team=50	response.goals.against.minute.76-90.total	int	7	oui	non	oui	oui	bonne	non	non
Statistiques de saison équipe domicile	/teams/statistics?league=39&season=2025&team=50	response.goals.against.minute.91-105.percentage	null		oui	non	oui	oui	bonne	non	non
Statistiques de saison équipe domicile	/teams/statistics?league=39&season=2025&team=50	response.goals.against.minute.91-105.total	null		oui	non	oui	oui	bonne	non	non
Statistiques de saison équipe domicile	/teams/statistics?league=39&season=2025&team=50	response.goals.against.total.away	int	21	oui	non	oui	oui	bonne	non	non
Statistiques de saison équipe domicile	/teams/statistics?league=39&season=2025&team=50	response.goals.against.total.home	int	14	oui	non	oui	oui	bonne	non	non
Statistiques de saison équipe domicile	/teams/statistics?league=39&season=2025&team=50	response.goals.against.total.total	int	35	oui	non	oui	oui	bonne	oui	oui
Statistiques de saison équipe domicile	/teams/statistics?league=39&season=2025&team=50	response.goals.against.under_over.0.5.over	int	22	oui	non	oui	oui	bonne	non	non
Statistiques de saison équipe domicile	/teams/statistics?league=39&season=2025&team=50	response.goals.against.under_over.0.5.under	int	16	oui	non	oui	oui	bonne	non	non
Statistiques de saison équipe domicile	/teams/statistics?league=39&season=2025&team=50	response.goals.against.under_over.1.5.over	int	10	oui	non	oui	oui	bonne	non	non
Statistiques de saison équipe domicile	/teams/statistics?league=39&season=2025&team=50	response.goals.against.under_over.1.5.under	int	28	oui	non	oui	oui	bonne	non	non
Statistiques de saison équipe domicile	/teams/statistics?league=39&season=2025&team=50	response.goals.against.under_over.2.5.over	int	2	oui	non	oui	oui	bonne	non	non
Statistiques de saison équipe domicile	/teams/statistics?league=39&season=2025&team=50	response.goals.against.under_over.2.5.under	int	36	oui	non	oui	oui	bonne	non	non
Statistiques de saison équipe domicile	/teams/statistics?league=39&season=2025&team=50	response.goals.against.under_over.3.5.over	int	1	oui	non	oui	oui	bonne	non	non
Statistiques de saison équipe domicile	/teams/statistics?league=39&season=2025&team=50	response.goals.against.under_over.3.5.under	int	37	oui	non	oui	oui	bonne	non	non
Statistiques de saison équipe domicile	/teams/statistics?league=39&season=2025&team=50	response.goals.against.under_over.4.5.over	int	0	oui	non	oui	oui	bonne	non	non
Statistiques de saison équipe domicile	/teams/statistics?league=39&season=2025&team=50	response.goals.against.under_over.4.5.under	int	38	oui	non	oui	oui	bonne	non	non
Statistiques de saison équipe domicile	/teams/statistics?league=39&season=2025&team=50	response.goals.for.average.away	str	1.7	oui	non	oui	oui	bonne	non	non
Statistiques de saison équipe domicile	/teams/statistics?league=39&season=2025&team=50	response.goals.for.average.home	str	2.4	oui	non	oui	oui	bonne	non	non
Statistiques de saison équipe domicile	/teams/statistics?league=39&season=2025&team=50	response.goals.for.average.total	str	2.0	oui	non	oui	oui	bonne	oui	oui
Statistiques de saison équipe domicile	/teams/statistics?league=39&season=2025&team=50	response.goals.for.minute.0-15.percentage	str	10.81%	oui	non	oui	oui	bonne	non	non
Statistiques de saison équipe domicile	/teams/statistics?league=39&season=2025&team=50	response.goals.for.minute.0-15.total	int	8	oui	non	oui	oui	bonne	non	non
Statistiques de saison équipe domicile	/teams/statistics?league=39&season=2025&team=50	response.goals.for.minute.106-120.percentage	null		oui	non	oui	oui	bonne	non	non
Statistiques de saison équipe domicile	/teams/statistics?league=39&season=2025&team=50	response.goals.for.minute.106-120.total	null		oui	non	oui	oui	bonne	non	non
Statistiques de saison équipe domicile	/teams/statistics?league=39&season=2025&team=50	response.goals.for.minute.16-30.percentage	str	13.51%	oui	non	oui	oui	bonne	non	non
Statistiques de saison équipe domicile	/teams/statistics?league=39&season=2025&team=50	response.goals.for.minute.16-30.total	int	10	oui	non	oui	oui	bonne	non	non
Statistiques de saison équipe domicile	/teams/statistics?league=39&season=2025&team=50	response.goals.for.minute.31-45.percentage	str	29.73%	oui	non	oui	oui	bonne	non	non
Statistiques de saison équipe domicile	/teams/statistics?league=39&season=2025&team=50	response.goals.for.minute.31-45.total	int	22	oui	non	oui	oui	bonne	non	non
Statistiques de saison équipe domicile	/teams/statistics?league=39&season=2025&team=50	response.goals.for.minute.46-60.percentage	str	10.81%	oui	non	oui	oui	bonne	non	non
Statistiques de saison équipe domicile	/teams/statistics?league=39&season=2025&team=50	response.goals.for.minute.46-60.total	int	8	oui	non	oui	oui	bonne	non	non
Statistiques de saison équipe domicile	/teams/statistics?league=39&season=2025&team=50	response.goals.for.minute.61-75.percentage	str	17.57%	oui	non	oui	oui	bonne	non	non
Statistiques de saison équipe domicile	/teams/statistics?league=39&season=2025&team=50	response.goals.for.minute.61-75.total	int	13	oui	non	oui	oui	bonne	non	non
Statistiques de saison équipe domicile	/teams/statistics?league=39&season=2025&team=50	response.goals.for.minute.76-90.percentage	str	17.57%	oui	non	oui	oui	bonne	non	non
Statistiques de saison équipe domicile	/teams/statistics?league=39&season=2025&team=50	response.goals.for.minute.76-90.total	int	13	oui	non	oui	oui	bonne	non	non
Statistiques de saison équipe domicile	/teams/statistics?league=39&season=2025&team=50	response.goals.for.minute.91-105.percentage	null		oui	non	oui	oui	bonne	non	non
Statistiques de saison équipe domicile	/teams/statistics?league=39&season=2025&team=50	response.goals.for.minute.91-105.total	null		oui	non	oui	oui	bonne	non	non
Statistiques de saison équipe domicile	/teams/statistics?league=39&season=2025&team=50	response.goals.for.total.away	int	32	oui	non	oui	oui	bonne	non	non
Statistiques de saison équipe domicile	/teams/statistics?league=39&season=2025&team=50	response.goals.for.total.home	int	45	oui	non	oui	oui	bonne	non	non
Statistiques de saison équipe domicile	/teams/statistics?league=39&season=2025&team=50	response.goals.for.total.total	int	77	oui	non	oui	oui	bonne	oui	oui
Statistiques de saison équipe domicile	/teams/statistics?league=39&season=2025&team=50	response.goals.for.under_over.0.5.over	int	34	oui	non	oui	oui	bonne	non	non
Statistiques de saison équipe domicile	/teams/statistics?league=39&season=2025&team=50	response.goals.for.under_over.0.5.under	int	4	oui	non	oui	oui	bonne	non	non
Statistiques de saison équipe domicile	/teams/statistics?league=39&season=2025&team=50	response.goals.for.under_over.1.5.over	int	23	oui	non	oui	oui	bonne	non	non
Statistiques de saison équipe domicile	/teams/statistics?league=39&season=2025&team=50	response.goals.for.under_over.1.5.under	int	15	oui	non	oui	oui	bonne	non	non
Statistiques de saison équipe domicile	/teams/statistics?league=39&season=2025&team=50	response.goals.for.under_over.2.5.over	int	15	oui	non	oui	oui	bonne	non	non
Statistiques de saison équipe domicile	/teams/statistics?league=39&season=2025&team=50	response.goals.for.under_over.2.5.under	int	23	oui	non	oui	oui	bonne	non	non
Statistiques de saison équipe domicile	/teams/statistics?league=39&season=2025&team=50	response.goals.for.under_over.3.5.over	int	3	oui	non	oui	oui	bonne	non	non
Statistiques de saison équipe domicile	/teams/statistics?league=39&season=2025&team=50	response.goals.for.under_over.3.5.under	int	35	oui	non	oui	oui	bonne	non	non
Statistiques de saison équipe domicile	/teams/statistics?league=39&season=2025&team=50	response.goals.for.under_over.4.5.over	int	2	oui	non	oui	oui	bonne	non	non
Statistiques de saison équipe domicile	/teams/statistics?league=39&season=2025&team=50	response.goals.for.under_over.4.5.under	int	36	oui	non	oui	oui	bonne	non	non
Statistiques de saison équipe domicile	/teams/statistics?league=39&season=2025&team=50	response.league.country	str	England	oui	non	oui	oui	bonne	non	non
Statistiques de saison équipe domicile	/teams/statistics?league=39&season=2025&team=50	response.league.flag	str	https://media.api-sports.io/flags/gb-eng.svg	oui	non	oui	oui	bonne	non	non
Statistiques de saison équipe domicile	/teams/statistics?league=39&season=2025&team=50	response.league.id	int	39	oui	non	oui	oui	bonne	non	non
Statistiques de saison équipe domicile	/teams/statistics?league=39&season=2025&team=50	response.league.logo	str	https://media.api-sports.io/football/leagues/39.png	oui	non	oui	oui	bonne	non	non
Statistiques de saison équipe domicile	/teams/statistics?league=39&season=2025&team=50	response.league.name	str	Premier League	oui	non	oui	oui	bonne	non	non
Statistiques de saison équipe domicile	/teams/statistics?league=39&season=2025&team=50	response.league.season	int	2025	oui	non	oui	oui	bonne	non	non
Statistiques de saison équipe domicile	/teams/statistics?league=39&season=2025&team=50	response.lineups[].formation	str	4-1-4-1	oui	non	oui	oui	bonne	non	non
Statistiques de saison équipe domicile	/teams/statistics?league=39&season=2025&team=50	response.lineups[].played	int	13	oui	non	oui	oui	bonne	non	non
Statistiques de saison équipe domicile	/teams/statistics?league=39&season=2025&team=50	response.penalty.missed.percentage	str	0%	oui	non	oui	oui	bonne	non	non
Statistiques de saison équipe domicile	/teams/statistics?league=39&season=2025&team=50	response.penalty.missed.total	int	0	oui	non	oui	oui	bonne	non	non
Statistiques de saison équipe domicile	/teams/statistics?league=39&season=2025&team=50	response.penalty.scored.percentage	str	100.00%	oui	non	oui	oui	bonne	non	non
Statistiques de saison équipe domicile	/teams/statistics?league=39&season=2025&team=50	response.penalty.scored.total	int	3	oui	non	oui	oui	bonne	non	non
Statistiques de saison équipe domicile	/teams/statistics?league=39&season=2025&team=50	response.penalty.total	int	3	oui	non	oui	oui	bonne	non	non
Statistiques de saison équipe domicile	/teams/statistics?league=39&season=2025&team=50	response.team.id	int	50	oui	non	oui	oui	bonne	oui	non
Statistiques de saison équipe domicile	/teams/statistics?league=39&season=2025&team=50	response.team.logo	str	https://media.api-sports.io/football/teams/50.png	oui	non	oui	oui	bonne	non	non
Statistiques de saison équipe domicile	/teams/statistics?league=39&season=2025&team=50	response.team.name	str	Manchester City	oui	non	oui	oui	bonne	oui	non
Statistiques de saison équipe domicile	/teams/statistics?league=39&season=2025&team=50	results	int	11	oui	non	oui	oui	bonne	non	non
Statistiques de saison équipe extérieure	/teams/statistics?league=39&season=2025&team=66	errors	array	[]	oui	non	oui	oui	bonne	non	non
Statistiques de saison équipe extérieure	/teams/statistics?league=39&season=2025&team=66	get	str	teams/statistics	oui	non	oui	oui	bonne	non	non
Statistiques de saison équipe extérieure	/teams/statistics?league=39&season=2025&team=66	paging.current	int	1	oui	non	oui	oui	bonne	non	non
Statistiques de saison équipe extérieure	/teams/statistics?league=39&season=2025&team=66	paging.total	int	1	oui	non	oui	oui	bonne	non	non
Statistiques de saison équipe extérieure	/teams/statistics?league=39&season=2025&team=66	parameters.league	str	39	oui	non	oui	oui	bonne	non	non
Statistiques de saison équipe extérieure	/teams/statistics?league=39&season=2025&team=66	parameters.season	str	2025	oui	non	oui	oui	bonne	non	non
Statistiques de saison équipe extérieure	/teams/statistics?league=39&season=2025&team=66	parameters.team	str	66	oui	non	oui	oui	bonne	non	non
Statistiques de saison équipe extérieure	/teams/statistics?league=39&season=2025&team=66	response.biggest.goals.against.away	int	4	oui	non	oui	oui	bonne	non	non
Statistiques de saison équipe extérieure	/teams/statistics?league=39&season=2025&team=66	response.biggest.goals.against.home	int	4	oui	non	oui	oui	bonne	non	non
Statistiques de saison équipe extérieure	/teams/statistics?league=39&season=2025&team=66	response.biggest.goals.for.away	int	4	oui	non	oui	oui	bonne	non	non
Statistiques de saison équipe extérieure	/teams/statistics?league=39&season=2025&team=66	response.biggest.goals.for.home	int	4	oui	non	oui	oui	bonne	non	non
Statistiques de saison équipe extérieure	/teams/statistics?league=39&season=2025&team=66	response.biggest.loses.away	str	4-1	oui	non	oui	oui	bonne	non	non
Statistiques de saison équipe extérieure	/teams/statistics?league=39&season=2025&team=66	response.biggest.loses.home	str	1-4	oui	non	oui	oui	bonne	non	non
Statistiques de saison équipe extérieure	/teams/statistics?league=39&season=2025&team=66	response.biggest.streak.draws	int	2	oui	non	oui	oui	bonne	non	non
Statistiques de saison équipe extérieure	/teams/statistics?league=39&season=2025&team=66	response.biggest.streak.loses	int	3	oui	non	oui	oui	bonne	non	non
Statistiques de saison équipe extérieure	/teams/statistics?league=39&season=2025&team=66	response.biggest.streak.wins	int	8	oui	non	oui	oui	bonne	non	non
Statistiques de saison équipe extérieure	/teams/statistics?league=39&season=2025&team=66	response.biggest.wins.away	str	0-2	oui	non	oui	oui	bonne	non	non
Statistiques de saison équipe extérieure	/teams/statistics?league=39&season=2025&team=66	response.biggest.wins.home	str	4-0	oui	non	oui	oui	bonne	non	non
Statistiques de saison équipe extérieure	/teams/statistics?league=39&season=2025&team=66	response.cards.red.0-15.percentage	null		oui	non	oui	oui	bonne	non	non
Statistiques de saison équipe extérieure	/teams/statistics?league=39&season=2025&team=66	response.cards.red.0-15.total	null		oui	non	oui	oui	bonne	non	non
Statistiques de saison équipe extérieure	/teams/statistics?league=39&season=2025&team=66	response.cards.red.106-120.percentage	null		oui	non	oui	oui	bonne	non	non
Statistiques de saison équipe extérieure	/teams/statistics?league=39&season=2025&team=66	response.cards.red.106-120.total	null		oui	non	oui	oui	bonne	non	non
Statistiques de saison équipe extérieure	/teams/statistics?league=39&season=2025&team=66	response.cards.red.16-30.percentage	null		oui	non	oui	oui	bonne	non	non
Statistiques de saison équipe extérieure	/teams/statistics?league=39&season=2025&team=66	response.cards.red.16-30.total	null		oui	non	oui	oui	bonne	non	non
Statistiques de saison équipe extérieure	/teams/statistics?league=39&season=2025&team=66	response.cards.red.31-45.percentage	null		oui	non	oui	oui	bonne	non	non
Statistiques de saison équipe extérieure	/teams/statistics?league=39&season=2025&team=66	response.cards.red.31-45.total	null		oui	non	oui	oui	bonne	non	non
Statistiques de saison équipe extérieure	/teams/statistics?league=39&season=2025&team=66	response.cards.red.46-60.percentage	null		oui	non	oui	oui	bonne	non	non
Statistiques de saison équipe extérieure	/teams/statistics?league=39&season=2025&team=66	response.cards.red.46-60.total	null		oui	non	oui	oui	bonne	non	non
Statistiques de saison équipe extérieure	/teams/statistics?league=39&season=2025&team=66	response.cards.red.61-75.percentage	str	100.00%	oui	non	oui	oui	bonne	non	non
Statistiques de saison équipe extérieure	/teams/statistics?league=39&season=2025&team=66	response.cards.red.61-75.total	int	1	oui	non	oui	oui	bonne	non	non
Statistiques de saison équipe extérieure	/teams/statistics?league=39&season=2025&team=66	response.cards.red.76-90.percentage	null		oui	non	oui	oui	bonne	non	non
Statistiques de saison équipe extérieure	/teams/statistics?league=39&season=2025&team=66	response.cards.red.76-90.total	null		oui	non	oui	oui	bonne	non	non
Statistiques de saison équipe extérieure	/teams/statistics?league=39&season=2025&team=66	response.cards.red.91-105.percentage	null		oui	non	oui	oui	bonne	non	non
Statistiques de saison équipe extérieure	/teams/statistics?league=39&season=2025&team=66	response.cards.red.91-105.total	null		oui	non	oui	oui	bonne	non	non
Statistiques de saison équipe extérieure	/teams/statistics?league=39&season=2025&team=66	response.cards.yellow.0-15.percentage	str	5.17%	oui	non	oui	oui	bonne	non	non
Statistiques de saison équipe extérieure	/teams/statistics?league=39&season=2025&team=66	response.cards.yellow.0-15.total	int	3	oui	non	oui	oui	bonne	non	non
Statistiques de saison équipe extérieure	/teams/statistics?league=39&season=2025&team=66	response.cards.yellow.106-120.percentage	null		oui	non	oui	oui	bonne	non	non
Statistiques de saison équipe extérieure	/teams/statistics?league=39&season=2025&team=66	response.cards.yellow.106-120.total	null		oui	non	oui	oui	bonne	non	non
Statistiques de saison équipe extérieure	/teams/statistics?league=39&season=2025&team=66	response.cards.yellow.16-30.percentage	str	5.17%	oui	non	oui	oui	bonne	non	non
Statistiques de saison équipe extérieure	/teams/statistics?league=39&season=2025&team=66	response.cards.yellow.16-30.total	int	3	oui	non	oui	oui	bonne	non	non
Statistiques de saison équipe extérieure	/teams/statistics?league=39&season=2025&team=66	response.cards.yellow.31-45.percentage	str	13.79%	oui	non	oui	oui	bonne	non	non
Statistiques de saison équipe extérieure	/teams/statistics?league=39&season=2025&team=66	response.cards.yellow.31-45.total	int	8	oui	non	oui	oui	bonne	non	non
Statistiques de saison équipe extérieure	/teams/statistics?league=39&season=2025&team=66	response.cards.yellow.46-60.percentage	str	29.31%	oui	non	oui	oui	bonne	non	non
Statistiques de saison équipe extérieure	/teams/statistics?league=39&season=2025&team=66	response.cards.yellow.46-60.total	int	17	oui	non	oui	oui	bonne	non	non
Statistiques de saison équipe extérieure	/teams/statistics?league=39&season=2025&team=66	response.cards.yellow.61-75.percentage	str	17.24%	oui	non	oui	oui	bonne	non	non
Statistiques de saison équipe extérieure	/teams/statistics?league=39&season=2025&team=66	response.cards.yellow.61-75.total	int	10	oui	non	oui	oui	bonne	non	non
Statistiques de saison équipe extérieure	/teams/statistics?league=39&season=2025&team=66	response.cards.yellow.76-90.percentage	str	12.07%	oui	non	oui	oui	bonne	non	non
Statistiques de saison équipe extérieure	/teams/statistics?league=39&season=2025&team=66	response.cards.yellow.76-90.total	int	7	oui	non	oui	oui	bonne	non	non
Statistiques de saison équipe extérieure	/teams/statistics?league=39&season=2025&team=66	response.cards.yellow.91-105.percentage	str	17.24%	oui	non	oui	oui	bonne	non	non
Statistiques de saison équipe extérieure	/teams/statistics?league=39&season=2025&team=66	response.cards.yellow.91-105.total	int	10	oui	non	oui	oui	bonne	non	non
Statistiques de saison équipe extérieure	/teams/statistics?league=39&season=2025&team=66	response.clean_sheet.away	int	3	oui	non	oui	oui	bonne	non	non
Statistiques de saison équipe extérieure	/teams/statistics?league=39&season=2025&team=66	response.clean_sheet.home	int	6	oui	non	oui	oui	bonne	non	non
Statistiques de saison équipe extérieure	/teams/statistics?league=39&season=2025&team=66	response.clean_sheet.total	int	9	oui	non	oui	oui	bonne	oui	oui
Statistiques de saison équipe extérieure	/teams/statistics?league=39&season=2025&team=66	response.failed_to_score.away	int	6	oui	non	oui	oui	bonne	non	non
Statistiques de saison équipe extérieure	/teams/statistics?league=39&season=2025&team=66	response.failed_to_score.home	int	4	oui	non	oui	oui	bonne	non	non
Statistiques de saison équipe extérieure	/teams/statistics?league=39&season=2025&team=66	response.failed_to_score.total	int	10	oui	non	oui	oui	bonne	oui	oui
Statistiques de saison équipe extérieure	/teams/statistics?league=39&season=2025&team=66	response.fixtures.draws.away	int	6	oui	non	oui	oui	bonne	non	non
Statistiques de saison équipe extérieure	/teams/statistics?league=39&season=2025&team=66	response.fixtures.draws.home	int	2	oui	non	oui	oui	bonne	non	non
Statistiques de saison équipe extérieure	/teams/statistics?league=39&season=2025&team=66	response.fixtures.draws.total	int	8	oui	non	oui	oui	bonne	oui	oui
Statistiques de saison équipe extérieure	/teams/statistics?league=39&season=2025&team=66	response.fixtures.loses.away	int	6	oui	non	oui	oui	bonne	non	non
Statistiques de saison équipe extérieure	/teams/statistics?league=39&season=2025&team=66	response.fixtures.loses.home	int	5	oui	non	oui	oui	bonne	non	non
Statistiques de saison équipe extérieure	/teams/statistics?league=39&season=2025&team=66	response.fixtures.loses.total	int	11	oui	non	oui	oui	bonne	oui	oui
Statistiques de saison équipe extérieure	/teams/statistics?league=39&season=2025&team=66	response.fixtures.played.away	int	19	oui	non	oui	oui	bonne	oui	oui
Statistiques de saison équipe extérieure	/teams/statistics?league=39&season=2025&team=66	response.fixtures.played.home	int	19	oui	non	oui	oui	bonne	oui	oui
Statistiques de saison équipe extérieure	/teams/statistics?league=39&season=2025&team=66	response.fixtures.played.total	int	38	oui	non	oui	oui	bonne	oui	oui
Statistiques de saison équipe extérieure	/teams/statistics?league=39&season=2025&team=66	response.fixtures.wins.away	int	7	oui	non	oui	oui	bonne	non	non
Statistiques de saison équipe extérieure	/teams/statistics?league=39&season=2025&team=66	response.fixtures.wins.home	int	12	oui	non	oui	oui	bonne	non	non
Statistiques de saison équipe extérieure	/teams/statistics?league=39&season=2025&team=66	response.fixtures.wins.total	int	19	oui	non	oui	oui	bonne	oui	oui
Statistiques de saison équipe extérieure	/teams/statistics?league=39&season=2025&team=66	response.form	str	DLLDDWWWWLWWWWWWWWLWDLWLDWDLLLWDWLLDWW	oui	non	oui	oui	bonne	oui	oui
Statistiques de saison équipe extérieure	/teams/statistics?league=39&season=2025&team=66	response.goals.against.average.away	str	1.4	oui	non	oui	oui	bonne	non	non
Statistiques de saison équipe extérieure	/teams/statistics?league=39&season=2025&team=66	response.goals.against.average.home	str	1.2	oui	non	oui	oui	bonne	non	non
Statistiques de saison équipe extérieure	/teams/statistics?league=39&season=2025&team=66	response.goals.against.average.total	str	1.3	oui	non	oui	oui	bonne	oui	oui
Statistiques de saison équipe extérieure	/teams/statistics?league=39&season=2025&team=66	response.goals.against.minute.0-15.percentage	str	19.61%	oui	non	oui	oui	bonne	non	non
Statistiques de saison équipe extérieure	/teams/statistics?league=39&season=2025&team=66	response.goals.against.minute.0-15.total	int	10	oui	non	oui	oui	bonne	non	non
Statistiques de saison équipe extérieure	/teams/statistics?league=39&season=2025&team=66	response.goals.against.minute.106-120.percentage	null		oui	non	oui	oui	bonne	non	non
Statistiques de saison équipe extérieure	/teams/statistics?league=39&season=2025&team=66	response.goals.against.minute.106-120.total	null		oui	non	oui	oui	bonne	non	non
Statistiques de saison équipe extérieure	/teams/statistics?league=39&season=2025&team=66	response.goals.against.minute.16-30.percentage	str	9.80%	oui	non	oui	oui	bonne	non	non
Statistiques de saison équipe extérieure	/teams/statistics?league=39&season=2025&team=66	response.goals.against.minute.16-30.total	int	5	oui	non	oui	oui	bonne	non	non
Statistiques de saison équipe extérieure	/teams/statistics?league=39&season=2025&team=66	response.goals.against.minute.31-45.percentage	str	17.65%	oui	non	oui	oui	bonne	non	non
Statistiques de saison équipe extérieure	/teams/statistics?league=39&season=2025&team=66	response.goals.against.minute.31-45.total	int	9	oui	non	oui	oui	bonne	non	non
Statistiques de saison équipe extérieure	/teams/statistics?league=39&season=2025&team=66	response.goals.against.minute.46-60.percentage	str	19.61%	oui	non	oui	oui	bonne	non	non
Statistiques de saison équipe extérieure	/teams/statistics?league=39&season=2025&team=66	response.goals.against.minute.46-60.total	int	10	oui	non	oui	oui	bonne	non	non
Statistiques de saison équipe extérieure	/teams/statistics?league=39&season=2025&team=66	response.goals.against.minute.61-75.percentage	str	13.73%	oui	non	oui	oui	bonne	non	non
Statistiques de saison équipe extérieure	/teams/statistics?league=39&season=2025&team=66	response.goals.against.minute.61-75.total	int	7	oui	non	oui	oui	bonne	non	non
Statistiques de saison équipe extérieure	/teams/statistics?league=39&season=2025&team=66	response.goals.against.minute.76-90.percentage	str	19.61%	oui	non	oui	oui	bonne	non	non
Statistiques de saison équipe extérieure	/teams/statistics?league=39&season=2025&team=66	response.goals.against.minute.76-90.total	int	10	oui	non	oui	oui	bonne	non	non
Statistiques de saison équipe extérieure	/teams/statistics?league=39&season=2025&team=66	response.goals.against.minute.91-105.percentage	null		oui	non	oui	oui	bonne	non	non
Statistiques de saison équipe extérieure	/teams/statistics?league=39&season=2025&team=66	response.goals.against.minute.91-105.total	null		oui	non	oui	oui	bonne	non	non
Statistiques de saison équipe extérieure	/teams/statistics?league=39&season=2025&team=66	response.goals.against.total.away	int	27	oui	non	oui	oui	bonne	non	non
Statistiques de saison équipe extérieure	/teams/statistics?league=39&season=2025&team=66	response.goals.against.total.home	int	22	oui	non	oui	oui	bonne	non	non
Statistiques de saison équipe extérieure	/teams/statistics?league=39&season=2025&team=66	response.goals.against.total.total	int	49	oui	non	oui	oui	bonne	oui	oui
Statistiques de saison équipe extérieure	/teams/statistics?league=39&season=2025&team=66	response.goals.against.under_over.0.5.over	int	29	oui	non	oui	oui	bonne	non	non
Statistiques de saison équipe extérieure	/teams/statistics?league=39&season=2025&team=66	response.goals.against.under_over.0.5.under	int	9	oui	non	oui	oui	bonne	non	non
Statistiques de saison équipe extérieure	/teams/statistics?league=39&season=2025&team=66	response.goals.against.under_over.1.5.over	int	12	oui	non	oui	oui	bonne	non	non
Statistiques de saison équipe extérieure	/teams/statistics?league=39&season=2025&team=66	response.goals.against.under_over.1.5.under	int	26	oui	non	oui	oui	bonne	non	non
Statistiques de saison équipe extérieure	/teams/statistics?league=39&season=2025&team=66	response.goals.against.under_over.2.5.over	int	6	oui	non	oui	oui	bonne	non	non
Statistiques de saison équipe extérieure	/teams/statistics?league=39&season=2025&team=66	response.goals.against.under_over.2.5.under	int	32	oui	non	oui	oui	bonne	non	non
Statistiques de saison équipe extérieure	/teams/statistics?league=39&season=2025&team=66	response.goals.against.under_over.3.5.over	int	2	oui	non	oui	oui	bonne	non	non
Statistiques de saison équipe extérieure	/teams/statistics?league=39&season=2025&team=66	response.goals.against.under_over.3.5.under	int	36	oui	non	oui	oui	bonne	non	non
Statistiques de saison équipe extérieure	/teams/statistics?league=39&season=2025&team=66	response.goals.against.under_over.4.5.over	int	0	oui	non	oui	oui	bonne	non	non
Statistiques de saison équipe extérieure	/teams/statistics?league=39&season=2025&team=66	response.goals.against.under_over.4.5.under	int	38	oui	non	oui	oui	bonne	non	non
Statistiques de saison équipe extérieure	/teams/statistics?league=39&season=2025&team=66	response.goals.for.average.away	str	1.3	oui	non	oui	oui	bonne	non	non
Statistiques de saison équipe extérieure	/teams/statistics?league=39&season=2025&team=66	response.goals.for.average.home	str	1.7	oui	non	oui	oui	bonne	non	non
Statistiques de saison équipe extérieure	/teams/statistics?league=39&season=2025&team=66	response.goals.for.average.total	str	1.5	oui	non	oui	oui	bonne	oui	oui
Statistiques de saison équipe extérieure	/teams/statistics?league=39&season=2025&team=66	response.goals.for.minute.0-15.percentage	str	5.56%	oui	non	oui	oui	bonne	non	non
Statistiques de saison équipe extérieure	/teams/statistics?league=39&season=2025&team=66	response.goals.for.minute.0-15.total	int	3	oui	non	oui	oui	bonne	non	non
Statistiques de saison équipe extérieure	/teams/statistics?league=39&season=2025&team=66	response.goals.for.minute.106-120.percentage	null		oui	non	oui	oui	bonne	non	non
Statistiques de saison équipe extérieure	/teams/statistics?league=39&season=2025&team=66	response.goals.for.minute.106-120.total	null		oui	non	oui	oui	bonne	non	non
Statistiques de saison équipe extérieure	/teams/statistics?league=39&season=2025&team=66	response.goals.for.minute.16-30.percentage	str	11.11%	oui	non	oui	oui	bonne	non	non
Statistiques de saison équipe extérieure	/teams/statistics?league=39&season=2025&team=66	response.goals.for.minute.16-30.total	int	6	oui	non	oui	oui	bonne	non	non
Statistiques de saison équipe extérieure	/teams/statistics?league=39&season=2025&team=66	response.goals.for.minute.31-45.percentage	str	20.37%	oui	non	oui	oui	bonne	non	non
Statistiques de saison équipe extérieure	/teams/statistics?league=39&season=2025&team=66	response.goals.for.minute.31-45.total	int	11	oui	non	oui	oui	bonne	non	non
Statistiques de saison équipe extérieure	/teams/statistics?league=39&season=2025&team=66	response.goals.for.minute.46-60.percentage	str	20.37%	oui	non	oui	oui	bonne	non	non
Statistiques de saison équipe extérieure	/teams/statistics?league=39&season=2025&team=66	response.goals.for.minute.46-60.total	int	11	oui	non	oui	oui	bonne	non	non
Statistiques de saison équipe extérieure	/teams/statistics?league=39&season=2025&team=66	response.goals.for.minute.61-75.percentage	str	18.52%	oui	non	oui	oui	bonne	non	non
Statistiques de saison équipe extérieure	/teams/statistics?league=39&season=2025&team=66	response.goals.for.minute.61-75.total	int	10	oui	non	oui	oui	bonne	non	non
Statistiques de saison équipe extérieure	/teams/statistics?league=39&season=2025&team=66	response.goals.for.minute.76-90.percentage	str	24.07%	oui	non	oui	oui	bonne	non	non
Statistiques de saison équipe extérieure	/teams/statistics?league=39&season=2025&team=66	response.goals.for.minute.76-90.total	int	13	oui	non	oui	oui	bonne	non	non
Statistiques de saison équipe extérieure	/teams/statistics?league=39&season=2025&team=66	response.goals.for.minute.91-105.percentage	null		oui	non	oui	oui	bonne	non	non
Statistiques de saison équipe extérieure	/teams/statistics?league=39&season=2025&team=66	response.goals.for.minute.91-105.total	null		oui	non	oui	oui	bonne	non	non
Statistiques de saison équipe extérieure	/teams/statistics?league=39&season=2025&team=66	response.goals.for.total.away	int	24	oui	non	oui	oui	bonne	non	non
Statistiques de saison équipe extérieure	/teams/statistics?league=39&season=2025&team=66	response.goals.for.total.home	int	32	oui	non	oui	oui	bonne	non	non
Statistiques de saison équipe extérieure	/teams/statistics?league=39&season=2025&team=66	response.goals.for.total.total	int	56	oui	non	oui	oui	bonne	oui	oui
Statistiques de saison équipe extérieure	/teams/statistics?league=39&season=2025&team=66	response.goals.for.under_over.0.5.over	int	28	oui	non	oui	oui	bonne	non	non
Statistiques de saison équipe extérieure	/teams/statistics?league=39&season=2025&team=66	response.goals.for.under_over.0.5.under	int	10	oui	non	oui	oui	bonne	non	non
Statistiques de saison équipe extérieure	/teams/statistics?league=39&season=2025&team=66	response.goals.for.under_over.1.5.over	int	17	oui	non	oui	oui	bonne	non	non
Statistiques de saison équipe extérieure	/teams/statistics?league=39&season=2025&team=66	response.goals.for.under_over.1.5.under	int	21	oui	non	oui	oui	bonne	non	non
Statistiques de saison équipe extérieure	/teams/statistics?league=39&season=2025&team=66	response.goals.for.under_over.2.5.over	int	7	oui	non	oui	oui	bonne	non	non
Statistiques de saison équipe extérieure	/teams/statistics?league=39&season=2025&team=66	response.goals.for.under_over.2.5.under	int	31	oui	non	oui	oui	bonne	non	non
Statistiques de saison équipe extérieure	/teams/statistics?league=39&season=2025&team=66	response.goals.for.under_over.3.5.over	int	4	oui	non	oui	oui	bonne	non	non
Statistiques de saison équipe extérieure	/teams/statistics?league=39&season=2025&team=66	response.goals.for.under_over.3.5.under	int	34	oui	non	oui	oui	bonne	non	non
Statistiques de saison équipe extérieure	/teams/statistics?league=39&season=2025&team=66	response.goals.for.under_over.4.5.over	int	0	oui	non	oui	oui	bonne	non	non
Statistiques de saison équipe extérieure	/teams/statistics?league=39&season=2025&team=66	response.goals.for.under_over.4.5.under	int	38	oui	non	oui	oui	bonne	non	non
Statistiques de saison équipe extérieure	/teams/statistics?league=39&season=2025&team=66	response.league.country	str	England	oui	non	oui	oui	bonne	non	non
Statistiques de saison équipe extérieure	/teams/statistics?league=39&season=2025&team=66	response.league.flag	str	https://media.api-sports.io/flags/gb-eng.svg	oui	non	oui	oui	bonne	non	non
Statistiques de saison équipe extérieure	/teams/statistics?league=39&season=2025&team=66	response.league.id	int	39	oui	non	oui	oui	bonne	non	non
Statistiques de saison équipe extérieure	/teams/statistics?league=39&season=2025&team=66	response.league.logo	str	https://media.api-sports.io/football/leagues/39.png	oui	non	oui	oui	bonne	non	non
Statistiques de saison équipe extérieure	/teams/statistics?league=39&season=2025&team=66	response.league.name	str	Premier League	oui	non	oui	oui	bonne	non	non
Statistiques de saison équipe extérieure	/teams/statistics?league=39&season=2025&team=66	response.league.season	int	2025	oui	non	oui	oui	bonne	non	non
Statistiques de saison équipe extérieure	/teams/statistics?league=39&season=2025&team=66	response.lineups[].formation	str	4-2-3-1	oui	non	oui	oui	bonne	non	non
Statistiques de saison équipe extérieure	/teams/statistics?league=39&season=2025&team=66	response.lineups[].played	int	34	oui	non	oui	oui	bonne	non	non
Statistiques de saison équipe extérieure	/teams/statistics?league=39&season=2025&team=66	response.penalty.missed.percentage	str	0%	oui	non	oui	oui	bonne	non	non
Statistiques de saison équipe extérieure	/teams/statistics?league=39&season=2025&team=66	response.penalty.missed.total	int	0	oui	non	oui	oui	bonne	non	non
Statistiques de saison équipe extérieure	/teams/statistics?league=39&season=2025&team=66	response.penalty.scored.percentage	str	0%	oui	non	oui	oui	bonne	non	non
Statistiques de saison équipe extérieure	/teams/statistics?league=39&season=2025&team=66	response.penalty.scored.total	int	0	oui	non	oui	oui	bonne	non	non
Statistiques de saison équipe extérieure	/teams/statistics?league=39&season=2025&team=66	response.penalty.total	int	0	oui	non	oui	oui	bonne	non	non
Statistiques de saison équipe extérieure	/teams/statistics?league=39&season=2025&team=66	response.team.id	int	66	oui	non	oui	oui	bonne	oui	non
Statistiques de saison équipe extérieure	/teams/statistics?league=39&season=2025&team=66	response.team.logo	str	https://media.api-sports.io/football/teams/66.png	oui	non	oui	oui	bonne	non	non
Statistiques de saison équipe extérieure	/teams/statistics?league=39&season=2025&team=66	response.team.name	str	Aston Villa	oui	non	oui	oui	bonne	oui	non
Statistiques de saison équipe extérieure	/teams/statistics?league=39&season=2025&team=66	results	int	11	oui	non	oui	oui	bonne	non	non
Forme récente équipe domicile	/fixtures?league=39&season=2025&team=50&from=2025-08-01&to=2026-05-23	errors	array	[]	oui	non	oui	oui	bonne	non	non
Forme récente équipe domicile	/fixtures?league=39&season=2025&team=50&from=2025-08-01&to=2026-05-23	get	str	fixtures	oui	non	oui	oui	bonne	non	non
Forme récente équipe domicile	/fixtures?league=39&season=2025&team=50&from=2025-08-01&to=2026-05-23	paging.current	int	1	oui	non	oui	oui	bonne	non	non
Forme récente équipe domicile	/fixtures?league=39&season=2025&team=50&from=2025-08-01&to=2026-05-23	paging.total	int	1	oui	non	oui	oui	bonne	non	non
Forme récente équipe domicile	/fixtures?league=39&season=2025&team=50&from=2025-08-01&to=2026-05-23	parameters.from	str	2025-08-01	oui	non	oui	oui	bonne	non	non
Forme récente équipe domicile	/fixtures?league=39&season=2025&team=50&from=2025-08-01&to=2026-05-23	parameters.league	str	39	oui	non	oui	oui	bonne	non	non
Forme récente équipe domicile	/fixtures?league=39&season=2025&team=50&from=2025-08-01&to=2026-05-23	parameters.season	str	2025	oui	non	oui	oui	bonne	non	non
Forme récente équipe domicile	/fixtures?league=39&season=2025&team=50&from=2025-08-01&to=2026-05-23	parameters.team	str	50	oui	non	oui	oui	bonne	non	non
Forme récente équipe domicile	/fixtures?league=39&season=2025&team=50&from=2025-08-01&to=2026-05-23	parameters.to	str	2026-05-23	oui	non	oui	oui	bonne	non	non
Forme récente équipe domicile	/fixtures?league=39&season=2025&team=50&from=2025-08-01&to=2026-05-23	response[].fixture.date	str	2025-08-16T16:30:00+00:00	oui	non	oui	oui	bonne	oui	oui
Forme récente équipe domicile	/fixtures?league=39&season=2025&team=50&from=2025-08-01&to=2026-05-23	response[].fixture.id	int	1378975	oui	non	oui	oui	bonne	oui	oui
Forme récente équipe domicile	/fixtures?league=39&season=2025&team=50&from=2025-08-01&to=2026-05-23	response[].fixture.periods.first	int	1755361800	oui	non	oui	oui	bonne	non	non
Forme récente équipe domicile	/fixtures?league=39&season=2025&team=50&from=2025-08-01&to=2026-05-23	response[].fixture.periods.second	int	1755365400	oui	non	oui	oui	bonne	non	non
Forme récente équipe domicile	/fixtures?league=39&season=2025&team=50&from=2025-08-01&to=2026-05-23	response[].fixture.referee	str	J. Gillett	oui	non	oui	oui	bonne	non	non
Forme récente équipe domicile	/fixtures?league=39&season=2025&team=50&from=2025-08-01&to=2026-05-23	response[].fixture.status.elapsed	int	90	oui	non	oui	oui	bonne	non	non
Forme récente équipe domicile	/fixtures?league=39&season=2025&team=50&from=2025-08-01&to=2026-05-23	response[].fixture.status.extra	int	8	oui	non	oui	oui	bonne	non	non
Forme récente équipe domicile	/fixtures?league=39&season=2025&team=50&from=2025-08-01&to=2026-05-23	response[].fixture.status.long	str	Match Finished	oui	non	oui	oui	bonne	oui	non
Forme récente équipe domicile	/fixtures?league=39&season=2025&team=50&from=2025-08-01&to=2026-05-23	response[].fixture.status.short	str	FT	oui	non	oui	oui	bonne	oui	oui
Forme récente équipe domicile	/fixtures?league=39&season=2025&team=50&from=2025-08-01&to=2026-05-23	response[].fixture.timestamp	int	1755361800	oui	non	oui	oui	bonne	non	non
Forme récente équipe domicile	/fixtures?league=39&season=2025&team=50&from=2025-08-01&to=2026-05-23	response[].fixture.timezone	str	UTC	oui	non	oui	oui	bonne	non	non
Forme récente équipe domicile	/fixtures?league=39&season=2025&team=50&from=2025-08-01&to=2026-05-23	response[].fixture.venue.city	str	Wolverhampton	oui	non	oui	oui	bonne	oui	oui
Forme récente équipe domicile	/fixtures?league=39&season=2025&team=50&from=2025-08-01&to=2026-05-23	response[].fixture.venue.id	int	600	oui	non	oui	oui	bonne	non	non
Forme récente équipe domicile	/fixtures?league=39&season=2025&team=50&from=2025-08-01&to=2026-05-23	response[].fixture.venue.name	str	Molineux Stadium	oui	non	oui	oui	bonne	oui	oui
Forme récente équipe domicile	/fixtures?league=39&season=2025&team=50&from=2025-08-01&to=2026-05-23	response[].goals.away	int	4	oui	non	oui	oui	bonne	oui	oui
Forme récente équipe domicile	/fixtures?league=39&season=2025&team=50&from=2025-08-01&to=2026-05-23	response[].goals.home	int	0	oui	non	oui	oui	bonne	oui	oui
Forme récente équipe domicile	/fixtures?league=39&season=2025&team=50&from=2025-08-01&to=2026-05-23	response[].league.country	str	England	oui	non	oui	oui	bonne	oui	oui
Forme récente équipe domicile	/fixtures?league=39&season=2025&team=50&from=2025-08-01&to=2026-05-23	response[].league.flag	str	https://media.api-sports.io/flags/gb-eng.svg	oui	non	oui	oui	bonne	oui	oui
Forme récente équipe domicile	/fixtures?league=39&season=2025&team=50&from=2025-08-01&to=2026-05-23	response[].league.id	int	39	oui	non	oui	oui	bonne	oui	oui
Forme récente équipe domicile	/fixtures?league=39&season=2025&team=50&from=2025-08-01&to=2026-05-23	response[].league.logo	str	https://media.api-sports.io/football/leagues/39.png	oui	non	oui	oui	bonne	oui	oui
Forme récente équipe domicile	/fixtures?league=39&season=2025&team=50&from=2025-08-01&to=2026-05-23	response[].league.name	str	Premier League	oui	non	oui	oui	bonne	oui	oui
Forme récente équipe domicile	/fixtures?league=39&season=2025&team=50&from=2025-08-01&to=2026-05-23	response[].league.round	str	Regular Season - 1	oui	non	oui	oui	bonne	non	non
Forme récente équipe domicile	/fixtures?league=39&season=2025&team=50&from=2025-08-01&to=2026-05-23	response[].league.season	int	2025	oui	non	oui	oui	bonne	oui	oui
Forme récente équipe domicile	/fixtures?league=39&season=2025&team=50&from=2025-08-01&to=2026-05-23	response[].league.standings	bool	True	oui	non	oui	oui	bonne	non	non
Forme récente équipe domicile	/fixtures?league=39&season=2025&team=50&from=2025-08-01&to=2026-05-23	response[].score.extratime.away	null		oui	non	oui	oui	bonne	non	non
Forme récente équipe domicile	/fixtures?league=39&season=2025&team=50&from=2025-08-01&to=2026-05-23	response[].score.extratime.home	null		oui	non	oui	oui	bonne	non	non
Forme récente équipe domicile	/fixtures?league=39&season=2025&team=50&from=2025-08-01&to=2026-05-23	response[].score.fulltime.away	int	4	oui	non	oui	oui	bonne	non	non
Forme récente équipe domicile	/fixtures?league=39&season=2025&team=50&from=2025-08-01&to=2026-05-23	response[].score.fulltime.home	int	0	oui	non	oui	oui	bonne	non	non
Forme récente équipe domicile	/fixtures?league=39&season=2025&team=50&from=2025-08-01&to=2026-05-23	response[].score.halftime.away	int	2	oui	non	oui	oui	bonne	non	non
Forme récente équipe domicile	/fixtures?league=39&season=2025&team=50&from=2025-08-01&to=2026-05-23	response[].score.halftime.home	int	0	oui	non	oui	oui	bonne	non	non
Forme récente équipe domicile	/fixtures?league=39&season=2025&team=50&from=2025-08-01&to=2026-05-23	response[].score.penalty.away	null		oui	non	oui	oui	bonne	non	non
Forme récente équipe domicile	/fixtures?league=39&season=2025&team=50&from=2025-08-01&to=2026-05-23	response[].score.penalty.home	null		oui	non	oui	oui	bonne	non	non
Forme récente équipe domicile	/fixtures?league=39&season=2025&team=50&from=2025-08-01&to=2026-05-23	response[].teams.away.id	int	50	oui	non	oui	oui	bonne	oui	oui
Forme récente équipe domicile	/fixtures?league=39&season=2025&team=50&from=2025-08-01&to=2026-05-23	response[].teams.away.logo	str	https://media.api-sports.io/football/teams/50.png	oui	non	oui	oui	bonne	oui	oui
Forme récente équipe domicile	/fixtures?league=39&season=2025&team=50&from=2025-08-01&to=2026-05-23	response[].teams.away.name	str	Manchester City	oui	non	oui	oui	bonne	oui	oui
Forme récente équipe domicile	/fixtures?league=39&season=2025&team=50&from=2025-08-01&to=2026-05-23	response[].teams.away.winner	bool	True	oui	non	oui	oui	bonne	non	non
Forme récente équipe domicile	/fixtures?league=39&season=2025&team=50&from=2025-08-01&to=2026-05-23	response[].teams.home.id	int	39	oui	non	oui	oui	bonne	oui	oui
Forme récente équipe domicile	/fixtures?league=39&season=2025&team=50&from=2025-08-01&to=2026-05-23	response[].teams.home.logo	str	https://media.api-sports.io/football/teams/39.png	oui	non	oui	oui	bonne	oui	oui
Forme récente équipe domicile	/fixtures?league=39&season=2025&team=50&from=2025-08-01&to=2026-05-23	response[].teams.home.name	str	Wolves	oui	non	oui	oui	bonne	oui	oui
Forme récente équipe domicile	/fixtures?league=39&season=2025&team=50&from=2025-08-01&to=2026-05-23	response[].teams.home.winner	bool	False	oui	non	oui	oui	bonne	non	non
Forme récente équipe domicile	/fixtures?league=39&season=2025&team=50&from=2025-08-01&to=2026-05-23	results	int	37	oui	non	oui	oui	bonne	non	non
Forme récente équipe extérieure	/fixtures?league=39&season=2025&team=66&from=2025-08-01&to=2026-05-23	errors	array	[]	oui	non	oui	oui	bonne	non	non
Forme récente équipe extérieure	/fixtures?league=39&season=2025&team=66&from=2025-08-01&to=2026-05-23	get	str	fixtures	oui	non	oui	oui	bonne	non	non
Forme récente équipe extérieure	/fixtures?league=39&season=2025&team=66&from=2025-08-01&to=2026-05-23	paging.current	int	1	oui	non	oui	oui	bonne	non	non
Forme récente équipe extérieure	/fixtures?league=39&season=2025&team=66&from=2025-08-01&to=2026-05-23	paging.total	int	1	oui	non	oui	oui	bonne	non	non
Forme récente équipe extérieure	/fixtures?league=39&season=2025&team=66&from=2025-08-01&to=2026-05-23	parameters.from	str	2025-08-01	oui	non	oui	oui	bonne	non	non
Forme récente équipe extérieure	/fixtures?league=39&season=2025&team=66&from=2025-08-01&to=2026-05-23	parameters.league	str	39	oui	non	oui	oui	bonne	non	non
Forme récente équipe extérieure	/fixtures?league=39&season=2025&team=66&from=2025-08-01&to=2026-05-23	parameters.season	str	2025	oui	non	oui	oui	bonne	non	non
Forme récente équipe extérieure	/fixtures?league=39&season=2025&team=66&from=2025-08-01&to=2026-05-23	parameters.team	str	66	oui	non	oui	oui	bonne	non	non
Forme récente équipe extérieure	/fixtures?league=39&season=2025&team=66&from=2025-08-01&to=2026-05-23	parameters.to	str	2026-05-23	oui	non	oui	oui	bonne	non	non
Forme récente équipe extérieure	/fixtures?league=39&season=2025&team=66&from=2025-08-01&to=2026-05-23	response[].fixture.date	str	2025-08-16T11:30:00+00:00	oui	non	oui	oui	bonne	oui	oui
Forme récente équipe extérieure	/fixtures?league=39&season=2025&team=66&from=2025-08-01&to=2026-05-23	response[].fixture.id	int	1378970	oui	non	oui	oui	bonne	oui	oui
Forme récente équipe extérieure	/fixtures?league=39&season=2025&team=66&from=2025-08-01&to=2026-05-23	response[].fixture.periods.first	int	1755343800	oui	non	oui	oui	bonne	non	non
Forme récente équipe extérieure	/fixtures?league=39&season=2025&team=66&from=2025-08-01&to=2026-05-23	response[].fixture.periods.second	int	1755347400	oui	non	oui	oui	bonne	non	non
Forme récente équipe extérieure	/fixtures?league=39&season=2025&team=66&from=2025-08-01&to=2026-05-23	response[].fixture.referee	str	C. Pawson	oui	non	oui	oui	bonne	non	non
Forme récente équipe extérieure	/fixtures?league=39&season=2025&team=66&from=2025-08-01&to=2026-05-23	response[].fixture.status.elapsed	int	90	oui	non	oui	oui	bonne	non	non
Forme récente équipe extérieure	/fixtures?league=39&season=2025&team=66&from=2025-08-01&to=2026-05-23	response[].fixture.status.extra	int	7	oui	non	oui	oui	bonne	non	non
Forme récente équipe extérieure	/fixtures?league=39&season=2025&team=66&from=2025-08-01&to=2026-05-23	response[].fixture.status.long	str	Match Finished	oui	non	oui	oui	bonne	oui	non
Forme récente équipe extérieure	/fixtures?league=39&season=2025&team=66&from=2025-08-01&to=2026-05-23	response[].fixture.status.short	str	FT	oui	non	oui	oui	bonne	oui	oui
Forme récente équipe extérieure	/fixtures?league=39&season=2025&team=66&from=2025-08-01&to=2026-05-23	response[].fixture.timestamp	int	1755343800	oui	non	oui	oui	bonne	non	non
Forme récente équipe extérieure	/fixtures?league=39&season=2025&team=66&from=2025-08-01&to=2026-05-23	response[].fixture.timezone	str	UTC	oui	non	oui	oui	bonne	non	non
Forme récente équipe extérieure	/fixtures?league=39&season=2025&team=66&from=2025-08-01&to=2026-05-23	response[].fixture.venue.city	str	Birmingham	oui	non	oui	oui	bonne	oui	oui
Forme récente équipe extérieure	/fixtures?league=39&season=2025&team=66&from=2025-08-01&to=2026-05-23	response[].fixture.venue.id	int	495	oui	non	oui	oui	bonne	non	non
Forme récente équipe extérieure	/fixtures?league=39&season=2025&team=66&from=2025-08-01&to=2026-05-23	response[].fixture.venue.name	str	Villa Park	oui	non	oui	oui	bonne	oui	oui
Forme récente équipe extérieure	/fixtures?league=39&season=2025&team=66&from=2025-08-01&to=2026-05-23	response[].goals.away	int	0	oui	non	oui	oui	bonne	oui	oui
Forme récente équipe extérieure	/fixtures?league=39&season=2025&team=66&from=2025-08-01&to=2026-05-23	response[].goals.home	int	0	oui	non	oui	oui	bonne	oui	oui
Forme récente équipe extérieure	/fixtures?league=39&season=2025&team=66&from=2025-08-01&to=2026-05-23	response[].league.country	str	England	oui	non	oui	oui	bonne	oui	oui
Forme récente équipe extérieure	/fixtures?league=39&season=2025&team=66&from=2025-08-01&to=2026-05-23	response[].league.flag	str	https://media.api-sports.io/flags/gb-eng.svg	oui	non	oui	oui	bonne	oui	oui
Forme récente équipe extérieure	/fixtures?league=39&season=2025&team=66&from=2025-08-01&to=2026-05-23	response[].league.id	int	39	oui	non	oui	oui	bonne	oui	oui
Forme récente équipe extérieure	/fixtures?league=39&season=2025&team=66&from=2025-08-01&to=2026-05-23	response[].league.logo	str	https://media.api-sports.io/football/leagues/39.png	oui	non	oui	oui	bonne	oui	oui
Forme récente équipe extérieure	/fixtures?league=39&season=2025&team=66&from=2025-08-01&to=2026-05-23	response[].league.name	str	Premier League	oui	non	oui	oui	bonne	oui	oui
Forme récente équipe extérieure	/fixtures?league=39&season=2025&team=66&from=2025-08-01&to=2026-05-23	response[].league.round	str	Regular Season - 1	oui	non	oui	oui	bonne	non	non
Forme récente équipe extérieure	/fixtures?league=39&season=2025&team=66&from=2025-08-01&to=2026-05-23	response[].league.season	int	2025	oui	non	oui	oui	bonne	oui	oui
Forme récente équipe extérieure	/fixtures?league=39&season=2025&team=66&from=2025-08-01&to=2026-05-23	response[].league.standings	bool	True	oui	non	oui	oui	bonne	non	non
Forme récente équipe extérieure	/fixtures?league=39&season=2025&team=66&from=2025-08-01&to=2026-05-23	response[].score.extratime.away	null		oui	non	oui	oui	bonne	non	non
Forme récente équipe extérieure	/fixtures?league=39&season=2025&team=66&from=2025-08-01&to=2026-05-23	response[].score.extratime.home	null		oui	non	oui	oui	bonne	non	non
Forme récente équipe extérieure	/fixtures?league=39&season=2025&team=66&from=2025-08-01&to=2026-05-23	response[].score.fulltime.away	int	0	oui	non	oui	oui	bonne	non	non
Forme récente équipe extérieure	/fixtures?league=39&season=2025&team=66&from=2025-08-01&to=2026-05-23	response[].score.fulltime.home	int	0	oui	non	oui	oui	bonne	non	non
Forme récente équipe extérieure	/fixtures?league=39&season=2025&team=66&from=2025-08-01&to=2026-05-23	response[].score.halftime.away	int	0	oui	non	oui	oui	bonne	non	non
Forme récente équipe extérieure	/fixtures?league=39&season=2025&team=66&from=2025-08-01&to=2026-05-23	response[].score.halftime.home	int	0	oui	non	oui	oui	bonne	non	non
Forme récente équipe extérieure	/fixtures?league=39&season=2025&team=66&from=2025-08-01&to=2026-05-23	response[].score.penalty.away	null		oui	non	oui	oui	bonne	non	non
Forme récente équipe extérieure	/fixtures?league=39&season=2025&team=66&from=2025-08-01&to=2026-05-23	response[].score.penalty.home	null		oui	non	oui	oui	bonne	non	non
Forme récente équipe extérieure	/fixtures?league=39&season=2025&team=66&from=2025-08-01&to=2026-05-23	response[].teams.away.id	int	34	oui	non	oui	oui	bonne	oui	oui
Forme récente équipe extérieure	/fixtures?league=39&season=2025&team=66&from=2025-08-01&to=2026-05-23	response[].teams.away.logo	str	https://media.api-sports.io/football/teams/34.png	oui	non	oui	oui	bonne	oui	oui
Forme récente équipe extérieure	/fixtures?league=39&season=2025&team=66&from=2025-08-01&to=2026-05-23	response[].teams.away.name	str	Newcastle	oui	non	oui	oui	bonne	oui	oui
Forme récente équipe extérieure	/fixtures?league=39&season=2025&team=66&from=2025-08-01&to=2026-05-23	response[].teams.away.winner	null		oui	non	oui	oui	bonne	non	non
Forme récente équipe extérieure	/fixtures?league=39&season=2025&team=66&from=2025-08-01&to=2026-05-23	response[].teams.home.id	int	66	oui	non	oui	oui	bonne	oui	oui
Forme récente équipe extérieure	/fixtures?league=39&season=2025&team=66&from=2025-08-01&to=2026-05-23	response[].teams.home.logo	str	https://media.api-sports.io/football/teams/66.png	oui	non	oui	oui	bonne	oui	oui
Forme récente équipe extérieure	/fixtures?league=39&season=2025&team=66&from=2025-08-01&to=2026-05-23	response[].teams.home.name	str	Aston Villa	oui	non	oui	oui	bonne	oui	oui
Forme récente équipe extérieure	/fixtures?league=39&season=2025&team=66&from=2025-08-01&to=2026-05-23	response[].teams.home.winner	null		oui	non	oui	oui	bonne	non	non
Forme récente équipe extérieure	/fixtures?league=39&season=2025&team=66&from=2025-08-01&to=2026-05-23	results	int	37	oui	non	oui	oui	bonne	non	non
Résultats domicile/extérieur saison	/fixtures?league=39&season=2025&team=50	errors	array	[]	non	non	oui	oui	bonne	non	non
Résultats domicile/extérieur saison	/fixtures?league=39&season=2025&team=50	get	str	fixtures	non	non	oui	oui	bonne	non	non
Résultats domicile/extérieur saison	/fixtures?league=39&season=2025&team=50	paging.current	int	1	non	non	oui	oui	bonne	non	non
Résultats domicile/extérieur saison	/fixtures?league=39&season=2025&team=50	paging.total	int	1	non	non	oui	oui	bonne	non	non
Résultats domicile/extérieur saison	/fixtures?league=39&season=2025&team=50	parameters.league	str	39	non	non	oui	oui	bonne	non	non
Résultats domicile/extérieur saison	/fixtures?league=39&season=2025&team=50	parameters.season	str	2025	non	non	oui	oui	bonne	non	non
Résultats domicile/extérieur saison	/fixtures?league=39&season=2025&team=50	parameters.team	str	50	non	non	oui	oui	bonne	non	non
Résultats domicile/extérieur saison	/fixtures?league=39&season=2025&team=50	response[].fixture.date	str	2025-08-16T16:30:00+00:00	non	non	oui	oui	bonne	oui	oui
Résultats domicile/extérieur saison	/fixtures?league=39&season=2025&team=50	response[].fixture.id	int	1378975	non	non	oui	oui	bonne	oui	oui
Résultats domicile/extérieur saison	/fixtures?league=39&season=2025&team=50	response[].fixture.periods.first	int	1755361800	non	non	oui	oui	bonne	non	non
Résultats domicile/extérieur saison	/fixtures?league=39&season=2025&team=50	response[].fixture.periods.second	int	1755365400	non	non	oui	oui	bonne	non	non
Résultats domicile/extérieur saison	/fixtures?league=39&season=2025&team=50	response[].fixture.referee	str	J. Gillett	non	non	oui	oui	bonne	non	non
Résultats domicile/extérieur saison	/fixtures?league=39&season=2025&team=50	response[].fixture.status.elapsed	int	90	non	non	oui	oui	bonne	non	non
Résultats domicile/extérieur saison	/fixtures?league=39&season=2025&team=50	response[].fixture.status.extra	int	8	non	non	oui	oui	bonne	non	non
Résultats domicile/extérieur saison	/fixtures?league=39&season=2025&team=50	response[].fixture.status.long	str	Match Finished	non	non	oui	oui	bonne	oui	non
Résultats domicile/extérieur saison	/fixtures?league=39&season=2025&team=50	response[].fixture.status.short	str	FT	non	non	oui	oui	bonne	oui	oui
Résultats domicile/extérieur saison	/fixtures?league=39&season=2025&team=50	response[].fixture.timestamp	int	1755361800	non	non	oui	oui	bonne	non	non
Résultats domicile/extérieur saison	/fixtures?league=39&season=2025&team=50	response[].fixture.timezone	str	UTC	non	non	oui	oui	bonne	non	non
Résultats domicile/extérieur saison	/fixtures?league=39&season=2025&team=50	response[].fixture.venue.city	str	Wolverhampton	non	non	oui	oui	bonne	oui	oui
Résultats domicile/extérieur saison	/fixtures?league=39&season=2025&team=50	response[].fixture.venue.id	int	600	non	non	oui	oui	bonne	non	non
Résultats domicile/extérieur saison	/fixtures?league=39&season=2025&team=50	response[].fixture.venue.name	str	Molineux Stadium	non	non	oui	oui	bonne	oui	oui
Résultats domicile/extérieur saison	/fixtures?league=39&season=2025&team=50	response[].goals.away	int	4	non	non	oui	oui	bonne	oui	oui
Résultats domicile/extérieur saison	/fixtures?league=39&season=2025&team=50	response[].goals.home	int	0	non	non	oui	oui	bonne	oui	oui
Résultats domicile/extérieur saison	/fixtures?league=39&season=2025&team=50	response[].league.country	str	England	non	non	oui	oui	bonne	oui	oui
Résultats domicile/extérieur saison	/fixtures?league=39&season=2025&team=50	response[].league.flag	str	https://media.api-sports.io/flags/gb-eng.svg	non	non	oui	oui	bonne	oui	oui
Résultats domicile/extérieur saison	/fixtures?league=39&season=2025&team=50	response[].league.id	int	39	non	non	oui	oui	bonne	oui	oui
Résultats domicile/extérieur saison	/fixtures?league=39&season=2025&team=50	response[].league.logo	str	https://media.api-sports.io/football/leagues/39.png	non	non	oui	oui	bonne	oui	oui
Résultats domicile/extérieur saison	/fixtures?league=39&season=2025&team=50	response[].league.name	str	Premier League	non	non	oui	oui	bonne	oui	oui
Résultats domicile/extérieur saison	/fixtures?league=39&season=2025&team=50	response[].league.round	str	Regular Season - 1	non	non	oui	oui	bonne	non	non
Résultats domicile/extérieur saison	/fixtures?league=39&season=2025&team=50	response[].league.season	int	2025	non	non	oui	oui	bonne	oui	oui
Résultats domicile/extérieur saison	/fixtures?league=39&season=2025&team=50	response[].league.standings	bool	True	non	non	oui	oui	bonne	non	non
Résultats domicile/extérieur saison	/fixtures?league=39&season=2025&team=50	response[].score.extratime.away	null		non	non	oui	oui	bonne	non	non
Résultats domicile/extérieur saison	/fixtures?league=39&season=2025&team=50	response[].score.extratime.home	null		non	non	oui	oui	bonne	non	non
Résultats domicile/extérieur saison	/fixtures?league=39&season=2025&team=50	response[].score.fulltime.away	int	4	non	non	oui	oui	bonne	non	non
Résultats domicile/extérieur saison	/fixtures?league=39&season=2025&team=50	response[].score.fulltime.home	int	0	non	non	oui	oui	bonne	non	non
Résultats domicile/extérieur saison	/fixtures?league=39&season=2025&team=50	response[].score.halftime.away	int	2	non	non	oui	oui	bonne	non	non
Résultats domicile/extérieur saison	/fixtures?league=39&season=2025&team=50	response[].score.halftime.home	int	0	non	non	oui	oui	bonne	non	non
Résultats domicile/extérieur saison	/fixtures?league=39&season=2025&team=50	response[].score.penalty.away	null		non	non	oui	oui	bonne	non	non
Résultats domicile/extérieur saison	/fixtures?league=39&season=2025&team=50	response[].score.penalty.home	null		non	non	oui	oui	bonne	non	non
Résultats domicile/extérieur saison	/fixtures?league=39&season=2025&team=50	response[].teams.away.id	int	50	non	non	oui	oui	bonne	oui	oui
Résultats domicile/extérieur saison	/fixtures?league=39&season=2025&team=50	response[].teams.away.logo	str	https://media.api-sports.io/football/teams/50.png	non	non	oui	oui	bonne	oui	oui
Résultats domicile/extérieur saison	/fixtures?league=39&season=2025&team=50	response[].teams.away.name	str	Manchester City	non	non	oui	oui	bonne	oui	oui
Résultats domicile/extérieur saison	/fixtures?league=39&season=2025&team=50	response[].teams.away.winner	bool	True	non	non	oui	oui	bonne	non	non
Résultats domicile/extérieur saison	/fixtures?league=39&season=2025&team=50	response[].teams.home.id	int	39	non	non	oui	oui	bonne	oui	oui
Résultats domicile/extérieur saison	/fixtures?league=39&season=2025&team=50	response[].teams.home.logo	str	https://media.api-sports.io/football/teams/39.png	non	non	oui	oui	bonne	oui	oui
Résultats domicile/extérieur saison	/fixtures?league=39&season=2025&team=50	response[].teams.home.name	str	Wolves	non	non	oui	oui	bonne	oui	oui
Résultats domicile/extérieur saison	/fixtures?league=39&season=2025&team=50	response[].teams.home.winner	bool	False	non	non	oui	oui	bonne	non	non
Résultats domicile/extérieur saison	/fixtures?league=39&season=2025&team=50	results	int	38	non	non	oui	oui	bonne	non	non
Résultats domicile/extérieur saison	/fixtures?league=39&season=2025&team=66	errors	array	[]	non	non	oui	oui	bonne	non	non
Résultats domicile/extérieur saison	/fixtures?league=39&season=2025&team=66	get	str	fixtures	non	non	oui	oui	bonne	non	non
Résultats domicile/extérieur saison	/fixtures?league=39&season=2025&team=66	paging.current	int	1	non	non	oui	oui	bonne	non	non
Résultats domicile/extérieur saison	/fixtures?league=39&season=2025&team=66	paging.total	int	1	non	non	oui	oui	bonne	non	non
Résultats domicile/extérieur saison	/fixtures?league=39&season=2025&team=66	parameters.league	str	39	non	non	oui	oui	bonne	non	non
Résultats domicile/extérieur saison	/fixtures?league=39&season=2025&team=66	parameters.season	str	2025	non	non	oui	oui	bonne	non	non
Résultats domicile/extérieur saison	/fixtures?league=39&season=2025&team=66	parameters.team	str	66	non	non	oui	oui	bonne	non	non
Résultats domicile/extérieur saison	/fixtures?league=39&season=2025&team=66	response[].fixture.date	str	2025-08-16T11:30:00+00:00	non	non	oui	oui	bonne	oui	oui
Résultats domicile/extérieur saison	/fixtures?league=39&season=2025&team=66	response[].fixture.id	int	1378970	non	non	oui	oui	bonne	oui	oui
Résultats domicile/extérieur saison	/fixtures?league=39&season=2025&team=66	response[].fixture.periods.first	int	1755343800	non	non	oui	oui	bonne	non	non
Résultats domicile/extérieur saison	/fixtures?league=39&season=2025&team=66	response[].fixture.periods.second	int	1755347400	non	non	oui	oui	bonne	non	non
Résultats domicile/extérieur saison	/fixtures?league=39&season=2025&team=66	response[].fixture.referee	str	C. Pawson	non	non	oui	oui	bonne	non	non
Résultats domicile/extérieur saison	/fixtures?league=39&season=2025&team=66	response[].fixture.status.elapsed	int	90	non	non	oui	oui	bonne	non	non
Résultats domicile/extérieur saison	/fixtures?league=39&season=2025&team=66	response[].fixture.status.extra	int	7	non	non	oui	oui	bonne	non	non
Résultats domicile/extérieur saison	/fixtures?league=39&season=2025&team=66	response[].fixture.status.long	str	Match Finished	non	non	oui	oui	bonne	oui	non
Résultats domicile/extérieur saison	/fixtures?league=39&season=2025&team=66	response[].fixture.status.short	str	FT	non	non	oui	oui	bonne	oui	oui
Résultats domicile/extérieur saison	/fixtures?league=39&season=2025&team=66	response[].fixture.timestamp	int	1755343800	non	non	oui	oui	bonne	non	non
Résultats domicile/extérieur saison	/fixtures?league=39&season=2025&team=66	response[].fixture.timezone	str	UTC	non	non	oui	oui	bonne	non	non
Résultats domicile/extérieur saison	/fixtures?league=39&season=2025&team=66	response[].fixture.venue.city	str	Birmingham	non	non	oui	oui	bonne	oui	oui
Résultats domicile/extérieur saison	/fixtures?league=39&season=2025&team=66	response[].fixture.venue.id	int	495	non	non	oui	oui	bonne	non	non
Résultats domicile/extérieur saison	/fixtures?league=39&season=2025&team=66	response[].fixture.venue.name	str	Villa Park	non	non	oui	oui	bonne	oui	oui
Résultats domicile/extérieur saison	/fixtures?league=39&season=2025&team=66	response[].goals.away	int	0	non	non	oui	oui	bonne	oui	oui
Résultats domicile/extérieur saison	/fixtures?league=39&season=2025&team=66	response[].goals.home	int	0	non	non	oui	oui	bonne	oui	oui
Résultats domicile/extérieur saison	/fixtures?league=39&season=2025&team=66	response[].league.country	str	England	non	non	oui	oui	bonne	oui	oui
Résultats domicile/extérieur saison	/fixtures?league=39&season=2025&team=66	response[].league.flag	str	https://media.api-sports.io/flags/gb-eng.svg	non	non	oui	oui	bonne	oui	oui
Résultats domicile/extérieur saison	/fixtures?league=39&season=2025&team=66	response[].league.id	int	39	non	non	oui	oui	bonne	oui	oui
Résultats domicile/extérieur saison	/fixtures?league=39&season=2025&team=66	response[].league.logo	str	https://media.api-sports.io/football/leagues/39.png	non	non	oui	oui	bonne	oui	oui
Résultats domicile/extérieur saison	/fixtures?league=39&season=2025&team=66	response[].league.name	str	Premier League	non	non	oui	oui	bonne	oui	oui
Résultats domicile/extérieur saison	/fixtures?league=39&season=2025&team=66	response[].league.round	str	Regular Season - 1	non	non	oui	oui	bonne	non	non
Résultats domicile/extérieur saison	/fixtures?league=39&season=2025&team=66	response[].league.season	int	2025	non	non	oui	oui	bonne	oui	oui
Résultats domicile/extérieur saison	/fixtures?league=39&season=2025&team=66	response[].league.standings	bool	True	non	non	oui	oui	bonne	non	non
Résultats domicile/extérieur saison	/fixtures?league=39&season=2025&team=66	response[].score.extratime.away	null		non	non	oui	oui	bonne	non	non
Résultats domicile/extérieur saison	/fixtures?league=39&season=2025&team=66	response[].score.extratime.home	null		non	non	oui	oui	bonne	non	non
Résultats domicile/extérieur saison	/fixtures?league=39&season=2025&team=66	response[].score.fulltime.away	int	0	non	non	oui	oui	bonne	non	non
Résultats domicile/extérieur saison	/fixtures?league=39&season=2025&team=66	response[].score.fulltime.home	int	0	non	non	oui	oui	bonne	non	non
Résultats domicile/extérieur saison	/fixtures?league=39&season=2025&team=66	response[].score.halftime.away	int	0	non	non	oui	oui	bonne	non	non
Résultats domicile/extérieur saison	/fixtures?league=39&season=2025&team=66	response[].score.halftime.home	int	0	non	non	oui	oui	bonne	non	non
Résultats domicile/extérieur saison	/fixtures?league=39&season=2025&team=66	response[].score.penalty.away	null		non	non	oui	oui	bonne	non	non
Résultats domicile/extérieur saison	/fixtures?league=39&season=2025&team=66	response[].score.penalty.home	null		non	non	oui	oui	bonne	non	non
Résultats domicile/extérieur saison	/fixtures?league=39&season=2025&team=66	response[].teams.away.id	int	34	non	non	oui	oui	bonne	oui	oui
Résultats domicile/extérieur saison	/fixtures?league=39&season=2025&team=66	response[].teams.away.logo	str	https://media.api-sports.io/football/teams/34.png	non	non	oui	oui	bonne	oui	oui
Résultats domicile/extérieur saison	/fixtures?league=39&season=2025&team=66	response[].teams.away.name	str	Newcastle	non	non	oui	oui	bonne	oui	oui
Résultats domicile/extérieur saison	/fixtures?league=39&season=2025&team=66	response[].teams.away.winner	null		non	non	oui	oui	bonne	non	non
Résultats domicile/extérieur saison	/fixtures?league=39&season=2025&team=66	response[].teams.home.id	int	66	non	non	oui	oui	bonne	oui	oui
Résultats domicile/extérieur saison	/fixtures?league=39&season=2025&team=66	response[].teams.home.logo	str	https://media.api-sports.io/football/teams/66.png	non	non	oui	oui	bonne	oui	oui
Résultats domicile/extérieur saison	/fixtures?league=39&season=2025&team=66	response[].teams.home.name	str	Aston Villa	non	non	oui	oui	bonne	oui	oui
Résultats domicile/extérieur saison	/fixtures?league=39&season=2025&team=66	response[].teams.home.winner	null		non	non	oui	oui	bonne	non	non
Résultats domicile/extérieur saison	/fixtures?league=39&season=2025&team=66	results	int	38	non	non	oui	oui	bonne	non	non
Confrontations directes	/fixtures/headtohead?h2h=50-66&last=10	errors	array	[]	oui	non	oui	oui	bonne	non	non
Confrontations directes	/fixtures/headtohead?h2h=50-66&last=10	get	str	fixtures/headtohead	oui	non	oui	oui	bonne	non	non
Confrontations directes	/fixtures/headtohead?h2h=50-66&last=10	paging.current	int	1	oui	non	oui	oui	bonne	non	non
Confrontations directes	/fixtures/headtohead?h2h=50-66&last=10	paging.total	int	1	oui	non	oui	oui	bonne	non	non
Confrontations directes	/fixtures/headtohead?h2h=50-66&last=10	parameters.h2h	str	50-66	oui	non	oui	oui	bonne	non	non
Confrontations directes	/fixtures/headtohead?h2h=50-66&last=10	parameters.last	str	10	oui	non	oui	oui	bonne	non	non
Confrontations directes	/fixtures/headtohead?h2h=50-66&last=10	response[].fixture.date	str	2026-05-24T15:00:00+00:00	oui	non	oui	oui	bonne	oui	oui
Confrontations directes	/fixtures/headtohead?h2h=50-66&last=10	response[].fixture.id	int	1379344	oui	non	oui	oui	bonne	oui	oui
Confrontations directes	/fixtures/headtohead?h2h=50-66&last=10	response[].fixture.periods.first	int	1779634800	oui	non	oui	oui	bonne	non	non
Confrontations directes	/fixtures/headtohead?h2h=50-66&last=10	response[].fixture.periods.second	int	1779638400	oui	non	oui	oui	bonne	non	non
Confrontations directes	/fixtures/headtohead?h2h=50-66&last=10	response[].fixture.referee	str	A. Madley	oui	non	oui	oui	bonne	non	non
Confrontations directes	/fixtures/headtohead?h2h=50-66&last=10	response[].fixture.status.elapsed	int	90	oui	non	oui	oui	bonne	non	non
Confrontations directes	/fixtures/headtohead?h2h=50-66&last=10	response[].fixture.status.extra	int	12	oui	non	oui	oui	bonne	non	non
Confrontations directes	/fixtures/headtohead?h2h=50-66&last=10	response[].fixture.status.long	str	Match Finished	oui	non	oui	oui	bonne	oui	non
Confrontations directes	/fixtures/headtohead?h2h=50-66&last=10	response[].fixture.status.short	str	FT	oui	non	oui	oui	bonne	oui	oui
Confrontations directes	/fixtures/headtohead?h2h=50-66&last=10	response[].fixture.timestamp	int	1779634800	oui	non	oui	oui	bonne	non	non
Confrontations directes	/fixtures/headtohead?h2h=50-66&last=10	response[].fixture.timezone	str	UTC	oui	non	oui	oui	bonne	non	non
Confrontations directes	/fixtures/headtohead?h2h=50-66&last=10	response[].fixture.venue.city	str	Manchester	oui	non	oui	oui	bonne	oui	oui
Confrontations directes	/fixtures/headtohead?h2h=50-66&last=10	response[].fixture.venue.id	int	555	oui	non	oui	oui	bonne	non	non
Confrontations directes	/fixtures/headtohead?h2h=50-66&last=10	response[].fixture.venue.name	str	Etihad Stadium	oui	non	oui	oui	bonne	oui	oui
Confrontations directes	/fixtures/headtohead?h2h=50-66&last=10	response[].goals.away	int	2	oui	non	oui	oui	bonne	oui	oui
Confrontations directes	/fixtures/headtohead?h2h=50-66&last=10	response[].goals.home	int	1	oui	non	oui	oui	bonne	oui	oui
Confrontations directes	/fixtures/headtohead?h2h=50-66&last=10	response[].league.country	str	England	oui	non	oui	oui	bonne	oui	oui
Confrontations directes	/fixtures/headtohead?h2h=50-66&last=10	response[].league.flag	str	https://media.api-sports.io/flags/gb-eng.svg	oui	non	oui	oui	bonne	oui	oui
Confrontations directes	/fixtures/headtohead?h2h=50-66&last=10	response[].league.id	int	39	oui	non	oui	oui	bonne	oui	oui
Confrontations directes	/fixtures/headtohead?h2h=50-66&last=10	response[].league.logo	str	https://media.api-sports.io/football/leagues/39.png	oui	non	oui	oui	bonne	oui	oui
Confrontations directes	/fixtures/headtohead?h2h=50-66&last=10	response[].league.name	str	Premier League	oui	non	oui	oui	bonne	oui	oui
Confrontations directes	/fixtures/headtohead?h2h=50-66&last=10	response[].league.round	str	Regular Season - 38	oui	non	oui	oui	bonne	non	non
Confrontations directes	/fixtures/headtohead?h2h=50-66&last=10	response[].league.season	int	2025	oui	non	oui	oui	bonne	oui	oui
Confrontations directes	/fixtures/headtohead?h2h=50-66&last=10	response[].league.standings	bool	True	oui	non	oui	oui	bonne	non	non
Confrontations directes	/fixtures/headtohead?h2h=50-66&last=10	response[].score.extratime.away	null		oui	non	oui	oui	bonne	non	non
Confrontations directes	/fixtures/headtohead?h2h=50-66&last=10	response[].score.extratime.home	null		oui	non	oui	oui	bonne	non	non
Confrontations directes	/fixtures/headtohead?h2h=50-66&last=10	response[].score.fulltime.away	int	2	oui	non	oui	oui	bonne	non	non
Confrontations directes	/fixtures/headtohead?h2h=50-66&last=10	response[].score.fulltime.home	int	1	oui	non	oui	oui	bonne	non	non
Confrontations directes	/fixtures/headtohead?h2h=50-66&last=10	response[].score.halftime.away	int	0	oui	non	oui	oui	bonne	non	non
Confrontations directes	/fixtures/headtohead?h2h=50-66&last=10	response[].score.halftime.home	int	1	oui	non	oui	oui	bonne	non	non
Confrontations directes	/fixtures/headtohead?h2h=50-66&last=10	response[].score.penalty.away	null		oui	non	oui	oui	bonne	non	non
Confrontations directes	/fixtures/headtohead?h2h=50-66&last=10	response[].score.penalty.home	null		oui	non	oui	oui	bonne	non	non
Confrontations directes	/fixtures/headtohead?h2h=50-66&last=10	response[].teams.away.id	int	66	oui	non	oui	oui	bonne	oui	oui
Confrontations directes	/fixtures/headtohead?h2h=50-66&last=10	response[].teams.away.logo	str	https://media.api-sports.io/football/teams/66.png	oui	non	oui	oui	bonne	oui	oui
Confrontations directes	/fixtures/headtohead?h2h=50-66&last=10	response[].teams.away.name	str	Aston Villa	oui	non	oui	oui	bonne	oui	oui
Confrontations directes	/fixtures/headtohead?h2h=50-66&last=10	response[].teams.away.winner	bool	True	oui	non	oui	oui	bonne	non	non
Confrontations directes	/fixtures/headtohead?h2h=50-66&last=10	response[].teams.home.id	int	50	oui	non	oui	oui	bonne	oui	oui
Confrontations directes	/fixtures/headtohead?h2h=50-66&last=10	response[].teams.home.logo	str	https://media.api-sports.io/football/teams/50.png	oui	non	oui	oui	bonne	oui	oui
Confrontations directes	/fixtures/headtohead?h2h=50-66&last=10	response[].teams.home.name	str	Manchester City	oui	non	oui	oui	bonne	oui	oui
Confrontations directes	/fixtures/headtohead?h2h=50-66&last=10	response[].teams.home.winner	bool	False	oui	non	oui	oui	bonne	non	non
Confrontations directes	/fixtures/headtohead?h2h=50-66&last=10	results	int	10	oui	non	oui	oui	bonne	non	non
Effectif équipe domicile	/players/squads?team=50	errors	array	[]	oui	non	oui	oui	bonne	non	non
Effectif équipe domicile	/players/squads?team=50	get	str	players/squads	oui	non	oui	oui	bonne	non	non
Effectif équipe domicile	/players/squads?team=50	paging.current	int	1	oui	non	oui	oui	bonne	non	non
Effectif équipe domicile	/players/squads?team=50	paging.total	int	1	oui	non	oui	oui	bonne	non	non
Effectif équipe domicile	/players/squads?team=50	parameters.team	str	50	oui	non	oui	oui	bonne	non	non
Effectif équipe domicile	/players/squads?team=50	response[].players[].age	int	33	oui	non	oui	oui	bonne	non	non
Effectif équipe domicile	/players/squads?team=50	response[].players[].id	int	19012	oui	non	oui	oui	bonne	non	non
Effectif équipe domicile	/players/squads?team=50	response[].players[].name	str	M. Bettinelli	oui	non	oui	oui	bonne	non	non
Effectif équipe domicile	/players/squads?team=50	response[].players[].number	int	13	oui	non	oui	oui	bonne	non	non
Effectif équipe domicile	/players/squads?team=50	response[].players[].photo	str	https://media.api-sports.io/football/players/19012.png	oui	non	oui	oui	bonne	non	non
Effectif équipe domicile	/players/squads?team=50	response[].players[].position	str	Goalkeeper	oui	non	oui	oui	bonne	non	non
Effectif équipe domicile	/players/squads?team=50	response[].team.id	int	50	oui	non	oui	oui	bonne	non	non
Effectif équipe domicile	/players/squads?team=50	response[].team.logo	str	https://media.api-sports.io/football/teams/50.png	oui	non	oui	oui	bonne	non	non
Effectif équipe domicile	/players/squads?team=50	response[].team.name	str	Manchester City	oui	non	oui	oui	bonne	non	non
Effectif équipe domicile	/players/squads?team=50	results	int	1	oui	non	oui	oui	bonne	non	non
Effectif équipe extérieure	/players/squads?team=66	errors	array	[]	oui	non	oui	oui	bonne	non	non
Effectif équipe extérieure	/players/squads?team=66	get	str	players/squads	oui	non	oui	oui	bonne	non	non
Effectif équipe extérieure	/players/squads?team=66	paging.current	int	1	oui	non	oui	oui	bonne	non	non
Effectif équipe extérieure	/players/squads?team=66	paging.total	int	1	oui	non	oui	oui	bonne	non	non
Effectif équipe extérieure	/players/squads?team=66	parameters.team	str	66	oui	non	oui	oui	bonne	non	non
Effectif équipe extérieure	/players/squads?team=66	response[].players[].age	int	34	oui	non	oui	oui	bonne	non	non
Effectif équipe extérieure	/players/squads?team=66	response[].players[].id	int	36878	oui	non	oui	oui	bonne	non	non
Effectif équipe extérieure	/players/squads?team=66	response[].players[].name	str	M. Bizot	oui	non	oui	oui	bonne	non	non
Effectif équipe extérieure	/players/squads?team=66	response[].players[].number	int	40	oui	non	oui	oui	bonne	non	non
Effectif équipe extérieure	/players/squads?team=66	response[].players[].photo	str	https://media.api-sports.io/football/players/36878.png	oui	non	oui	oui	bonne	non	non
Effectif équipe extérieure	/players/squads?team=66	response[].players[].position	str	Goalkeeper	oui	non	oui	oui	bonne	non	non
Effectif équipe extérieure	/players/squads?team=66	response[].team.id	int	66	oui	non	oui	oui	bonne	non	non
Effectif équipe extérieure	/players/squads?team=66	response[].team.logo	str	https://media.api-sports.io/football/teams/66.png	oui	non	oui	oui	bonne	non	non
Effectif équipe extérieure	/players/squads?team=66	response[].team.name	str	Aston Villa	oui	non	oui	oui	bonne	non	non
Effectif équipe extérieure	/players/squads?team=66	results	int	1	oui	non	oui	oui	bonne	non	non
Joueurs équipe domicile	/players?league=39&season=2025&team=50&page=1	errors	array	[]	oui	non	oui	oui	bonne	non	non
Joueurs équipe domicile	/players?league=39&season=2025&team=50&page=1	get	str	players	oui	non	oui	oui	bonne	non	non
Joueurs équipe domicile	/players?league=39&season=2025&team=50&page=1	paging.current	int	1	oui	non	oui	oui	bonne	non	non
Joueurs équipe domicile	/players?league=39&season=2025&team=50&page=1	paging.total	int	2	oui	non	oui	oui	bonne	non	non
Joueurs équipe domicile	/players?league=39&season=2025&team=50&page=1	parameters.league	str	39	oui	non	oui	oui	bonne	non	non
Joueurs équipe domicile	/players?league=39&season=2025&team=50&page=1	parameters.page	str	1	oui	non	oui	oui	bonne	non	non
Joueurs équipe domicile	/players?league=39&season=2025&team=50&page=1	parameters.season	str	2025	oui	non	oui	oui	bonne	non	non
Joueurs équipe domicile	/players?league=39&season=2025&team=50&page=1	parameters.team	str	50	oui	non	oui	oui	bonne	non	non
Joueurs équipe domicile	/players?league=39&season=2025&team=50&page=1	response[].player.age	int	25	oui	non	oui	oui	bonne	non	non
Joueurs équipe domicile	/players?league=39&season=2025&team=50&page=1	response[].player.birth.country	str	England	oui	non	oui	oui	bonne	non	non
Joueurs équipe domicile	/players?league=39&season=2025&team=50&page=1	response[].player.birth.date	str	2000-01-07	oui	non	oui	oui	bonne	non	non
Joueurs équipe domicile	/players?league=39&season=2025&team=50&page=1	response[].player.birth.place	str	London	oui	non	oui	oui	bonne	non	non
Joueurs équipe domicile	/players?league=39&season=2025&team=50&page=1	response[].player.firstname	str	Antoine Serlom	oui	non	oui	oui	bonne	non	non
Joueurs équipe domicile	/players?league=39&season=2025&team=50&page=1	response[].player.height	str	185	oui	non	oui	oui	bonne	non	non
Joueurs équipe domicile	/players?league=39&season=2025&team=50&page=1	response[].player.id	int	19281	oui	non	oui	oui	bonne	non	non
Joueurs équipe domicile	/players?league=39&season=2025&team=50&page=1	response[].player.injured	bool	False	oui	non	oui	oui	bonne	non	non
Joueurs équipe domicile	/players?league=39&season=2025&team=50&page=1	response[].player.lastname	str	Semenyo	oui	non	oui	oui	bonne	non	non
Joueurs équipe domicile	/players?league=39&season=2025&team=50&page=1	response[].player.name	str	A. Semenyo	oui	non	oui	oui	bonne	non	non
Joueurs équipe domicile	/players?league=39&season=2025&team=50&page=1	response[].player.nationality	str	Ghana	oui	non	oui	oui	bonne	non	non
Joueurs équipe domicile	/players?league=39&season=2025&team=50&page=1	response[].player.photo	str	https://media.api-sports.io/football/players/19281.png	oui	non	oui	oui	bonne	non	non
Joueurs équipe domicile	/players?league=39&season=2025&team=50&page=1	response[].player.weight	str	79	oui	non	oui	oui	bonne	non	non
Joueurs équipe domicile	/players?league=39&season=2025&team=50&page=1	response[].statistics[].cards.red	int	0	oui	non	oui	oui	bonne	non	non
Joueurs équipe domicile	/players?league=39&season=2025&team=50&page=1	response[].statistics[].cards.yellow	int	1	oui	non	oui	oui	bonne	non	non
Joueurs équipe domicile	/players?league=39&season=2025&team=50&page=1	response[].statistics[].cards.yellowred	int	0	oui	non	oui	oui	bonne	non	non
Joueurs équipe domicile	/players?league=39&season=2025&team=50&page=1	response[].statistics[].dribbles.attempts	int	56	oui	non	oui	oui	bonne	non	non
Joueurs équipe domicile	/players?league=39&season=2025&team=50&page=1	response[].statistics[].dribbles.past	null		oui	non	oui	oui	bonne	non	non
Joueurs équipe domicile	/players?league=39&season=2025&team=50&page=1	response[].statistics[].dribbles.success	int	21	oui	non	oui	oui	bonne	non	non
Joueurs équipe domicile	/players?league=39&season=2025&team=50&page=1	response[].statistics[].duels.total	int	153	oui	non	oui	oui	bonne	non	non
Joueurs équipe domicile	/players?league=39&season=2025&team=50&page=1	response[].statistics[].duels.won	int	58	oui	non	oui	oui	bonne	non	non
Joueurs équipe domicile	/players?league=39&season=2025&team=50&page=1	response[].statistics[].fouls.committed	int	18	oui	non	oui	oui	bonne	non	non
Joueurs équipe domicile	/players?league=39&season=2025&team=50&page=1	response[].statistics[].fouls.drawn	int	7	oui	non	oui	oui	bonne	non	non
Joueurs équipe domicile	/players?league=39&season=2025&team=50&page=1	response[].statistics[].games.appearences	int	17	oui	non	oui	oui	bonne	non	non
Joueurs équipe domicile	/players?league=39&season=2025&team=50&page=1	response[].statistics[].games.captain	bool	False	oui	non	oui	oui	bonne	non	non
Joueurs équipe domicile	/players?league=39&season=2025&team=50&page=1	response[].statistics[].games.lineups	int	17	oui	non	oui	oui	bonne	non	non
Joueurs équipe domicile	/players?league=39&season=2025&team=50&page=1	response[].statistics[].games.minutes	int	1402	oui	non	oui	oui	bonne	non	non
Joueurs équipe domicile	/players?league=39&season=2025&team=50&page=1	response[].statistics[].games.number	int	42	oui	non	oui	oui	bonne	non	non
Joueurs équipe domicile	/players?league=39&season=2025&team=50&page=1	response[].statistics[].games.position	str	Midfielder	oui	non	oui	oui	bonne	non	non
Joueurs équipe domicile	/players?league=39&season=2025&team=50&page=1	response[].statistics[].games.rating	str	6.94	oui	non	oui	oui	bonne	non	non
Joueurs équipe domicile	/players?league=39&season=2025&team=50&page=1	response[].statistics[].goals.assists	int	1	oui	non	oui	oui	bonne	non	non
Joueurs équipe domicile	/players?league=39&season=2025&team=50&page=1	response[].statistics[].goals.conceded	int	0	oui	non	oui	oui	bonne	non	non
Joueurs équipe domicile	/players?league=39&season=2025&team=50&page=1	response[].statistics[].goals.saves	null		oui	non	oui	oui	bonne	non	non
Joueurs équipe domicile	/players?league=39&season=2025&team=50&page=1	response[].statistics[].goals.total	int	7	oui	non	oui	oui	bonne	non	non
Joueurs équipe domicile	/players?league=39&season=2025&team=50&page=1	response[].statistics[].league.country	str	England	oui	non	oui	oui	bonne	non	non
Joueurs équipe domicile	/players?league=39&season=2025&team=50&page=1	response[].statistics[].league.flag	str	https://media.api-sports.io/flags/gb-eng.svg	oui	non	oui	oui	bonne	non	non
Joueurs équipe domicile	/players?league=39&season=2025&team=50&page=1	response[].statistics[].league.id	int	39	oui	non	oui	oui	bonne	non	non
Joueurs équipe domicile	/players?league=39&season=2025&team=50&page=1	response[].statistics[].league.logo	str	https://media.api-sports.io/football/leagues/39.png	oui	non	oui	oui	bonne	non	non
Joueurs équipe domicile	/players?league=39&season=2025&team=50&page=1	response[].statistics[].league.name	str	Premier League	oui	non	oui	oui	bonne	non	non
Joueurs équipe domicile	/players?league=39&season=2025&team=50&page=1	response[].statistics[].league.season	int	2025	oui	non	oui	oui	bonne	non	non
Joueurs équipe domicile	/players?league=39&season=2025&team=50&page=1	response[].statistics[].passes.accuracy	int	85	oui	non	oui	oui	bonne	non	non
Joueurs équipe domicile	/players?league=39&season=2025&team=50&page=1	response[].statistics[].passes.key	int	14	oui	non	oui	oui	bonne	non	non
Joueurs équipe domicile	/players?league=39&season=2025&team=50&page=1	response[].statistics[].passes.total	int	420	oui	non	oui	oui	bonne	non	non
Joueurs équipe domicile	/players?league=39&season=2025&team=50&page=1	response[].statistics[].penalty.commited	null		oui	non	oui	oui	bonne	non	non
Joueurs équipe domicile	/players?league=39&season=2025&team=50&page=1	response[].statistics[].penalty.missed	int	0	oui	non	oui	oui	bonne	non	non
Joueurs équipe domicile	/players?league=39&season=2025&team=50&page=1	response[].statistics[].penalty.saved	null		oui	non	oui	oui	bonne	non	non
Joueurs équipe domicile	/players?league=39&season=2025&team=50&page=1	response[].statistics[].penalty.scored	int	0	oui	non	oui	oui	bonne	non	non
Joueurs équipe domicile	/players?league=39&season=2025&team=50&page=1	response[].statistics[].penalty.won	null		oui	non	oui	oui	bonne	non	non
Joueurs équipe domicile	/players?league=39&season=2025&team=50&page=1	response[].statistics[].shots.on	int	14	oui	non	oui	oui	bonne	non	non
Joueurs équipe domicile	/players?league=39&season=2025&team=50&page=1	response[].statistics[].shots.total	int	27	oui	non	oui	oui	bonne	non	non
Joueurs équipe domicile	/players?league=39&season=2025&team=50&page=1	response[].statistics[].substitutes.bench	int	0	oui	non	oui	oui	bonne	non	non
Joueurs équipe domicile	/players?league=39&season=2025&team=50&page=1	response[].statistics[].substitutes.in	int	0	oui	non	oui	oui	bonne	non	non
Joueurs équipe domicile	/players?league=39&season=2025&team=50&page=1	response[].statistics[].substitutes.out	int	8	oui	non	oui	oui	bonne	non	non
Joueurs équipe domicile	/players?league=39&season=2025&team=50&page=1	response[].statistics[].tackles.blocks	int	4	oui	non	oui	oui	bonne	non	non
Joueurs équipe domicile	/players?league=39&season=2025&team=50&page=1	response[].statistics[].tackles.interceptions	int	7	oui	non	oui	oui	bonne	non	non
Joueurs équipe domicile	/players?league=39&season=2025&team=50&page=1	response[].statistics[].tackles.total	int	17	oui	non	oui	oui	bonne	non	non
Joueurs équipe domicile	/players?league=39&season=2025&team=50&page=1	response[].statistics[].team.id	int	50	oui	non	oui	oui	bonne	non	non
Joueurs équipe domicile	/players?league=39&season=2025&team=50&page=1	response[].statistics[].team.logo	str	https://media.api-sports.io/football/teams/50.png	oui	non	oui	oui	bonne	non	non
Joueurs équipe domicile	/players?league=39&season=2025&team=50&page=1	response[].statistics[].team.name	str	Manchester City	oui	non	oui	oui	bonne	non	non
Joueurs équipe domicile	/players?league=39&season=2025&team=50&page=1	results	int	20	oui	non	oui	oui	bonne	non	non
Joueurs équipe extérieure	/players?league=39&season=2025&team=66&page=1	errors	array	[]	oui	non	oui	oui	bonne	non	non
Joueurs équipe extérieure	/players?league=39&season=2025&team=66&page=1	get	str	players	oui	non	oui	oui	bonne	non	non
Joueurs équipe extérieure	/players?league=39&season=2025&team=66&page=1	paging.current	int	1	oui	non	oui	oui	bonne	non	non
Joueurs équipe extérieure	/players?league=39&season=2025&team=66&page=1	paging.total	int	2	oui	non	oui	oui	bonne	non	non
Joueurs équipe extérieure	/players?league=39&season=2025&team=66&page=1	parameters.league	str	39	oui	non	oui	oui	bonne	non	non
Joueurs équipe extérieure	/players?league=39&season=2025&team=66&page=1	parameters.page	str	1	oui	non	oui	oui	bonne	non	non
Joueurs équipe extérieure	/players?league=39&season=2025&team=66&page=1	parameters.season	str	2025	oui	non	oui	oui	bonne	non	non
Joueurs équipe extérieure	/players?league=39&season=2025&team=66&page=1	parameters.team	str	66	oui	non	oui	oui	bonne	non	non
Joueurs équipe extérieure	/players?league=39&season=2025&team=66&page=1	response[].player.age	int	22	oui	non	oui	oui	bonne	non	non
Joueurs équipe extérieure	/players?league=39&season=2025&team=66&page=1	response[].player.birth.country	str	England	oui	non	oui	oui	bonne	non	non
Joueurs équipe extérieure	/players?league=39&season=2025&team=66&page=1	response[].player.birth.date	str	2003-04-04	oui	non	oui	oui	bonne	non	non
Joueurs équipe extérieure	/players?league=39&season=2025&team=66&page=1	response[].player.birth.place	str	Chertsey	oui	non	oui	oui	bonne	non	non
Joueurs équipe extérieure	/players?league=39&season=2025&team=66&page=1	response[].player.firstname	str	Harvey Daniel James	oui	non	oui	oui	bonne	non	non
Joueurs équipe extérieure	/players?league=39&season=2025&team=66&page=1	response[].player.height	str	170	oui	non	oui	oui	bonne	non	non
Joueurs équipe extérieure	/players?league=39&season=2025&team=66&page=1	response[].player.id	int	19035	oui	non	oui	oui	bonne	non	non
Joueurs équipe extérieure	/players?league=39&season=2025&team=66&page=1	response[].player.injured	bool	False	oui	non	oui	oui	bonne	non	non
Joueurs équipe extérieure	/players?league=39&season=2025&team=66&page=1	response[].player.lastname	str	Elliott	oui	non	oui	oui	bonne	non	non
Joueurs équipe extérieure	/players?league=39&season=2025&team=66&page=1	response[].player.name	str	H. Elliott	oui	non	oui	oui	bonne	non	non
Joueurs équipe extérieure	/players?league=39&season=2025&team=66&page=1	response[].player.nationality	str	England	oui	non	oui	oui	bonne	non	non
Joueurs équipe extérieure	/players?league=39&season=2025&team=66&page=1	response[].player.photo	str	https://media.api-sports.io/football/players/19035.png	oui	non	oui	oui	bonne	non	non
Joueurs équipe extérieure	/players?league=39&season=2025&team=66&page=1	response[].player.weight	str	64	oui	non	oui	oui	bonne	non	non
Joueurs équipe extérieure	/players?league=39&season=2025&team=66&page=1	response[].statistics[].cards.red	int	0	oui	non	oui	oui	bonne	non	non
Joueurs équipe extérieure	/players?league=39&season=2025&team=66&page=1	response[].statistics[].cards.yellow	int	0	oui	non	oui	oui	bonne	non	non
Joueurs équipe extérieure	/players?league=39&season=2025&team=66&page=1	response[].statistics[].cards.yellowred	int	0	oui	non	oui	oui	bonne	non	non
Joueurs équipe extérieure	/players?league=39&season=2025&team=66&page=1	response[].statistics[].dribbles.attempts	null		oui	non	oui	oui	bonne	non	non
Joueurs équipe extérieure	/players?league=39&season=2025&team=66&page=1	response[].statistics[].dribbles.past	null		oui	non	oui	oui	bonne	non	non
Joueurs équipe extérieure	/players?league=39&season=2025&team=66&page=1	response[].statistics[].dribbles.success	null		oui	non	oui	oui	bonne	non	non
Joueurs équipe extérieure	/players?league=39&season=2025&team=66&page=1	response[].statistics[].duels.total	int	4	oui	non	oui	oui	bonne	non	non
Joueurs équipe extérieure	/players?league=39&season=2025&team=66&page=1	response[].statistics[].duels.won	int	3	oui	non	oui	oui	bonne	non	non
Joueurs équipe extérieure	/players?league=39&season=2025&team=66&page=1	response[].statistics[].fouls.committed	null		oui	non	oui	oui	bonne	non	non
Joueurs équipe extérieure	/players?league=39&season=2025&team=66&page=1	response[].statistics[].fouls.drawn	int	2	oui	non	oui	oui	bonne	non	non
Joueurs équipe extérieure	/players?league=39&season=2025&team=66&page=1	response[].statistics[].games.appearences	int	4	oui	non	oui	oui	bonne	non	non
Joueurs équipe extérieure	/players?league=39&season=2025&team=66&page=1	response[].statistics[].games.captain	bool	False	oui	non	oui	oui	bonne	non	non
Joueurs équipe extérieure	/players?league=39&season=2025&team=66&page=1	response[].statistics[].games.lineups	int	1	oui	non	oui	oui	bonne	non	non
Joueurs équipe extérieure	/players?league=39&season=2025&team=66&page=1	response[].statistics[].games.minutes	int	109	oui	non	oui	oui	bonne	non	non
Joueurs équipe extérieure	/players?league=39&season=2025&team=66&page=1	response[].statistics[].games.number	int	9	oui	non	oui	oui	bonne	non	non
Joueurs équipe extérieure	/players?league=39&season=2025&team=66&page=1	response[].statistics[].games.position	str	Midfielder	oui	non	oui	oui	bonne	non	non
Joueurs équipe extérieure	/players?league=39&season=2025&team=66&page=1	response[].statistics[].games.rating	str	6.55	oui	non	oui	oui	bonne	non	non
Joueurs équipe extérieure	/players?league=39&season=2025&team=66&page=1	response[].statistics[].goals.assists	int	0	oui	non	oui	oui	bonne	non	non
Joueurs équipe extérieure	/players?league=39&season=2025&team=66&page=1	response[].statistics[].goals.conceded	int	0	oui	non	oui	oui	bonne	non	non
Joueurs équipe extérieure	/players?league=39&season=2025&team=66&page=1	response[].statistics[].goals.saves	null		oui	non	oui	oui	bonne	non	non
Joueurs équipe extérieure	/players?league=39&season=2025&team=66&page=1	response[].statistics[].goals.total	int	0	oui	non	oui	oui	bonne	non	non
Joueurs équipe extérieure	/players?league=39&season=2025&team=66&page=1	response[].statistics[].league.country	str	England	oui	non	oui	oui	bonne	non	non
Joueurs équipe extérieure	/players?league=39&season=2025&team=66&page=1	response[].statistics[].league.flag	str	https://media.api-sports.io/flags/gb-eng.svg	oui	non	oui	oui	bonne	non	non
Joueurs équipe extérieure	/players?league=39&season=2025&team=66&page=1	response[].statistics[].league.id	int	39	oui	non	oui	oui	bonne	non	non
Joueurs équipe extérieure	/players?league=39&season=2025&team=66&page=1	response[].statistics[].league.logo	str	https://media.api-sports.io/football/leagues/39.png	oui	non	oui	oui	bonne	non	non
Joueurs équipe extérieure	/players?league=39&season=2025&team=66&page=1	response[].statistics[].league.name	str	Premier League	oui	non	oui	oui	bonne	non	non
Joueurs équipe extérieure	/players?league=39&season=2025&team=66&page=1	response[].statistics[].league.season	int	2025	oui	non	oui	oui	bonne	non	non
Joueurs équipe extérieure	/players?league=39&season=2025&team=66&page=1	response[].statistics[].passes.accuracy	int	87	oui	non	oui	oui	bonne	non	non
Joueurs équipe extérieure	/players?league=39&season=2025&team=66&page=1	response[].statistics[].passes.key	int	1	oui	non	oui	oui	bonne	non	non
Joueurs équipe extérieure	/players?league=39&season=2025&team=66&page=1	response[].statistics[].passes.total	int	74	oui	non	oui	oui	bonne	non	non
Joueurs équipe extérieure	/players?league=39&season=2025&team=66&page=1	response[].statistics[].penalty.commited	null		oui	non	oui	oui	bonne	non	non
Joueurs équipe extérieure	/players?league=39&season=2025&team=66&page=1	response[].statistics[].penalty.missed	int	0	oui	non	oui	oui	bonne	non	non
Joueurs équipe extérieure	/players?league=39&season=2025&team=66&page=1	response[].statistics[].penalty.saved	null		oui	non	oui	oui	bonne	non	non
Joueurs équipe extérieure	/players?league=39&season=2025&team=66&page=1	response[].statistics[].penalty.scored	int	0	oui	non	oui	oui	bonne	non	non
Joueurs équipe extérieure	/players?league=39&season=2025&team=66&page=1	response[].statistics[].penalty.won	null		oui	non	oui	oui	bonne	non	non
Joueurs équipe extérieure	/players?league=39&season=2025&team=66&page=1	response[].statistics[].shots.on	null		oui	non	oui	oui	bonne	non	non
Joueurs équipe extérieure	/players?league=39&season=2025&team=66&page=1	response[].statistics[].shots.total	int	1	oui	non	oui	oui	bonne	non	non
Joueurs équipe extérieure	/players?league=39&season=2025&team=66&page=1	response[].statistics[].substitutes.bench	int	7	oui	non	oui	oui	bonne	non	non
Joueurs équipe extérieure	/players?league=39&season=2025&team=66&page=1	response[].statistics[].substitutes.in	int	3	oui	non	oui	oui	bonne	non	non
Joueurs équipe extérieure	/players?league=39&season=2025&team=66&page=1	response[].statistics[].substitutes.out	int	1	oui	non	oui	oui	bonne	non	non
Joueurs équipe extérieure	/players?league=39&season=2025&team=66&page=1	response[].statistics[].tackles.blocks	int	1	oui	non	oui	oui	bonne	non	non
Joueurs équipe extérieure	/players?league=39&season=2025&team=66&page=1	response[].statistics[].tackles.interceptions	null		oui	non	oui	oui	bonne	non	non
Joueurs équipe extérieure	/players?league=39&season=2025&team=66&page=1	response[].statistics[].tackles.total	null		oui	non	oui	oui	bonne	non	non
Joueurs équipe extérieure	/players?league=39&season=2025&team=66&page=1	response[].statistics[].team.id	int	66	oui	non	oui	oui	bonne	non	non
Joueurs équipe extérieure	/players?league=39&season=2025&team=66&page=1	response[].statistics[].team.logo	str	https://media.api-sports.io/football/teams/66.png	oui	non	oui	oui	bonne	non	non
Joueurs équipe extérieure	/players?league=39&season=2025&team=66&page=1	response[].statistics[].team.name	str	Aston Villa	oui	non	oui	oui	bonne	non	non
Joueurs équipe extérieure	/players?league=39&season=2025&team=66&page=1	results	int	20	oui	non	oui	oui	bonne	non	non
Entraîneur équipe domicile	/coachs?team=50	errors	array	[]	oui	non	oui	oui	bonne	non	non
Entraîneur équipe domicile	/coachs?team=50	get	str	coachs	oui	non	oui	oui	bonne	non	non
Entraîneur équipe domicile	/coachs?team=50	paging.current	int	1	oui	non	oui	oui	bonne	non	non
Entraîneur équipe domicile	/coachs?team=50	paging.total	int	1	oui	non	oui	oui	bonne	non	non
Entraîneur équipe domicile	/coachs?team=50	parameters.team	str	50	oui	non	oui	oui	bonne	non	non
Entraîneur équipe domicile	/coachs?team=50	response[].age	null		oui	non	oui	oui	bonne	non	non
Entraîneur équipe domicile	/coachs?team=50	response[].birth.country	null		oui	non	oui	oui	bonne	non	non
Entraîneur équipe domicile	/coachs?team=50	response[].birth.date	null		oui	non	oui	oui	bonne	non	non
Entraîneur équipe domicile	/coachs?team=50	response[].birth.place	null		oui	non	oui	oui	bonne	non	non
Entraîneur équipe domicile	/coachs?team=50	response[].career[].end	null		oui	non	oui	oui	bonne	non	non
Entraîneur équipe domicile	/coachs?team=50	response[].career[].start	str	2016-07-01	oui	non	oui	oui	bonne	non	non
Entraîneur équipe domicile	/coachs?team=50	response[].career[].team.id	int	50	oui	non	oui	oui	bonne	non	non
Entraîneur équipe domicile	/coachs?team=50	response[].career[].team.logo	str	https://media.api-sports.io/football/teams/50.png	oui	non	oui	oui	bonne	non	non
Entraîneur équipe domicile	/coachs?team=50	response[].career[].team.name	str	Manchester City	oui	non	oui	oui	bonne	non	non
Entraîneur équipe domicile	/coachs?team=50	response[].firstname	null		oui	non	oui	oui	bonne	non	non
Entraîneur équipe domicile	/coachs?team=50	response[].height	null		oui	non	oui	oui	bonne	non	non
Entraîneur équipe domicile	/coachs?team=50	response[].id	int	4	oui	non	oui	oui	bonne	non	non
Entraîneur équipe domicile	/coachs?team=50	response[].lastname	null		oui	non	oui	oui	bonne	non	non
Entraîneur équipe domicile	/coachs?team=50	response[].name	str	Guardiola	oui	non	oui	oui	bonne	non	non
Entraîneur équipe domicile	/coachs?team=50	response[].nationality	null		oui	non	oui	oui	bonne	non	non
Entraîneur équipe domicile	/coachs?team=50	response[].photo	str	https://media.api-sports.io/football/coachs/4.png	oui	non	oui	oui	bonne	non	non
Entraîneur équipe domicile	/coachs?team=50	response[].team.id	int	50	oui	non	oui	oui	bonne	non	non
Entraîneur équipe domicile	/coachs?team=50	response[].team.logo	str	https://media.api-sports.io/football/teams/50.png	oui	non	oui	oui	bonne	non	non
Entraîneur équipe domicile	/coachs?team=50	response[].team.name	str	Manchester City	oui	non	oui	oui	bonne	non	non
Entraîneur équipe domicile	/coachs?team=50	response[].weight	null		oui	non	oui	oui	bonne	non	non
Entraîneur équipe domicile	/coachs?team=50	results	int	1	oui	non	oui	oui	bonne	non	non
Entraîneur équipe extérieure	/coachs?team=66	errors	array	[]	oui	non	oui	oui	bonne	non	non
Entraîneur équipe extérieure	/coachs?team=66	get	str	coachs	oui	non	oui	oui	bonne	non	non
Entraîneur équipe extérieure	/coachs?team=66	paging.current	int	1	oui	non	oui	oui	bonne	non	non
Entraîneur équipe extérieure	/coachs?team=66	paging.total	int	1	oui	non	oui	oui	bonne	non	non
Entraîneur équipe extérieure	/coachs?team=66	parameters.team	str	66	oui	non	oui	oui	bonne	non	non
Entraîneur équipe extérieure	/coachs?team=66	response[].age	int	54	oui	non	oui	oui	bonne	non	non
Entraîneur équipe extérieure	/coachs?team=66	response[].birth.country	str	Spain	oui	non	oui	oui	bonne	non	non
Entraîneur équipe extérieure	/coachs?team=66	response[].birth.date	str	1971-11-03	oui	non	oui	oui	bonne	non	non
Entraîneur équipe extérieure	/coachs?team=66	response[].birth.place	str	Hondarribia	oui	non	oui	oui	bonne	non	non
Entraîneur équipe extérieure	/coachs?team=66	response[].career[].end	null		oui	non	oui	oui	bonne	non	non
Entraîneur équipe extérieure	/coachs?team=66	response[].career[].start	str	2022-11-01	oui	non	oui	oui	bonne	non	non
Entraîneur équipe extérieure	/coachs?team=66	response[].career[].team.id	int	66	oui	non	oui	oui	bonne	non	non
Entraîneur équipe extérieure	/coachs?team=66	response[].career[].team.logo	str	https://media.api-sports.io/football/teams/66.png	oui	non	oui	oui	bonne	non	non
Entraîneur équipe extérieure	/coachs?team=66	response[].career[].team.name	str	Aston Villa	oui	non	oui	oui	bonne	non	non
Entraîneur équipe extérieure	/coachs?team=66	response[].firstname	str	Unai	oui	non	oui	oui	bonne	non	non
Entraîneur équipe extérieure	/coachs?team=66	response[].height	null		oui	non	oui	oui	bonne	non	non
Entraîneur équipe extérieure	/coachs?team=66	response[].id	int	18	oui	non	oui	oui	bonne	non	non
Entraîneur équipe extérieure	/coachs?team=66	response[].lastname	str	Emery Etxegoien	oui	non	oui	oui	bonne	non	non
Entraîneur équipe extérieure	/coachs?team=66	response[].name	str	Unai Emery	oui	non	oui	oui	bonne	non	non
Entraîneur équipe extérieure	/coachs?team=66	response[].nationality	str	Spain	oui	non	oui	oui	bonne	non	non
Entraîneur équipe extérieure	/coachs?team=66	response[].photo	str	https://media.api-sports.io/football/coachs/18.png	oui	non	oui	oui	bonne	non	non
Entraîneur équipe extérieure	/coachs?team=66	response[].team.id	int	66	oui	non	oui	oui	bonne	non	non
Entraîneur équipe extérieure	/coachs?team=66	response[].team.logo	str	https://media.api-sports.io/football/teams/66.png	oui	non	oui	oui	bonne	non	non
Entraîneur équipe extérieure	/coachs?team=66	response[].team.name	str	Aston Villa	oui	non	oui	oui	bonne	non	non
Entraîneur équipe extérieure	/coachs?team=66	response[].weight	null		oui	non	oui	oui	bonne	non	non
Entraîneur équipe extérieure	/coachs?team=66	results	int	2	oui	non	oui	oui	bonne	non	non
Identité équipe domicile	/teams?id=50	errors	array	[]	oui	non	oui	oui	bonne	non	non
Identité équipe domicile	/teams?id=50	get	str	teams	oui	non	oui	oui	bonne	non	non
Identité équipe domicile	/teams?id=50	paging.current	int	1	oui	non	oui	oui	bonne	non	non
Identité équipe domicile	/teams?id=50	paging.total	int	1	oui	non	oui	oui	bonne	non	non
Identité équipe domicile	/teams?id=50	parameters.id	str	50	oui	non	oui	oui	bonne	non	non
Identité équipe domicile	/teams?id=50	response[].team.code	str	MCI	oui	non	oui	oui	bonne	non	non
Identité équipe domicile	/teams?id=50	response[].team.country	str	England	oui	non	oui	oui	bonne	non	non
Identité équipe domicile	/teams?id=50	response[].team.founded	int	1880	oui	non	oui	oui	bonne	non	non
Identité équipe domicile	/teams?id=50	response[].team.id	int	50	oui	non	oui	oui	bonne	non	non
Identité équipe domicile	/teams?id=50	response[].team.logo	str	https://media.api-sports.io/football/teams/50.png	oui	non	oui	oui	bonne	non	non
Identité équipe domicile	/teams?id=50	response[].team.name	str	Manchester City	oui	non	oui	oui	bonne	non	non
Identité équipe domicile	/teams?id=50	response[].team.national	bool	False	oui	non	oui	oui	bonne	non	non
Identité équipe domicile	/teams?id=50	response[].venue.address	str	Rowsley Street	oui	non	oui	oui	bonne	non	non
Identité équipe domicile	/teams?id=50	response[].venue.capacity	int	55097	oui	non	oui	oui	bonne	non	non
Identité équipe domicile	/teams?id=50	response[].venue.city	str	Manchester	oui	non	oui	oui	bonne	non	non
Identité équipe domicile	/teams?id=50	response[].venue.id	int	555	oui	non	oui	oui	bonne	non	non
Identité équipe domicile	/teams?id=50	response[].venue.image	str	https://media.api-sports.io/football/venues/555.png	oui	non	oui	oui	bonne	non	non
Identité équipe domicile	/teams?id=50	response[].venue.name	str	Etihad Stadium	oui	non	oui	oui	bonne	non	non
Identité équipe domicile	/teams?id=50	response[].venue.surface	str	grass	oui	non	oui	oui	bonne	non	non
Identité équipe domicile	/teams?id=50	results	int	1	oui	non	oui	oui	bonne	non	non
Identité équipe extérieure	/teams?id=66	errors	array	[]	oui	non	oui	oui	bonne	non	non
Identité équipe extérieure	/teams?id=66	get	str	teams	oui	non	oui	oui	bonne	non	non
Identité équipe extérieure	/teams?id=66	paging.current	int	1	oui	non	oui	oui	bonne	non	non
Identité équipe extérieure	/teams?id=66	paging.total	int	1	oui	non	oui	oui	bonne	non	non
Identité équipe extérieure	/teams?id=66	parameters.id	str	66	oui	non	oui	oui	bonne	non	non
Identité équipe extérieure	/teams?id=66	response[].team.code	str	AST	oui	non	oui	oui	bonne	non	non
Identité équipe extérieure	/teams?id=66	response[].team.country	str	England	oui	non	oui	oui	bonne	non	non
Identité équipe extérieure	/teams?id=66	response[].team.founded	int	1874	oui	non	oui	oui	bonne	non	non
Identité équipe extérieure	/teams?id=66	response[].team.id	int	66	oui	non	oui	oui	bonne	non	non
Identité équipe extérieure	/teams?id=66	response[].team.logo	str	https://media.api-sports.io/football/teams/66.png	oui	non	oui	oui	bonne	non	non
Identité équipe extérieure	/teams?id=66	response[].team.name	str	Aston Villa	oui	non	oui	oui	bonne	non	non
Identité équipe extérieure	/teams?id=66	response[].team.national	bool	False	oui	non	oui	oui	bonne	non	non
Identité équipe extérieure	/teams?id=66	response[].venue.address	str	Trinity Road	oui	non	oui	oui	bonne	non	non
Identité équipe extérieure	/teams?id=66	response[].venue.capacity	int	42824	oui	non	oui	oui	bonne	non	non
Identité équipe extérieure	/teams?id=66	response[].venue.city	str	Birmingham	oui	non	oui	oui	bonne	non	non
Identité équipe extérieure	/teams?id=66	response[].venue.id	int	495	oui	non	oui	oui	bonne	non	non
Identité équipe extérieure	/teams?id=66	response[].venue.image	str	https://media.api-sports.io/football/venues/495.png	oui	non	oui	oui	bonne	non	non
Identité équipe extérieure	/teams?id=66	response[].venue.name	str	Villa Park	oui	non	oui	oui	bonne	non	non
Identité équipe extérieure	/teams?id=66	response[].venue.surface	str	grass	oui	non	oui	oui	bonne	non	non
Identité équipe extérieure	/teams?id=66	results	int	1	oui	non	oui	oui	bonne	non	non
Stade	/venues?id=555	errors	array	[]	oui	non	oui	oui	bonne	non	non
Stade	/venues?id=555	get	str	venues	oui	non	oui	oui	bonne	non	non
Stade	/venues?id=555	paging.current	int	1	oui	non	oui	oui	bonne	non	non
Stade	/venues?id=555	paging.total	int	1	oui	non	oui	oui	bonne	non	non
Stade	/venues?id=555	parameters.id	str	555	oui	non	oui	oui	bonne	non	non
Stade	/venues?id=555	response[].address	str	Rowsley Street	oui	non	oui	oui	bonne	non	non
Stade	/venues?id=555	response[].capacity	int	55097	oui	non	oui	oui	bonne	non	non
Stade	/venues?id=555	response[].city	str	Manchester	oui	non	oui	oui	bonne	non	non
Stade	/venues?id=555	response[].country	str	England	oui	non	oui	oui	bonne	non	non
Stade	/venues?id=555	response[].id	int	555	oui	non	oui	oui	bonne	non	non
Stade	/venues?id=555	response[].image	str	https://media.api-sports.io/football/venues/555.png	oui	non	oui	oui	bonne	non	non
Stade	/venues?id=555	response[].name	str	Etihad Stadium	oui	non	oui	oui	bonne	non	non
Stade	/venues?id=555	response[].surface	str	grass	oui	non	oui	oui	bonne	non	non
Stade	/venues?id=555	results	int	1	oui	non	oui	oui	bonne	non	non
Compétition	/leagues?id=39&season=2025	errors	array	[]	oui	non	oui	oui	bonne	non	non
Compétition	/leagues?id=39&season=2025	get	str	leagues	oui	non	oui	oui	bonne	non	non
Compétition	/leagues?id=39&season=2025	paging.current	int	1	oui	non	oui	oui	bonne	non	non
Compétition	/leagues?id=39&season=2025	paging.total	int	1	oui	non	oui	oui	bonne	non	non
Compétition	/leagues?id=39&season=2025	parameters.id	str	39	oui	non	oui	oui	bonne	non	non
Compétition	/leagues?id=39&season=2025	parameters.season	str	2025	oui	non	oui	oui	bonne	non	non
Compétition	/leagues?id=39&season=2025	response[].country.code	str	GB-ENG	oui	non	oui	oui	bonne	non	non
Compétition	/leagues?id=39&season=2025	response[].country.flag	str	https://media.api-sports.io/flags/gb-eng.svg	oui	non	oui	oui	bonne	non	non
Compétition	/leagues?id=39&season=2025	response[].country.name	str	England	oui	non	oui	oui	bonne	non	non
Compétition	/leagues?id=39&season=2025	response[].league.id	int	39	oui	non	oui	oui	bonne	oui	oui
Compétition	/leagues?id=39&season=2025	response[].league.logo	str	https://media.api-sports.io/football/leagues/39.png	oui	non	oui	oui	bonne	oui	oui
Compétition	/leagues?id=39&season=2025	response[].league.name	str	Premier League	oui	non	oui	oui	bonne	oui	oui
Compétition	/leagues?id=39&season=2025	response[].league.type	str	League	oui	non	oui	oui	bonne	non	non
Compétition	/leagues?id=39&season=2025	response[].seasons[].coverage.fixtures.events	bool	True	oui	non	oui	oui	bonne	non	non
Compétition	/leagues?id=39&season=2025	response[].seasons[].coverage.fixtures.lineups	bool	True	oui	non	oui	oui	bonne	non	non
Compétition	/leagues?id=39&season=2025	response[].seasons[].coverage.fixtures.statistics_fixtures	bool	True	oui	non	oui	oui	bonne	non	non
Compétition	/leagues?id=39&season=2025	response[].seasons[].coverage.fixtures.statistics_players	bool	True	oui	non	oui	oui	bonne	non	non
Compétition	/leagues?id=39&season=2025	response[].seasons[].coverage.injuries	bool	True	oui	non	oui	oui	bonne	non	non
Compétition	/leagues?id=39&season=2025	response[].seasons[].coverage.odds	bool	False	oui	non	oui	oui	bonne	non	non
Compétition	/leagues?id=39&season=2025	response[].seasons[].coverage.players	bool	True	oui	non	oui	oui	bonne	non	non
Compétition	/leagues?id=39&season=2025	response[].seasons[].coverage.predictions	bool	True	oui	non	oui	oui	bonne	non	non
Compétition	/leagues?id=39&season=2025	response[].seasons[].coverage.standings	bool	True	oui	non	oui	oui	bonne	non	non
Compétition	/leagues?id=39&season=2025	response[].seasons[].coverage.top_assists	bool	True	oui	non	oui	oui	bonne	non	non
Compétition	/leagues?id=39&season=2025	response[].seasons[].coverage.top_cards	bool	True	oui	non	oui	oui	bonne	non	non
Compétition	/leagues?id=39&season=2025	response[].seasons[].coverage.top_scorers	bool	True	oui	non	oui	oui	bonne	non	non
Compétition	/leagues?id=39&season=2025	response[].seasons[].current	bool	False	oui	non	oui	oui	bonne	non	non
Compétition	/leagues?id=39&season=2025	response[].seasons[].end	str	2026-05-24	oui	non	oui	oui	bonne	non	non
Compétition	/leagues?id=39&season=2025	response[].seasons[].start	str	2025-08-15	oui	non	oui	oui	bonne	non	non
Compétition	/leagues?id=39&season=2025	response[].seasons[].year	int	2025	oui	non	oui	oui	bonne	non	non
Compétition	/leagues?id=39&season=2025	results	int	1	oui	non	oui	oui	bonne	non	non
Référentiel bookmakers	/odds/bookmakers	errors	array	[]	oui	non	oui	oui	bonne	non	non
Référentiel bookmakers	/odds/bookmakers	get	str	odds/bookmakers	oui	non	oui	oui	bonne	non	non
Référentiel bookmakers	/odds/bookmakers	paging.current	int	1	oui	non	oui	oui	bonne	non	non
Référentiel bookmakers	/odds/bookmakers	paging.total	int	1	oui	non	oui	oui	bonne	non	non
Référentiel bookmakers	/odds/bookmakers	parameters	array	[]	oui	non	oui	oui	bonne	non	non
Référentiel bookmakers	/odds/bookmakers	response[].id	int	1	oui	non	oui	oui	bonne	non	non
Référentiel bookmakers	/odds/bookmakers	response[].name	str	10Bet	oui	non	oui	oui	bonne	non	non
Référentiel bookmakers	/odds/bookmakers	results	int	33	oui	non	oui	oui	bonne	non	non
Référentiel marchés de cotes	/odds/bets	errors	array	[]	oui	non	oui	oui	bonne	non	non
Référentiel marchés de cotes	/odds/bets	get	str	odds/bets	oui	non	oui	oui	bonne	non	non
Référentiel marchés de cotes	/odds/bets	paging.current	int	1	oui	non	oui	oui	bonne	non	non
Référentiel marchés de cotes	/odds/bets	paging.total	int	1	oui	non	oui	oui	bonne	non	non
Référentiel marchés de cotes	/odds/bets	parameters	array	[]	oui	non	oui	oui	bonne	non	non
Référentiel marchés de cotes	/odds/bets	response[].id	int	1	oui	non	oui	oui	bonne	non	non
Référentiel marchés de cotes	/odds/bets	response[].name	str	Match Winner	oui	non	oui	oui	bonne	non	non
Référentiel marchés de cotes	/odds/bets	results	int	338	oui	non	oui	oui	bonne	non	non
Joueurs équipe domicile	/players?league=39&season=2025&team=50&page=2	errors	array	[]	oui	non	oui	oui	bonne	non	non
Joueurs équipe domicile	/players?league=39&season=2025&team=50&page=2	get	str	players	oui	non	oui	oui	bonne	non	non
Joueurs équipe domicile	/players?league=39&season=2025&team=50&page=2	paging.current	int	2	oui	non	oui	oui	bonne	non	non
Joueurs équipe domicile	/players?league=39&season=2025&team=50&page=2	paging.total	int	2	oui	non	oui	oui	bonne	non	non
Joueurs équipe domicile	/players?league=39&season=2025&team=50&page=2	parameters.league	str	39	oui	non	oui	oui	bonne	non	non
Joueurs équipe domicile	/players?league=39&season=2025&team=50&page=2	parameters.page	str	2	oui	non	oui	oui	bonne	non	non
Joueurs équipe domicile	/players?league=39&season=2025&team=50&page=2	parameters.season	str	2025	oui	non	oui	oui	bonne	non	non
Joueurs équipe domicile	/players?league=39&season=2025&team=50&page=2	parameters.team	str	50	oui	non	oui	oui	bonne	non	non
Joueurs équipe domicile	/players?league=39&season=2025&team=50&page=2	response[].player.age	int	35	oui	non	oui	oui	bonne	non	non
Joueurs équipe domicile	/players?league=39&season=2025&team=50&page=2	response[].player.birth.country	str	Germany	oui	non	oui	oui	bonne	non	non
Joueurs équipe domicile	/players?league=39&season=2025&team=50&page=2	response[].player.birth.date	str	1990-10-24	oui	non	oui	oui	bonne	non	non
Joueurs équipe domicile	/players?league=39&season=2025&team=50&page=2	response[].player.birth.place	str	Gelsenkirchen	oui	non	oui	oui	bonne	non	non
Joueurs équipe domicile	/players?league=39&season=2025&team=50&page=2	response[].player.firstname	str	İlkay	oui	non	oui	oui	bonne	non	non
Joueurs équipe domicile	/players?league=39&season=2025&team=50&page=2	response[].player.height	str	180	oui	non	oui	oui	bonne	non	non
Joueurs équipe domicile	/players?league=39&season=2025&team=50&page=2	response[].player.id	int	633	oui	non	oui	oui	bonne	non	non
Joueurs équipe domicile	/players?league=39&season=2025&team=50&page=2	response[].player.injured	bool	False	oui	non	oui	oui	bonne	non	non
Joueurs équipe domicile	/players?league=39&season=2025&team=50&page=2	response[].player.lastname	str	Gündoğan	oui	non	oui	oui	bonne	non	non
Joueurs équipe domicile	/players?league=39&season=2025&team=50&page=2	response[].player.name	str	İ. Gündoğan	oui	non	oui	oui	bonne	non	non
Joueurs équipe domicile	/players?league=39&season=2025&team=50&page=2	response[].player.nationality	str	Germany	oui	non	oui	oui	bonne	non	non
Joueurs équipe domicile	/players?league=39&season=2025&team=50&page=2	response[].player.photo	str	https://media.api-sports.io/football/players/633.png	oui	non	oui	oui	bonne	non	non
Joueurs équipe domicile	/players?league=39&season=2025&team=50&page=2	response[].player.weight	str	80	oui	non	oui	oui	bonne	non	non
Joueurs équipe domicile	/players?league=39&season=2025&team=50&page=2	response[].statistics[].cards.red	int	0	oui	non	oui	oui	bonne	non	non
Joueurs équipe domicile	/players?league=39&season=2025&team=50&page=2	response[].statistics[].cards.yellow	int	0	oui	non	oui	oui	bonne	non	non
Joueurs équipe domicile	/players?league=39&season=2025&team=50&page=2	response[].statistics[].cards.yellowred	int	0	oui	non	oui	oui	bonne	non	non
Joueurs équipe domicile	/players?league=39&season=2025&team=50&page=2	response[].statistics[].dribbles.attempts	null		oui	non	oui	oui	bonne	non	non
Joueurs équipe domicile	/players?league=39&season=2025&team=50&page=2	response[].statistics[].dribbles.past	null		oui	non	oui	oui	bonne	non	non
Joueurs équipe domicile	/players?league=39&season=2025&team=50&page=2	response[].statistics[].dribbles.success	null		oui	non	oui	oui	bonne	non	non
Joueurs équipe domicile	/players?league=39&season=2025&team=50&page=2	response[].statistics[].duels.total	null		oui	non	oui	oui	bonne	non	non
Joueurs équipe domicile	/players?league=39&season=2025&team=50&page=2	response[].statistics[].duels.won	null		oui	non	oui	oui	bonne	non	non
Joueurs équipe domicile	/players?league=39&season=2025&team=50&page=2	response[].statistics[].fouls.committed	null		oui	non	oui	oui	bonne	non	non
Joueurs équipe domicile	/players?league=39&season=2025&team=50&page=2	response[].statistics[].fouls.drawn	null		oui	non	oui	oui	bonne	non	non
Joueurs équipe domicile	/players?league=39&season=2025&team=50&page=2	response[].statistics[].games.appearences	int	0	oui	non	oui	oui	bonne	non	non
Joueurs équipe domicile	/players?league=39&season=2025&team=50&page=2	response[].statistics[].games.captain	bool	False	oui	non	oui	oui	bonne	non	non
Joueurs équipe domicile	/players?league=39&season=2025&team=50&page=2	response[].statistics[].games.lineups	int	0	oui	non	oui	oui	bonne	non	non
Joueurs équipe domicile	/players?league=39&season=2025&team=50&page=2	response[].statistics[].games.minutes	null		oui	non	oui	oui	bonne	non	non
Joueurs équipe domicile	/players?league=39&season=2025&team=50&page=2	response[].statistics[].games.number	int	19	oui	non	oui	oui	bonne	non	non
Joueurs équipe domicile	/players?league=39&season=2025&team=50&page=2	response[].statistics[].games.position	str	Midfielder	oui	non	oui	oui	bonne	non	non
Joueurs équipe domicile	/players?league=39&season=2025&team=50&page=2	response[].statistics[].games.rating	null		oui	non	oui	oui	bonne	non	non
Joueurs équipe domicile	/players?league=39&season=2025&team=50&page=2	response[].statistics[].goals.assists	int	0	oui	non	oui	oui	bonne	non	non
Joueurs équipe domicile	/players?league=39&season=2025&team=50&page=2	response[].statistics[].goals.conceded	int	0	oui	non	oui	oui	bonne	non	non
Joueurs équipe domicile	/players?league=39&season=2025&team=50&page=2	response[].statistics[].goals.saves	null		oui	non	oui	oui	bonne	non	non
Joueurs équipe domicile	/players?league=39&season=2025&team=50&page=2	response[].statistics[].goals.total	int	0	oui	non	oui	oui	bonne	non	non
Joueurs équipe domicile	/players?league=39&season=2025&team=50&page=2	response[].statistics[].league.country	str	England	oui	non	oui	oui	bonne	non	non
Joueurs équipe domicile	/players?league=39&season=2025&team=50&page=2	response[].statistics[].league.flag	str	https://media.api-sports.io/flags/gb-eng.svg	oui	non	oui	oui	bonne	non	non
Joueurs équipe domicile	/players?league=39&season=2025&team=50&page=2	response[].statistics[].league.id	int	39	oui	non	oui	oui	bonne	non	non
Joueurs équipe domicile	/players?league=39&season=2025&team=50&page=2	response[].statistics[].league.logo	str	https://media.api-sports.io/football/leagues/39.png	oui	non	oui	oui	bonne	non	non
Joueurs équipe domicile	/players?league=39&season=2025&team=50&page=2	response[].statistics[].league.name	str	Premier League	oui	non	oui	oui	bonne	non	non
Joueurs équipe domicile	/players?league=39&season=2025&team=50&page=2	response[].statistics[].league.season	int	2025	oui	non	oui	oui	bonne	non	non
Joueurs équipe domicile	/players?league=39&season=2025&team=50&page=2	response[].statistics[].passes.accuracy	null		oui	non	oui	oui	bonne	non	non
Joueurs équipe domicile	/players?league=39&season=2025&team=50&page=2	response[].statistics[].passes.key	null		oui	non	oui	oui	bonne	non	non
Joueurs équipe domicile	/players?league=39&season=2025&team=50&page=2	response[].statistics[].passes.total	null		oui	non	oui	oui	bonne	non	non
Joueurs équipe domicile	/players?league=39&season=2025&team=50&page=2	response[].statistics[].penalty.commited	null		oui	non	oui	oui	bonne	non	non
Joueurs équipe domicile	/players?league=39&season=2025&team=50&page=2	response[].statistics[].penalty.missed	int	0	oui	non	oui	oui	bonne	non	non
Joueurs équipe domicile	/players?league=39&season=2025&team=50&page=2	response[].statistics[].penalty.saved	null		oui	non	oui	oui	bonne	non	non
Joueurs équipe domicile	/players?league=39&season=2025&team=50&page=2	response[].statistics[].penalty.scored	int	0	oui	non	oui	oui	bonne	non	non
Joueurs équipe domicile	/players?league=39&season=2025&team=50&page=2	response[].statistics[].penalty.won	null		oui	non	oui	oui	bonne	non	non
Joueurs équipe domicile	/players?league=39&season=2025&team=50&page=2	response[].statistics[].shots.on	null		oui	non	oui	oui	bonne	non	non
Joueurs équipe domicile	/players?league=39&season=2025&team=50&page=2	response[].statistics[].shots.total	null		oui	non	oui	oui	bonne	non	non
Joueurs équipe domicile	/players?league=39&season=2025&team=50&page=2	response[].statistics[].substitutes.bench	int	2	oui	non	oui	oui	bonne	non	non
Joueurs équipe domicile	/players?league=39&season=2025&team=50&page=2	response[].statistics[].substitutes.in	int	0	oui	non	oui	oui	bonne	non	non
Joueurs équipe domicile	/players?league=39&season=2025&team=50&page=2	response[].statistics[].substitutes.out	int	0	oui	non	oui	oui	bonne	non	non
Joueurs équipe domicile	/players?league=39&season=2025&team=50&page=2	response[].statistics[].tackles.blocks	null		oui	non	oui	oui	bonne	non	non
Joueurs équipe domicile	/players?league=39&season=2025&team=50&page=2	response[].statistics[].tackles.interceptions	null		oui	non	oui	oui	bonne	non	non
Joueurs équipe domicile	/players?league=39&season=2025&team=50&page=2	response[].statistics[].tackles.total	null		oui	non	oui	oui	bonne	non	non
Joueurs équipe domicile	/players?league=39&season=2025&team=50&page=2	response[].statistics[].team.id	int	50	oui	non	oui	oui	bonne	non	non
Joueurs équipe domicile	/players?league=39&season=2025&team=50&page=2	response[].statistics[].team.logo	str	https://media.api-sports.io/football/teams/50.png	oui	non	oui	oui	bonne	non	non
Joueurs équipe domicile	/players?league=39&season=2025&team=50&page=2	response[].statistics[].team.name	str	Manchester City	oui	non	oui	oui	bonne	non	non
Joueurs équipe domicile	/players?league=39&season=2025&team=50&page=2	results	int	16	oui	non	oui	oui	bonne	non	non
Joueurs équipe extérieure	/players?league=39&season=2025&team=66&page=2	errors	array	[]	oui	non	oui	oui	bonne	non	non
Joueurs équipe extérieure	/players?league=39&season=2025&team=66&page=2	get	str	players	oui	non	oui	oui	bonne	non	non
Joueurs équipe extérieure	/players?league=39&season=2025&team=66&page=2	paging.current	int	2	oui	non	oui	oui	bonne	non	non
Joueurs équipe extérieure	/players?league=39&season=2025&team=66&page=2	paging.total	int	2	oui	non	oui	oui	bonne	non	non
Joueurs équipe extérieure	/players?league=39&season=2025&team=66&page=2	parameters.league	str	39	oui	non	oui	oui	bonne	non	non
Joueurs équipe extérieure	/players?league=39&season=2025&team=66&page=2	parameters.page	str	2	oui	non	oui	oui	bonne	non	non
Joueurs équipe extérieure	/players?league=39&season=2025&team=66&page=2	parameters.season	str	2025	oui	non	oui	oui	bonne	non	non
Joueurs équipe extérieure	/players?league=39&season=2025&team=66&page=2	parameters.team	str	66	oui	non	oui	oui	bonne	non	non
Joueurs équipe extérieure	/players?league=39&season=2025&team=66&page=2	response[].player.age	int	22	oui	non	oui	oui	bonne	non	non
Joueurs équipe extérieure	/players?league=39&season=2025&team=66&page=2	response[].player.birth.country	str	England	oui	non	oui	oui	bonne	non	non
Joueurs équipe extérieure	/players?league=39&season=2025&team=66&page=2	response[].player.birth.date	str	2003-10-04	oui	non	oui	oui	bonne	non	non
Joueurs équipe extérieure	/players?league=39&season=2025&team=66&page=2	response[].player.birth.place	str	London	oui	non	oui	oui	bonne	non	non
Joueurs équipe extérieure	/players?league=39&season=2025&team=66&page=2	response[].player.firstname	str	Samuel	oui	non	oui	oui	bonne	non	non
Joueurs équipe extérieure	/players?league=39&season=2025&team=66&page=2	response[].player.height	str	182	oui	non	oui	oui	bonne	non	non
Joueurs équipe extérieure	/players?league=39&season=2025&team=66&page=2	response[].player.id	int	162173	oui	non	oui	oui	bonne	non	non
Joueurs équipe extérieure	/players?league=39&season=2025&team=66&page=2	response[].player.injured	bool	False	oui	non	oui	oui	bonne	non	non
Joueurs équipe extérieure	/players?league=39&season=2025&team=66&page=2	response[].player.lastname	str	Iling-Junior	oui	non	oui	oui	bonne	non	non
Joueurs équipe extérieure	/players?league=39&season=2025&team=66&page=2	response[].player.name	str	S. Iling-Junior	oui	non	oui	oui	bonne	non	non
Joueurs équipe extérieure	/players?league=39&season=2025&team=66&page=2	response[].player.nationality	str	England	oui	non	oui	oui	bonne	non	non
Joueurs équipe extérieure	/players?league=39&season=2025&team=66&page=2	response[].player.photo	str	https://media.api-sports.io/football/players/162173.png	oui	non	oui	oui	bonne	non	non
Joueurs équipe extérieure	/players?league=39&season=2025&team=66&page=2	response[].player.weight	str	74	oui	non	oui	oui	bonne	non	non
Joueurs équipe extérieure	/players?league=39&season=2025&team=66&page=2	response[].statistics[].cards.red	int	0	oui	non	oui	oui	bonne	non	non
Joueurs équipe extérieure	/players?league=39&season=2025&team=66&page=2	response[].statistics[].cards.yellow	int	0	oui	non	oui	oui	bonne	non	non
Joueurs équipe extérieure	/players?league=39&season=2025&team=66&page=2	response[].statistics[].cards.yellowred	int	0	oui	non	oui	oui	bonne	non	non
Joueurs équipe extérieure	/players?league=39&season=2025&team=66&page=2	response[].statistics[].dribbles.attempts	null		oui	non	oui	oui	bonne	non	non
Joueurs équipe extérieure	/players?league=39&season=2025&team=66&page=2	response[].statistics[].dribbles.past	null		oui	non	oui	oui	bonne	non	non
Joueurs équipe extérieure	/players?league=39&season=2025&team=66&page=2	response[].statistics[].dribbles.success	null		oui	non	oui	oui	bonne	non	non
Joueurs équipe extérieure	/players?league=39&season=2025&team=66&page=2	response[].statistics[].duels.total	null		oui	non	oui	oui	bonne	non	non
Joueurs équipe extérieure	/players?league=39&season=2025&team=66&page=2	response[].statistics[].duels.won	null		oui	non	oui	oui	bonne	non	non
Joueurs équipe extérieure	/players?league=39&season=2025&team=66&page=2	response[].statistics[].fouls.committed	null		oui	non	oui	oui	bonne	non	non
Joueurs équipe extérieure	/players?league=39&season=2025&team=66&page=2	response[].statistics[].fouls.drawn	null		oui	non	oui	oui	bonne	non	non
Joueurs équipe extérieure	/players?league=39&season=2025&team=66&page=2	response[].statistics[].games.appearences	int	0	oui	non	oui	oui	bonne	non	non
Joueurs équipe extérieure	/players?league=39&season=2025&team=66&page=2	response[].statistics[].games.captain	bool	False	oui	non	oui	oui	bonne	non	non
Joueurs équipe extérieure	/players?league=39&season=2025&team=66&page=2	response[].statistics[].games.lineups	int	0	oui	non	oui	oui	bonne	non	non
Joueurs équipe extérieure	/players?league=39&season=2025&team=66&page=2	response[].statistics[].games.minutes	null		oui	non	oui	oui	bonne	non	non
Joueurs équipe extérieure	/players?league=39&season=2025&team=66&page=2	response[].statistics[].games.number	int	19	oui	non	oui	oui	bonne	non	non
Joueurs équipe extérieure	/players?league=39&season=2025&team=66&page=2	response[].statistics[].games.position	str	Attacker	oui	non	oui	oui	bonne	non	non
Joueurs équipe extérieure	/players?league=39&season=2025&team=66&page=2	response[].statistics[].games.rating	null		oui	non	oui	oui	bonne	non	non
Joueurs équipe extérieure	/players?league=39&season=2025&team=66&page=2	response[].statistics[].goals.assists	int	0	oui	non	oui	oui	bonne	non	non
Joueurs équipe extérieure	/players?league=39&season=2025&team=66&page=2	response[].statistics[].goals.conceded	int	0	oui	non	oui	oui	bonne	non	non
Joueurs équipe extérieure	/players?league=39&season=2025&team=66&page=2	response[].statistics[].goals.saves	null		oui	non	oui	oui	bonne	non	non
Joueurs équipe extérieure	/players?league=39&season=2025&team=66&page=2	response[].statistics[].goals.total	int	0	oui	non	oui	oui	bonne	non	non
Joueurs équipe extérieure	/players?league=39&season=2025&team=66&page=2	response[].statistics[].league.country	str	England	oui	non	oui	oui	bonne	non	non
Joueurs équipe extérieure	/players?league=39&season=2025&team=66&page=2	response[].statistics[].league.flag	str	https://media.api-sports.io/flags/gb-eng.svg	oui	non	oui	oui	bonne	non	non
Joueurs équipe extérieure	/players?league=39&season=2025&team=66&page=2	response[].statistics[].league.id	int	39	oui	non	oui	oui	bonne	non	non
Joueurs équipe extérieure	/players?league=39&season=2025&team=66&page=2	response[].statistics[].league.logo	str	https://media.api-sports.io/football/leagues/39.png	oui	non	oui	oui	bonne	non	non
Joueurs équipe extérieure	/players?league=39&season=2025&team=66&page=2	response[].statistics[].league.name	str	Premier League	oui	non	oui	oui	bonne	non	non
Joueurs équipe extérieure	/players?league=39&season=2025&team=66&page=2	response[].statistics[].league.season	int	2025	oui	non	oui	oui	bonne	non	non
Joueurs équipe extérieure	/players?league=39&season=2025&team=66&page=2	response[].statistics[].passes.accuracy	null		oui	non	oui	oui	bonne	non	non
Joueurs équipe extérieure	/players?league=39&season=2025&team=66&page=2	response[].statistics[].passes.key	null		oui	non	oui	oui	bonne	non	non
Joueurs équipe extérieure	/players?league=39&season=2025&team=66&page=2	response[].statistics[].passes.total	null		oui	non	oui	oui	bonne	non	non
Joueurs équipe extérieure	/players?league=39&season=2025&team=66&page=2	response[].statistics[].penalty.commited	null		oui	non	oui	oui	bonne	non	non
Joueurs équipe extérieure	/players?league=39&season=2025&team=66&page=2	response[].statistics[].penalty.missed	int	0	oui	non	oui	oui	bonne	non	non
Joueurs équipe extérieure	/players?league=39&season=2025&team=66&page=2	response[].statistics[].penalty.saved	null		oui	non	oui	oui	bonne	non	non
Joueurs équipe extérieure	/players?league=39&season=2025&team=66&page=2	response[].statistics[].penalty.scored	int	0	oui	non	oui	oui	bonne	non	non
Joueurs équipe extérieure	/players?league=39&season=2025&team=66&page=2	response[].statistics[].penalty.won	null		oui	non	oui	oui	bonne	non	non
Joueurs équipe extérieure	/players?league=39&season=2025&team=66&page=2	response[].statistics[].shots.on	null		oui	non	oui	oui	bonne	non	non
Joueurs équipe extérieure	/players?league=39&season=2025&team=66&page=2	response[].statistics[].shots.total	null		oui	non	oui	oui	bonne	non	non
Joueurs équipe extérieure	/players?league=39&season=2025&team=66&page=2	response[].statistics[].substitutes.bench	int	1	oui	non	oui	oui	bonne	non	non
Joueurs équipe extérieure	/players?league=39&season=2025&team=66&page=2	response[].statistics[].substitutes.in	int	0	oui	non	oui	oui	bonne	non	non
Joueurs équipe extérieure	/players?league=39&season=2025&team=66&page=2	response[].statistics[].substitutes.out	int	0	oui	non	oui	oui	bonne	non	non
Joueurs équipe extérieure	/players?league=39&season=2025&team=66&page=2	response[].statistics[].tackles.blocks	null		oui	non	oui	oui	bonne	non	non
Joueurs équipe extérieure	/players?league=39&season=2025&team=66&page=2	response[].statistics[].tackles.interceptions	null		oui	non	oui	oui	bonne	non	non
Joueurs équipe extérieure	/players?league=39&season=2025&team=66&page=2	response[].statistics[].tackles.total	null		oui	non	oui	oui	bonne	non	non
Joueurs équipe extérieure	/players?league=39&season=2025&team=66&page=2	response[].statistics[].team.id	int	66	oui	non	oui	oui	bonne	non	non
Joueurs équipe extérieure	/players?league=39&season=2025&team=66&page=2	response[].statistics[].team.logo	str	https://media.api-sports.io/football/teams/66.png	oui	non	oui	oui	bonne	non	non
Joueurs équipe extérieure	/players?league=39&season=2025&team=66&page=2	response[].statistics[].team.name	str	Aston Villa	oui	non	oui	oui	bonne	non	non
Joueurs équipe extérieure	/players?league=39&season=2025&team=66&page=2	results	int	20	oui	non	oui	oui	bonne	non	non
Cotes pré-match par date	/odds?league=39&season=2025&date=2026-05-24	errors	array	[]	oui théorique	non	vide sur test	non vérifié/indisponible	vide sur cette requête	non	non
Cotes pré-match par date	/odds?league=39&season=2025&date=2026-05-24	get	str	odds	oui théorique	non	vide sur test	non vérifié/indisponible	vide sur cette requête	non	non
Cotes pré-match par date	/odds?league=39&season=2025&date=2026-05-24	paging.current	int	1	oui théorique	non	vide sur test	non vérifié/indisponible	vide sur cette requête	non	non
Cotes pré-match par date	/odds?league=39&season=2025&date=2026-05-24	paging.total	int	1	oui théorique	non	vide sur test	non vérifié/indisponible	vide sur cette requête	non	non
Cotes pré-match par date	/odds?league=39&season=2025&date=2026-05-24	parameters.date	str	2026-05-24	oui théorique	non	vide sur test	non vérifié/indisponible	vide sur cette requête	non	non
Cotes pré-match par date	/odds?league=39&season=2025&date=2026-05-24	parameters.league	str	39	oui théorique	non	vide sur test	non vérifié/indisponible	vide sur cette requête	non	non
Cotes pré-match par date	/odds?league=39&season=2025&date=2026-05-24	parameters.season	str	2025	oui théorique	non	vide sur test	non vérifié/indisponible	vide sur cette requête	non	non
Cotes pré-match par date	/odds?league=39&season=2025&date=2026-05-24	response	array	[]	oui théorique	non	vide sur test	non vérifié/indisponible	vide sur cette requête	non	non
Cotes pré-match par date	/odds?league=39&season=2025&date=2026-05-24	results	int	0	oui théorique	non	vide sur test	non vérifié/indisponible	vide sur cette requête	non	non
