"Rang moteur actuel";"ID";"Rencontre";"Compétition";"Marché";"Sélection";"Cote";"Bookmaker";"Lectures directes";"Lectures de contexte";"Groupes de données";"Références redondantes";"Échantillon minimal";"Indépendance vérifiée"
"1";"football:1638088:1:Home:11:public-demo-replay-2026-10-08";"Mariehamn — Ilves";"Veikkausliiga";"Résultat du match";"Mariehamn gagne";"2.92";"1xBet";"1";"9";"recent_results";"0";"4";"Non"
"2";"football:1638088:1:Home:2:public-demo-replay-2026-10-08";"Mariehamn — Ilves";"Veikkausliiga";"Résultat du match";"Mariehamn gagne";"2.91";"Marathonbet";"1";"9";"recent_results";"0";"4";"Non"
"3";"football:1638088:1:Home:3:public-demo-replay-2026-10-08";"Mariehamn — Ilves";"Veikkausliiga";"Résultat du match";"Mariehamn gagne";"2.8";"Betfair";"1";"9";"recent_results";"0";"4";"Non"
"4";"football:1638088:1:Home:32:public-demo-replay-2026-10-08";"Mariehamn — Ilves";"Veikkausliiga";"Résultat du match";"Mariehamn gagne";"3";"Betano";"1";"9";"recent_results";"0";"4";"Non"
"5";"football:1638088:1:Home:4:public-demo-replay-2026-10-08";"Mariehamn — Ilves";"Veikkausliiga";"Résultat du match";"Mariehamn gagne";"2.94";"Pinnacle";"1";"9";"recent_results";"0";"4";"Non"
"6";"football:1638088:1:Home:5:public-demo-replay-2026-10-08";"Mariehamn — Ilves";"Veikkausliiga";"Résultat du match";"Mariehamn gagne";"2.67";"SBO";"1";"9";"recent_results";"0";"4";"Non"
"7";"football:1638088:1:Home:7:public-demo-replay-2026-10-08";"Mariehamn — Ilves";"Veikkausliiga";"Résultat du match";"Mariehamn gagne";"2.9";"William Hill";"1";"9";"recent_results";"0";"4";"Non"
"8";"football:1638088:1:Home:8:public-demo-replay-2026-10-08";"Mariehamn — Ilves";"Veikkausliiga";"Résultat du match";"Mariehamn gagne";"2.9";"Bet365";"1";"9";"recent_results";"0";"4";"Non"
"9";"football:1638088:1:Home:9:public-demo-replay-2026-10-08";"Mariehamn — Ilves";"Veikkausliiga";"Résultat du match";"Mariehamn gagne";"3";"Dafabet";"1";"9";"recent_results";"0";"4";"Non"
"10";"football:1638088:12:Home/Draw:11:public-demo-replay-2026-10-08";"Mariehamn — Ilves";"Veikkausliiga";"Double chance";"Mariehamn ou nul";"1.63";"1xBet";"1";"9";"recent_results";"0";"4";"Non"
"11";"football:1638088:12:Home/Draw:2:public-demo-replay-2026-10-08";"Mariehamn — Ilves";"Veikkausliiga";"Double chance";"Mariehamn ou nul";"1.63";"Marathonbet";"1";"9";"recent_results";"0";"4";"Non"
"12";"football:1638088:12:Home/Draw:3:public-demo-replay-2026-10-08";"Mariehamn — Ilves";"Veikkausliiga";"Double chance";"Mariehamn ou nul";"1.62";"Betfair";"1";"9";"recent_results";"0";"4";"Non"
"13";"football:1638088:12:Home/Draw:32:public-demo-replay-2026-10-08";"Mariehamn — Ilves";"Veikkausliiga";"Double chance";"Mariehamn ou nul";"1.7";"Betano";"1";"9";"recent_results";"0";"4";"Non"
"14";"football:1638088:12:Home/Draw:5:public-demo-replay-2026-10-08";"Mariehamn — Ilves";"Veikkausliiga";"Double chance";"Mariehamn ou nul";"1.65";"SBO";"1";"9";"recent_results";"0";"4";"Non"
"15";"football:1638088:12:Home/Draw:7:public-demo-replay-2026-10-08";"Mariehamn — Ilves";"Veikkausliiga";"Double chance";"Mariehamn ou nul";"1.62";"William Hill";"1";"9";"recent_results";"0";"4";"Non"
"16";"football:1638088:12:Home/Draw:8:public-demo-replay-2026-10-08";"Mariehamn — Ilves";"Veikkausliiga";"Double chance";"Mariehamn ou nul";"1.62";"Bet365";"1";"9";"recent_results";"0";"4";"Non"
"17";"football:1638088:5:Over 2.5:11:public-demo-replay-2026-10-08";"Mariehamn — Ilves";"Veikkausliiga";"Plus/Moins de buts";"Plus de 2,5 buts";"1.52";"1xBet";"1";"9";"recent_results";"0";"25";"Non"
"18";"football:1638088:5:Over 2.5:2:public-demo-replay-2026-10-08";"Mariehamn — Ilves";"Veikkausliiga";"Plus/Moins de buts";"Plus de 2,5 buts";"1.52";"Marathonbet";"1";"9";"recent_results";"0";"25";"Non"
"19";"football:1638088:5:Over 2.5:3:public-demo-replay-2026-10-08";"Mariehamn — Ilves";"Veikkausliiga";"Plus/Moins de buts";"Plus de 2,5 buts";"1.53";"Betfair";"1";"9";"recent_results";"0";"25";"Non"
"20";"football:1638088:5:Over 2.5:32:public-demo-replay-2026-10-08";"Mariehamn — Ilves";"Veikkausliiga";"Plus/Moins de buts";"Plus de 2,5 buts";"1.57";"Betano";"1";"9";"recent_results";"0";"25";"Non"
"21";"football:1638088:5:Over 2.5:4:public-demo-replay-2026-10-08";"Mariehamn — Ilves";"Veikkausliiga";"Plus/Moins de buts";"Plus de 2,5 buts";"1.61";"Pinnacle";"1";"9";"recent_results";"0";"25";"Non"
"22";"football:1638088:5:Over 2.5:8:public-demo-replay-2026-10-08";"Mariehamn — Ilves";"Veikkausliiga";"Plus/Moins de buts";"Plus de 2,5 buts";"1.57";"Bet365";"1";"9";"recent_results";"0";"25";"Non"
"23";"football:1638088:8:Yes:11:public-demo-replay-2026-10-08";"Mariehamn — Ilves";"Veikkausliiga";"Les deux équipes marquent";"Les deux équipes marquent";"1.48";"1xBet";"1";"9";"production";"0";"25";"Non"
"24";"football:1638088:8:Yes:2:public-demo-replay-2026-10-08";"Mariehamn — Ilves";"Veikkausliiga";"Les deux équipes marquent";"Les deux équipes marquent";"1.48";"Marathonbet";"1";"9";"production";"0";"25";"Non"
"25";"football:1638088:8:Yes:32:public-demo-replay-2026-10-08";"Mariehamn — Ilves";"Veikkausliiga";"Les deux équipes marquent";"Les deux équipes marquent";"1.47";"Betano";"1";"9";"production";"0";"25";"Non"
"26";"football:1638088:8:Yes:7:public-demo-replay-2026-10-08";"Mariehamn — Ilves";"Veikkausliiga";"Les deux équipes marquent";"Les deux équipes marquent";"1.5";"William Hill";"1";"9";"production";"0";"25";"Non"
"27";"football:1638088:8:Yes:8:public-demo-replay-2026-10-08";"Mariehamn — Ilves";"Veikkausliiga";"Les deux équipes marquent";"Les deux équipes marquent";"1.5";"Bet365";"1";"9";"production";"0";"25";"Non"
"28";"football:1570411:1:Away:11:public-demo-replay-2026-10-08";"Real Madrid — Villarreal";"La Liga";"Résultat du match";"Villarreal gagne";"8.45";"1xBet";"1";"9";"recent_results";"0";"5";"Non"
"29";"football:1570411:1:Away:2:public-demo-replay-2026-10-08";"Real Madrid — Villarreal";"La Liga";"Résultat du match";"Villarreal gagne";"8.2";"Marathonbet";"1";"9";"recent_results";"0";"5";"Non"
"30";"football:1570411:1:Away:3:public-demo-replay-2026-10-08";"Real Madrid — Villarreal";"La Liga";"Résultat du match";"Villarreal gagne";"8";"Betfair";"1";"9";"recent_results";"0";"5";"Non"
"31";"football:1570411:1:Away:32:public-demo-replay-2026-10-08";"Real Madrid — Villarreal";"La Liga";"Résultat du match";"Villarreal gagne";"7.2";"Betano";"1";"9";"recent_results";"0";"5";"Non"
"32";"football:1570411:1:Away:36:public-demo-replay-2026-10-08";"Real Madrid — Villarreal";"La Liga";"Résultat du match";"Villarreal gagne";"7";"BetVictor";"1";"9";"recent_results";"0";"5";"Non"
"33";"football:1570411:1:Away:4:public-demo-replay-2026-10-08";"Real Madrid — Villarreal";"La Liga";"Résultat du match";"Villarreal gagne";"7.69";"Pinnacle";"1";"9";"recent_results";"0";"5";"Non"
"34";"football:1570411:1:Away:5:public-demo-replay-2026-10-08";"Real Madrid — Villarreal";"La Liga";"Résultat du match";"Villarreal gagne";"5.8";"SBO";"1";"9";"recent_results";"0";"5";"Non"
"35";"football:1570411:1:Away:7:public-demo-replay-2026-10-08";"Real Madrid — Villarreal";"La Liga";"Résultat du match";"Villarreal gagne";"7.5";"William Hill";"1";"9";"recent_results";"0";"5";"Non"
"36";"football:1570411:1:Away:8:public-demo-replay-2026-10-08";"Real Madrid — Villarreal";"La Liga";"Résultat du match";"Villarreal gagne";"8";"Bet365";"1";"9";"recent_results";"0";"5";"Non"
"37";"football:1570411:1:Home:11:public-demo-replay-2026-10-08";"Real Madrid — Villarreal";"La Liga";"Résultat du match";"Real Madrid gagne";"1.37";"1xBet";"3";"7";"recent_results | standing";"1";"3";"Non"
"38";"football:1570411:1:Home:2:public-demo-replay-2026-10-08";"Real Madrid — Villarreal";"La Liga";"Résultat du match";"Real Madrid gagne";"1.33";"Marathonbet";"3";"7";"recent_results | standing";"1";"3";"Non"
"39";"football:1570411:1:Home:3:public-demo-replay-2026-10-08";"Real Madrid — Villarreal";"La Liga";"Résultat du match";"Real Madrid gagne";"1.33";"Betfair";"3";"7";"recent_results | standing";"1";"3";"Non"
"40";"football:1570411:1:Home:32:public-demo-replay-2026-10-08";"Real Madrid — Villarreal";"La Liga";"Résultat du match";"Real Madrid gagne";"1.36";"Betano";"3";"7";"recent_results | standing";"1";"3";"Non"
"41";"football:1570411:1:Home:36:public-demo-replay-2026-10-08";"Real Madrid — Villarreal";"La Liga";"Résultat du match";"Real Madrid gagne";"1.3";"BetVictor";"3";"7";"recent_results | standing";"1";"3";"Non"
"42";"football:1570411:1:Home:4:public-demo-replay-2026-10-08";"Real Madrid — Villarreal";"La Liga";"Résultat du match";"Real Madrid gagne";"1.34";"Pinnacle";"3";"7";"recent_results | standing";"1";"3";"Non"
"43";"football:1570411:1:Home:5:public-demo-replay-2026-10-08";"Real Madrid — Villarreal";"La Liga";"Résultat du match";"Real Madrid gagne";"1.33";"SBO";"3";"7";"recent_results | standing";"1";"3";"Non"
"44";"football:1570411:1:Home:7:public-demo-replay-2026-10-08";"Real Madrid — Villarreal";"La Liga";"Résultat du match";"Real Madrid gagne";"1.33";"William Hill";"3";"7";"recent_results | standing";"1";"3";"Non"
"45";"football:1570411:1:Home:8:public-demo-replay-2026-10-08";"Real Madrid — Villarreal";"La Liga";"Résultat du match";"Real Madrid gagne";"1.33";"Bet365";"3";"7";"recent_results | standing";"1";"3";"Non"
"46";"football:1570411:12:Draw/Away:11:public-demo-replay-2026-10-08";"Real Madrid — Villarreal";"La Liga";"Double chance";"Villarreal ou nul";"3.4";"1xBet";"1";"9";"recent_results";"0";"5";"Non"
"47";"football:1570411:12:Draw/Away:2:public-demo-replay-2026-10-08";"Real Madrid — Villarreal";"La Liga";"Double chance";"Villarreal ou nul";"3.44";"Marathonbet";"1";"9";"recent_results";"0";"5";"Non"
"48";"football:1570411:12:Draw/Away:3:public-demo-replay-2026-10-08";"Real Madrid — Villarreal";"La Liga";"Double chance";"Villarreal ou nul";"3.3";"Betfair";"1";"9";"recent_results";"0";"5";"Non"
"49";"football:1570411:12:Draw/Away:32:public-demo-replay-2026-10-08";"Real Madrid — Villarreal";"La Liga";"Double chance";"Villarreal ou nul";"3.25";"Betano";"1";"9";"recent_results";"0";"5";"Non"
"50";"football:1570411:12:Draw/Away:36:public-demo-replay-2026-10-08";"Real Madrid — Villarreal";"La Liga";"Double chance";"Villarreal ou nul";"3.2";"BetVictor";"1";"9";"recent_results";"0";"5";"Non"
"51";"football:1570411:12:Draw/Away:5:public-demo-replay-2026-10-08";"Real Madrid — Villarreal";"La Liga";"Double chance";"Villarreal ou nul";"2.93";"SBO";"1";"9";"recent_results";"0";"5";"Non"
"52";"football:1570411:12:Draw/Away:7:public-demo-replay-2026-10-08";"Real Madrid — Villarreal";"La Liga";"Double chance";"Villarreal ou nul";"3.25";"William Hill";"1";"9";"recent_results";"0";"5";"Non"
"53";"football:1570411:12:Draw/Away:8:public-demo-replay-2026-10-08";"Real Madrid — Villarreal";"La Liga";"Double chance";"Villarreal ou nul";"3.25";"Bet365";"1";"9";"recent_results";"0";"5";"Non"
"54";"football:1570411:12:Home/Draw:11:public-demo-replay-2026-10-08";"Real Madrid — Villarreal";"La Liga";"Double chance";"Real Madrid ou nul";"1.09";"1xBet";"3";"7";"recent_results | standing";"1";"3";"Non"
"55";"football:1570411:12:Home/Draw:2:public-demo-replay-2026-10-08";"Real Madrid — Villarreal";"La Liga";"Double chance";"Real Madrid ou nul";"1.09";"Marathonbet";"3";"7";"recent_results | standing";"1";"3";"Non"
"56";"football:1570411:12:Home/Draw:3:public-demo-replay-2026-10-08";"Real Madrid — Villarreal";"La Liga";"Double chance";"Real Madrid ou nul";"1.06";"Betfair";"3";"7";"recent_results | standing";"1";"3";"Non"
"57";"football:1570411:12:Home/Draw:32:public-demo-replay-2026-10-08";"Real Madrid — Villarreal";"La Liga";"Double chance";"Real Madrid ou nul";"1.12";"Betano";"3";"7";"recent_results | standing";"1";"3";"Non"
"58";"football:1570411:12:Home/Draw:36:public-demo-replay-2026-10-08";"Real Madrid — Villarreal";"La Liga";"Double chance";"Real Madrid ou nul";"1.1";"BetVictor";"3";"7";"recent_results | standing";"1";"3";"Non"
"59";"football:1570411:12:Home/Draw:5:public-demo-replay-2026-10-08";"Real Madrid — Villarreal";"La Liga";"Double chance";"Real Madrid ou nul";"1.08";"SBO";"3";"7";"recent_results | standing";"1";"3";"Non"
"60";"football:1570411:12:Home/Draw:7:public-demo-replay-2026-10-08";"Real Madrid — Villarreal";"La Liga";"Double chance";"Real Madrid ou nul";"1.08";"William Hill";"3";"7";"recent_results | standing";"1";"3";"Non"
"61";"football:1570411:12:Home/Draw:8:public-demo-replay-2026-10-08";"Real Madrid — Villarreal";"La Liga";"Double chance";"Real Madrid ou nul";"1.1";"Bet365";"3";"7";"recent_results | standing";"1";"3";"Non"
"62";"football:1638088:1:Away:11:public-demo-replay-2026-10-08";"Mariehamn — Ilves";"Veikkausliiga";"Résultat du match";"Ilves gagne";"2.19";"1xBet";"3";"7";"recent_results | standing";"1";"4";"Non"
"63";"football:1638088:1:Away:2:public-demo-replay-2026-10-08";"Mariehamn — Ilves";"Veikkausliiga";"Résultat du match";"Ilves gagne";"2.17";"Marathonbet";"3";"7";"recent_results | standing";"1";"4";"Non"
"64";"football:1638088:1:Away:3:public-demo-replay-2026-10-08";"Mariehamn — Ilves";"Veikkausliiga";"Résultat du match";"Ilves gagne";"2.1";"Betfair";"3";"7";"recent_results | standing";"1";"4";"Non"
"65";"football:1638088:1:Away:32:public-demo-replay-2026-10-08";"Mariehamn — Ilves";"Veikkausliiga";"Résultat du match";"Ilves gagne";"2.2";"Betano";"3";"7";"recent_results | standing";"1";"4";"Non"
"66";"football:1638088:1:Away:4:public-demo-replay-2026-10-08";"Mariehamn — Ilves";"Veikkausliiga";"Résultat du match";"Ilves gagne";"2.26";"Pinnacle";"3";"7";"recent_results | standing";"1";"4";"Non"
"67";"football:1638088:1:Away:5:public-demo-replay-2026-10-08";"Mariehamn — Ilves";"Veikkausliiga";"Résultat du match";"Ilves gagne";"2.16";"SBO";"3";"7";"recent_results | standing";"1";"4";"Non"
"68";"football:1638088:1:Away:7:public-demo-replay-2026-10-08";"Mariehamn — Ilves";"Veikkausliiga";"Résultat du match";"Ilves gagne";"2.2";"William Hill";"3";"7";"recent_results | standing";"1";"4";"Non"
"69";"football:1638088:1:Away:8:public-demo-replay-2026-10-08";"Mariehamn — Ilves";"Veikkausliiga";"Résultat du match";"Ilves gagne";"2.15";"Bet365";"3";"7";"recent_results | standing";"1";"4";"Non"
"70";"football:1638088:1:Away:9:public-demo-replay-2026-10-08";"Mariehamn — Ilves";"Veikkausliiga";"Résultat du match";"Ilves gagne";"2.23";"Dafabet";"3";"7";"recent_results | standing";"1";"4";"Non"
"71";"football:1638088:12:Draw/Away:11:public-demo-replay-2026-10-08";"Mariehamn — Ilves";"Veikkausliiga";"Double chance";"Ilves ou nul";"1.37";"1xBet";"3";"7";"recent_results | standing";"1";"4";"Non"
"72";"football:1638088:12:Draw/Away:2:public-demo-replay-2026-10-08";"Mariehamn — Ilves";"Veikkausliiga";"Double chance";"Ilves ou nul";"1.37";"Marathonbet";"3";"7";"recent_results | standing";"1";"4";"Non"
"73";"football:1638088:12:Draw/Away:3:public-demo-replay-2026-10-08";"Mariehamn — Ilves";"Veikkausliiga";"Double chance";"Ilves ou nul";"1.36";"Betfair";"3";"7";"recent_results | standing";"1";"4";"Non"
"74";"football:1638088:12:Draw/Away:32:public-demo-replay-2026-10-08";"Mariehamn — Ilves";"Veikkausliiga";"Double chance";"Ilves ou nul";"1.4";"Betano";"3";"7";"recent_results | standing";"1";"4";"Non"
"75";"football:1638088:12:Draw/Away:5:public-demo-replay-2026-10-08";"Mariehamn — Ilves";"Veikkausliiga";"Double chance";"Ilves ou nul";"1.3";"SBO";"3";"7";"recent_results | standing";"1";"4";"Non"
"76";"football:1638088:12:Draw/Away:7:public-demo-replay-2026-10-08";"Mariehamn — Ilves";"Veikkausliiga";"Double chance";"Ilves ou nul";"1.36";"William Hill";"3";"7";"recent_results | standing";"1";"4";"Non"
"77";"football:1638088:12:Draw/Away:8:public-demo-replay-2026-10-08";"Mariehamn — Ilves";"Veikkausliiga";"Double chance";"Ilves ou nul";"1.36";"Bet365";"3";"7";"recent_results | standing";"1";"4";"Non"
"78";"football:1575515:1:Away:11:public-demo-replay-2026-10-08";"Maritimo — FC Porto";"Primeira Liga";"Résultat du match";"FC Porto gagne";"1.33";"1xBet";"7";"12";"recent_results | standing";"5";"3";"Non"
"79";"football:1575515:1:Away:2:public-demo-replay-2026-10-08";"Maritimo — FC Porto";"Primeira Liga";"Résultat du match";"FC Porto gagne";"1.3";"Marathonbet";"7";"12";"recent_results | standing";"5";"3";"Non"
"80";"football:1575515:1:Away:3:public-demo-replay-2026-10-08";"Maritimo — FC Porto";"Primeira Liga";"Résultat du match";"FC Porto gagne";"1.3";"Betfair";"7";"12";"recent_results | standing";"5";"3";"Non"
"81";"football:1575515:1:Away:32:public-demo-replay-2026-10-08";"Maritimo — FC Porto";"Primeira Liga";"Résultat du match";"FC Porto gagne";"1.33";"Betano";"7";"12";"recent_results | standing";"5";"3";"Non"
"82";"football:1575515:1:Away:36:public-demo-replay-2026-10-08";"Maritimo — FC Porto";"Primeira Liga";"Résultat du match";"FC Porto gagne";"1.3";"BetVictor";"7";"12";"recent_results | standing";"5";"3";"Non"
"83";"football:1575515:1:Away:5:public-demo-replay-2026-10-08";"Maritimo — FC Porto";"Primeira Liga";"Résultat du match";"FC Porto gagne";"1.29";"SBO";"7";"12";"recent_results | standing";"5";"3";"Non"
"84";"football:1575515:1:Away:7:public-demo-replay-2026-10-08";"Maritimo — FC Porto";"Primeira Liga";"Résultat du match";"FC Porto gagne";"1.3";"William Hill";"7";"12";"recent_results | standing";"5";"3";"Non"
"85";"football:1575515:1:Away:8:public-demo-replay-2026-10-08";"Maritimo — FC Porto";"Primeira Liga";"Résultat du match";"FC Porto gagne";"1.3";"Bet365";"7";"12";"recent_results | standing";"5";"3";"Non"
"86";"football:1575515:1:Away:9:public-demo-replay-2026-10-08";"Maritimo — FC Porto";"Primeira Liga";"Résultat du match";"FC Porto gagne";"1.34";"Dafabet";"7";"12";"recent_results | standing";"5";"3";"Non"
"87";"football:1575515:12:Draw/Away:11:public-demo-replay-2026-10-08";"Maritimo — FC Porto";"Primeira Liga";"Double chance";"FC Porto ou nul";"1.05";"1xBet";"7";"12";"recent_results | standing";"5";"3";"Non"
"88";"football:1575515:12:Draw/Away:2:public-demo-replay-2026-10-08";"Maritimo — FC Porto";"Primeira Liga";"Double chance";"FC Porto ou nul";"1.03";"Marathonbet";"7";"12";"recent_results | standing";"5";"3";"Non"
"89";"football:1575515:12:Draw/Away:3:public-demo-replay-2026-10-08";"Maritimo — FC Porto";"Primeira Liga";"Double chance";"FC Porto ou nul";"1.04";"Betfair";"7";"12";"recent_results | standing";"5";"3";"Non"
"90";"football:1575515:12:Draw/Away:32:public-demo-replay-2026-10-08";"Maritimo — FC Porto";"Primeira Liga";"Double chance";"FC Porto ou nul";"1.08";"Betano";"7";"12";"recent_results | standing";"5";"3";"Non"
"91";"football:1575515:12:Draw/Away:36:public-demo-replay-2026-10-08";"Maritimo — FC Porto";"Primeira Liga";"Double chance";"FC Porto ou nul";"1.07";"BetVictor";"7";"12";"recent_results | standing";"5";"3";"Non"
"92";"football:1575515:12:Draw/Away:5:public-demo-replay-2026-10-08";"Maritimo — FC Porto";"Primeira Liga";"Double chance";"FC Porto ou nul";"1.03";"SBO";"7";"12";"recent_results | standing";"5";"3";"Non"
"93";"football:1575515:12:Draw/Away:7:public-demo-replay-2026-10-08";"Maritimo — FC Porto";"Primeira Liga";"Double chance";"FC Porto ou nul";"1.06";"William Hill";"7";"12";"recent_results | standing";"5";"3";"Non"
"94";"football:1575515:12:Draw/Away:8:public-demo-replay-2026-10-08";"Maritimo — FC Porto";"Primeira Liga";"Double chance";"FC Porto ou nul";"1.06";"Bet365";"7";"12";"recent_results | standing";"5";"3";"Non"
"95";"football:1507079:1:Home:11:public-demo-replay-2026-10-08";"FC Seoul — Jeju United FC";"K League 1";"Résultat du match";"FC Seoul gagne";"1.59";"1xBet";"2";"6";"standing | recent_results";"0";"3";"Non"
"96";"football:1507079:1:Home:2:public-demo-replay-2026-10-08";"FC Seoul — Jeju United FC";"K League 1";"Résultat du match";"FC Seoul gagne";"1.57";"Marathonbet";"2";"6";"standing | recent_results";"0";"3";"Non"
"97";"football:1507079:1:Home:3:public-demo-replay-2026-10-08";"FC Seoul — Jeju United FC";"K League 1";"Résultat du match";"FC Seoul gagne";"1.62";"Betfair";"2";"6";"standing | recent_results";"0";"3";"Non"
"98";"football:1507079:1:Home:32:public-demo-replay-2026-10-08";"FC Seoul — Jeju United FC";"K League 1";"Résultat du match";"FC Seoul gagne";"1.62";"Betano";"2";"6";"standing | recent_results";"0";"3";"Non"
"99";"football:1507079:1:Home:36:public-demo-replay-2026-10-08";"FC Seoul — Jeju United FC";"K League 1";"Résultat du match";"FC Seoul gagne";"1.57";"BetVictor";"2";"6";"standing | recent_results";"0";"3";"Non"
"100";"football:1507079:1:Home:4:public-demo-replay-2026-10-08";"FC Seoul — Jeju United FC";"K League 1";"Résultat du match";"FC Seoul gagne";"1.61";"Pinnacle";"2";"6";"standing | recent_results";"0";"3";"Non"
"101";"football:1507079:1:Home:5:public-demo-replay-2026-10-08";"FC Seoul — Jeju United FC";"K League 1";"Résultat du match";"FC Seoul gagne";"1.54";"SBO";"2";"6";"standing | recent_results";"0";"3";"Non"
"102";"football:1507079:1:Home:7:public-demo-replay-2026-10-08";"FC Seoul — Jeju United FC";"K League 1";"Résultat du match";"FC Seoul gagne";"1.62";"William Hill";"2";"6";"standing | recent_results";"0";"3";"Non"
"103";"football:1507079:1:Home:8:public-demo-replay-2026-10-08";"FC Seoul — Jeju United FC";"K League 1";"Résultat du match";"FC Seoul gagne";"1.6";"Bet365";"2";"6";"standing | recent_results";"0";"3";"Non"
"104";"football:1507079:1:Home:9:public-demo-replay-2026-10-08";"FC Seoul — Jeju United FC";"K League 1";"Résultat du match";"FC Seoul gagne";"1.65";"Dafabet";"2";"6";"standing | recent_results";"0";"3";"Non"
"105";"football:1507079:12:Home/Draw:11:public-demo-replay-2026-10-08";"FC Seoul — Jeju United FC";"K League 1";"Double chance";"FC Seoul ou nul";"1.14";"1xBet";"2";"6";"standing | recent_results";"0";"3";"Non"
"106";"football:1507079:12:Home/Draw:2:public-demo-replay-2026-10-08";"FC Seoul — Jeju United FC";"K League 1";"Double chance";"FC Seoul ou nul";"1.14";"Marathonbet";"2";"6";"standing | recent_results";"0";"3";"Non"
"107";"football:1507079:12:Home/Draw:3:public-demo-replay-2026-10-08";"FC Seoul — Jeju United FC";"K League 1";"Double chance";"FC Seoul ou nul";"1.17";"Betfair";"2";"6";"standing | recent_results";"0";"3";"Non"
"108";"football:1507079:12:Home/Draw:32:public-demo-replay-2026-10-08";"FC Seoul — Jeju United FC";"K League 1";"Double chance";"FC Seoul ou nul";"1.19";"Betano";"2";"6";"standing | recent_results";"0";"3";"Non"
"109";"football:1507079:12:Home/Draw:36:public-demo-replay-2026-10-08";"FC Seoul — Jeju United FC";"K League 1";"Double chance";"FC Seoul ou nul";"1.15";"BetVictor";"2";"6";"standing | recent_results";"0";"3";"Non"
"110";"football:1507079:12:Home/Draw:5:public-demo-replay-2026-10-08";"FC Seoul — Jeju United FC";"K League 1";"Double chance";"FC Seoul ou nul";"1.11";"SBO";"2";"6";"standing | recent_results";"0";"3";"Non"
"111";"football:1507079:12:Home/Draw:7:public-demo-replay-2026-10-08";"FC Seoul — Jeju United FC";"K League 1";"Double chance";"FC Seoul ou nul";"1.17";"William Hill";"2";"6";"standing | recent_results";"0";"3";"Non"
"112";"football:1507079:12:Home/Draw:8:public-demo-replay-2026-10-08";"FC Seoul — Jeju United FC";"K League 1";"Double chance";"FC Seoul ou nul";"1.17";"Bet365";"2";"6";"standing | recent_results";"0";"3";"Non"
"113";"football:1507079:5:Over 2.5:11:public-demo-replay-2026-10-08";"FC Seoul — Jeju United FC";"K League 1";"Plus/Moins de buts";"Plus de 2,5 buts";"1.73";"1xBet";"1";"7";"recent_results";"0";"30";"Non"
"114";"football:1507079:5:Over 2.5:2:public-demo-replay-2026-10-08";"FC Seoul — Jeju United FC";"K League 1";"Plus/Moins de buts";"Plus de 2,5 buts";"1.73";"Marathonbet";"1";"7";"recent_results";"0";"30";"Non"
"115";"football:1507079:5:Over 2.5:3:public-demo-replay-2026-10-08";"FC Seoul — Jeju United FC";"K League 1";"Plus/Moins de buts";"Plus de 2,5 buts";"1.73";"Betfair";"1";"7";"recent_results";"0";"30";"Non"
"116";"football:1507079:5:Over 2.5:32:public-demo-replay-2026-10-08";"FC Seoul — Jeju United FC";"K League 1";"Plus/Moins de buts";"Plus de 2,5 buts";"1.75";"Betano";"1";"7";"recent_results";"0";"30";"Non"
"117";"football:1507079:5:Over 2.5:36:public-demo-replay-2026-10-08";"FC Seoul — Jeju United FC";"K League 1";"Plus/Moins de buts";"Plus de 2,5 buts";"1.7";"BetVictor";"1";"7";"recent_results";"0";"30";"Non"
"118";"football:1507079:5:Over 2.5:4:public-demo-replay-2026-10-08";"FC Seoul — Jeju United FC";"K League 1";"Plus/Moins de buts";"Plus de 2,5 buts";"1.74";"Pinnacle";"1";"7";"recent_results";"0";"30";"Non"
"119";"football:1507079:5:Over 2.5:5:public-demo-replay-2026-10-08";"FC Seoul — Jeju United FC";"K League 1";"Plus/Moins de buts";"Plus de 2,5 buts";"1.74";"SBO";"1";"7";"recent_results";"0";"30";"Non"
"120";"football:1507079:5:Over 2.5:8:public-demo-replay-2026-10-08";"FC Seoul — Jeju United FC";"K League 1";"Plus/Moins de buts";"Plus de 2,5 buts";"1.75";"Bet365";"1";"7";"recent_results";"0";"30";"Non"
"121";"football:1548538:1:Away:11:public-demo-replay-2026-10-08";"HNK Hajduk Split — Dinamo Zagreb";"HNL";"Résultat du match";"Dinamo Zagreb gagne";"2.18";"1xBet";"1";"8";"standing";"0";"5";"Non"
"122";"football:1548538:1:Away:2:public-demo-replay-2026-10-08";"HNK Hajduk Split — Dinamo Zagreb";"HNL";"Résultat du match";"Dinamo Zagreb gagne";"2.16";"Marathonbet";"1";"8";"standing";"0";"5";"Non"
"123";"football:1548538:1:Away:3:public-demo-replay-2026-10-08";"HNK Hajduk Split — Dinamo Zagreb";"HNL";"Résultat du match";"Dinamo Zagreb gagne";"2.15";"Betfair";"1";"8";"standing";"0";"5";"Non"
"124";"football:1548538:1:Away:32:public-demo-replay-2026-10-08";"HNK Hajduk Split — Dinamo Zagreb";"HNL";"Résultat du match";"Dinamo Zagreb gagne";"2.15";"Betano";"1";"8";"standing";"0";"5";"Non"
"125";"football:1548538:1:Away:36:public-demo-replay-2026-10-08";"HNK Hajduk Split — Dinamo Zagreb";"HNL";"Résultat du match";"Dinamo Zagreb gagne";"2.15";"BetVictor";"1";"8";"standing";"0";"5";"Non"
"126";"football:1548538:1:Away:4:public-demo-replay-2026-10-08";"HNK Hajduk Split — Dinamo Zagreb";"HNL";"Résultat du match";"Dinamo Zagreb gagne";"2.21";"Pinnacle";"1";"8";"standing";"0";"5";"Non"
"127";"football:1548538:1:Away:5:public-demo-replay-2026-10-08";"HNK Hajduk Split — Dinamo Zagreb";"HNL";"Résultat du match";"Dinamo Zagreb gagne";"2.1";"SBO";"1";"8";"standing";"0";"5";"Non"
"128";"football:1548538:1:Away:7:public-demo-replay-2026-10-08";"HNK Hajduk Split — Dinamo Zagreb";"HNL";"Résultat du match";"Dinamo Zagreb gagne";"2.2";"William Hill";"1";"8";"standing";"0";"5";"Non"
"129";"football:1548538:1:Away:8:public-demo-replay-2026-10-08";"HNK Hajduk Split — Dinamo Zagreb";"HNL";"Résultat du match";"Dinamo Zagreb gagne";"2.15";"Bet365";"1";"8";"standing";"0";"5";"Non"
"130";"football:1548538:1:Away:9:public-demo-replay-2026-10-08";"HNK Hajduk Split — Dinamo Zagreb";"HNL";"Résultat du match";"Dinamo Zagreb gagne";"2.24";"Dafabet";"1";"8";"standing";"0";"5";"Non"
"131";"football:1548538:1:Home:11:public-demo-replay-2026-10-08";"HNK Hajduk Split — Dinamo Zagreb";"HNL";"Résultat du match";"HNK Hajduk Split gagne";"2.98";"1xBet";"2";"7";"recent_results";"1";"4";"Non"
"132";"football:1548538:1:Home:2:public-demo-replay-2026-10-08";"HNK Hajduk Split — Dinamo Zagreb";"HNL";"Résultat du match";"HNK Hajduk Split gagne";"2.96";"Marathonbet";"2";"7";"recent_results";"1";"4";"Non"
"133";"football:1548538:1:Home:3:public-demo-replay-2026-10-08";"HNK Hajduk Split — Dinamo Zagreb";"HNL";"Résultat du match";"HNK Hajduk Split gagne";"2.8";"Betfair";"2";"7";"recent_results";"1";"4";"Non"
"134";"football:1548538:1:Home:32:public-demo-replay-2026-10-08";"HNK Hajduk Split — Dinamo Zagreb";"HNL";"Résultat du match";"HNK Hajduk Split gagne";"3.1";"Betano";"2";"7";"recent_results";"1";"4";"Non"
"135";"football:1548538:1:Home:36:public-demo-replay-2026-10-08";"HNK Hajduk Split — Dinamo Zagreb";"HNL";"Résultat du match";"HNK Hajduk Split gagne";"2.88";"BetVictor";"2";"7";"recent_results";"1";"4";"Non"
"136";"football:1548538:1:Home:4:public-demo-replay-2026-10-08";"HNK Hajduk Split — Dinamo Zagreb";"HNL";"Résultat du match";"HNK Hajduk Split gagne";"3.03";"Pinnacle";"2";"7";"recent_results";"1";"4";"Non"
"137";"football:1548538:1:Home:5:public-demo-replay-2026-10-08";"HNK Hajduk Split — Dinamo Zagreb";"HNL";"Résultat du match";"HNK Hajduk Split gagne";"2.67";"SBO";"2";"7";"recent_results";"1";"4";"Non"
"138";"football:1548538:1:Home:7:public-demo-replay-2026-10-08";"HNK Hajduk Split — Dinamo Zagreb";"HNL";"Résultat du match";"HNK Hajduk Split gagne";"2.9";"William Hill";"2";"7";"recent_results";"1";"4";"Non"
"139";"football:1548538:1:Home:8:public-demo-replay-2026-10-08";"HNK Hajduk Split — Dinamo Zagreb";"HNL";"Résultat du match";"HNK Hajduk Split gagne";"2.88";"Bet365";"2";"7";"recent_results";"1";"4";"Non"
"140";"football:1548538:1:Home:9:public-demo-replay-2026-10-08";"HNK Hajduk Split — Dinamo Zagreb";"HNL";"Résultat du match";"HNK Hajduk Split gagne";"3.05";"Dafabet";"2";"7";"recent_results";"1";"4";"Non"
"141";"football:1548538:12:Draw/Away:11:public-demo-replay-2026-10-08";"HNK Hajduk Split — Dinamo Zagreb";"HNL";"Double chance";"Dinamo Zagreb ou nul";"1.34";"1xBet";"1";"8";"standing";"0";"5";"Non"
"142";"football:1548538:12:Draw/Away:2:public-demo-replay-2026-10-08";"HNK Hajduk Split — Dinamo Zagreb";"HNL";"Double chance";"Dinamo Zagreb ou nul";"1.34";"Marathonbet";"1";"8";"standing";"0";"5";"Non"
"143";"football:1548538:12:Draw/Away:3:public-demo-replay-2026-10-08";"HNK Hajduk Split — Dinamo Zagreb";"HNL";"Double chance";"Dinamo Zagreb ou nul";"1.33";"Betfair";"1";"8";"standing";"0";"5";"Non"
"144";"football:1548538:12:Draw/Away:32:public-demo-replay-2026-10-08";"HNK Hajduk Split — Dinamo Zagreb";"HNL";"Double chance";"Dinamo Zagreb ou nul";"1.39";"Betano";"1";"8";"standing";"0";"5";"Non"
"145";"football:1548538:12:Draw/Away:36:public-demo-replay-2026-10-08";"HNK Hajduk Split — Dinamo Zagreb";"HNL";"Double chance";"Dinamo Zagreb ou nul";"1.36";"BetVictor";"1";"8";"standing";"0";"5";"Non"
"146";"football:1548538:12:Draw/Away:5:public-demo-replay-2026-10-08";"HNK Hajduk Split — Dinamo Zagreb";"HNL";"Double chance";"Dinamo Zagreb ou nul";"1.31";"SBO";"1";"8";"standing";"0";"5";"Non"
"147";"football:1548538:12:Draw/Away:7:public-demo-replay-2026-10-08";"HNK Hajduk Split — Dinamo Zagreb";"HNL";"Double chance";"Dinamo Zagreb ou nul";"1.36";"William Hill";"1";"8";"standing";"0";"5";"Non"
"148";"football:1548538:12:Draw/Away:8:public-demo-replay-2026-10-08";"HNK Hajduk Split — Dinamo Zagreb";"HNL";"Double chance";"Dinamo Zagreb ou nul";"1.36";"Bet365";"1";"8";"standing";"0";"5";"Non"
"149";"football:1548538:12:Home/Draw:11:public-demo-replay-2026-10-08";"HNK Hajduk Split — Dinamo Zagreb";"HNL";"Double chance";"HNK Hajduk Split ou nul";"1.61";"1xBet";"2";"7";"recent_results";"1";"4";"Non"
"150";"football:1548538:12:Home/Draw:2:public-demo-replay-2026-10-08";"HNK Hajduk Split — Dinamo Zagreb";"HNL";"Double chance";"HNK Hajduk Split ou nul";"1.61";"Marathonbet";"2";"7";"recent_results";"1";"4";"Non"
"151";"football:1548538:12:Home/Draw:3:public-demo-replay-2026-10-08";"HNK Hajduk Split — Dinamo Zagreb";"HNL";"Double chance";"HNK Hajduk Split ou nul";"1.62";"Betfair";"2";"7";"recent_results";"1";"4";"Non"
"152";"football:1548538:12:Home/Draw:32:public-demo-replay-2026-10-08";"HNK Hajduk Split — Dinamo Zagreb";"HNL";"Double chance";"HNK Hajduk Split ou nul";"1.72";"Betano";"2";"7";"recent_results";"1";"4";"Non"
"153";"football:1548538:12:Home/Draw:36:public-demo-replay-2026-10-08";"HNK Hajduk Split — Dinamo Zagreb";"HNL";"Double chance";"HNK Hajduk Split ou nul";"1.6";"BetVictor";"2";"7";"recent_results";"1";"4";"Non"
"154";"football:1548538:12:Home/Draw:5:public-demo-replay-2026-10-08";"HNK Hajduk Split — Dinamo Zagreb";"HNL";"Double chance";"HNK Hajduk Split ou nul";"1.52";"SBO";"2";"7";"recent_results";"1";"4";"Non"
"155";"football:1548538:12:Home/Draw:7:public-demo-replay-2026-10-08";"HNK Hajduk Split — Dinamo Zagreb";"HNL";"Double chance";"HNK Hajduk Split ou nul";"1.62";"William Hill";"2";"7";"recent_results";"1";"4";"Non"
"156";"football:1548538:12:Home/Draw:8:public-demo-replay-2026-10-08";"HNK Hajduk Split — Dinamo Zagreb";"HNL";"Double chance";"HNK Hajduk Split ou nul";"1.62";"Bet365";"2";"7";"recent_results";"1";"4";"Non"
"157";"football:1494773:5:Over 2.5:11:public-demo-replay-2026-10-08";"Bodo/Glimt — Kristiansund BK";"Eliteserien";"Plus/Moins de buts";"Plus de 2,5 buts";"1.09";"1xBet";"1";"15";"recent_results";"0";"21";"Non"
"158";"football:1494773:5:Over 2.5:2:public-demo-replay-2026-10-08";"Bodo/Glimt — Kristiansund BK";"Eliteserien";"Plus/Moins de buts";"Plus de 2,5 buts";"1.09";"Marathonbet";"1";"15";"recent_results";"0";"21";"Non"
"159";"football:1494773:5:Over 2.5:3:public-demo-replay-2026-10-08";"Bodo/Glimt — Kristiansund BK";"Eliteserien";"Plus/Moins de buts";"Plus de 2,5 buts";"1.13";"Betfair";"1";"15";"recent_results";"0";"21";"Non"
"160";"football:1494773:5:Over 2.5:32:public-demo-replay-2026-10-08";"Bodo/Glimt — Kristiansund BK";"Eliteserien";"Plus/Moins de buts";"Plus de 2,5 buts";"1.17";"Betano";"1";"15";"recent_results";"0";"21";"Non"
"161";"football:1494773:5:Over 2.5:36:public-demo-replay-2026-10-08";"Bodo/Glimt — Kristiansund BK";"Eliteserien";"Plus/Moins de buts";"Plus de 2,5 buts";"1.11";"BetVictor";"1";"15";"recent_results";"0";"21";"Non"
"162";"football:1494773:5:Over 2.5:4:public-demo-replay-2026-10-08";"Bodo/Glimt — Kristiansund BK";"Eliteserien";"Plus/Moins de buts";"Plus de 2,5 buts";"1.12";"Pinnacle";"1";"15";"recent_results";"0";"21";"Non"
"163";"football:1494773:5:Over 2.5:8:public-demo-replay-2026-10-08";"Bodo/Glimt — Kristiansund BK";"Eliteserien";"Plus/Moins de buts";"Plus de 2,5 buts";"1.17";"Bet365";"1";"15";"recent_results";"0";"21";"Non"
"164";"football:1556673:1:Home:11:public-demo-replay-2026-10-08";"Heart Of Midlothian — ST Mirren";"Premiership";"Résultat du match";"Heart Of Midlothian gagne";"1.45";"1xBet";"3";"8";"recent_results | standing";"1";"3";"Non"
"165";"football:1556673:1:Home:2:public-demo-replay-2026-10-08";"Heart Of Midlothian — ST Mirren";"Premiership";"Résultat du match";"Heart Of Midlothian gagne";"1.44";"Marathonbet";"3";"8";"recent_results | standing";"1";"3";"Non"
"166";"football:1556673:1:Home:32:public-demo-replay-2026-10-08";"Heart Of Midlothian — ST Mirren";"Premiership";"Résultat du match";"Heart Of Midlothian gagne";"1.47";"Betano";"3";"8";"recent_results | standing";"1";"3";"Non"
"167";"football:1556673:1:Home:36:public-demo-replay-2026-10-08";"Heart Of Midlothian — ST Mirren";"Premiership";"Résultat du match";"Heart Of Midlothian gagne";"1.44";"BetVictor";"3";"8";"recent_results | standing";"1";"3";"Non"
"168";"football:1556673:1:Home:4:public-demo-replay-2026-10-08";"Heart Of Midlothian — ST Mirren";"Premiership";"Résultat du match";"Heart Of Midlothian gagne";"1.47";"Pinnacle";"3";"8";"recent_results | standing";"1";"3";"Non"
"169";"football:1556673:1:Home:5:public-demo-replay-2026-10-08";"Heart Of Midlothian — ST Mirren";"Premiership";"Résultat du match";"Heart Of Midlothian gagne";"1.39";"SBO";"3";"8";"recent_results | standing";"1";"3";"Non"
"170";"football:1556673:1:Home:7:public-demo-replay-2026-10-08";"Heart Of Midlothian — ST Mirren";"Premiership";"Résultat du match";"Heart Of Midlothian gagne";"1.44";"William Hill";"3";"8";"recent_results | standing";"1";"3";"Non"
"171";"football:1556673:1:Home:8:public-demo-replay-2026-10-08";"Heart Of Midlothian — ST Mirren";"Premiership";"Résultat du match";"Heart Of Midlothian gagne";"1.38";"Bet365";"3";"8";"recent_results | standing";"1";"3";"Non"
"172";"football:1556673:12:Home/Draw:11:public-demo-replay-2026-10-08";"Heart Of Midlothian — ST Mirren";"Premiership";"Double chance";"Heart Of Midlothian ou nul";"1.1";"1xBet";"3";"8";"recent_results | standing";"1";"3";"Non"
"173";"football:1556673:12:Home/Draw:2:public-demo-replay-2026-10-08";"Heart Of Midlothian — ST Mirren";"Premiership";"Double chance";"Heart Of Midlothian ou nul";"1.1";"Marathonbet";"3";"8";"recent_results | standing";"1";"3";"Non"
"174";"football:1556673:12:Home/Draw:32:public-demo-replay-2026-10-08";"Heart Of Midlothian — ST Mirren";"Premiership";"Double chance";"Heart Of Midlothian ou nul";"1.14";"Betano";"3";"8";"recent_results | standing";"1";"3";"Non"
"175";"football:1556673:12:Home/Draw:36:public-demo-replay-2026-10-08";"Heart Of Midlothian — ST Mirren";"Premiership";"Double chance";"Heart Of Midlothian ou nul";"1.13";"BetVictor";"3";"8";"recent_results | standing";"1";"3";"Non"
"176";"football:1556673:12:Home/Draw:5:public-demo-replay-2026-10-08";"Heart Of Midlothian — ST Mirren";"Premiership";"Double chance";"Heart Of Midlothian ou nul";"1.08";"SBO";"3";"8";"recent_results | standing";"1";"3";"Non"
"177";"football:1556673:12:Home/Draw:7:public-demo-replay-2026-10-08";"Heart Of Midlothian — ST Mirren";"Premiership";"Double chance";"Heart Of Midlothian ou nul";"1.12";"William Hill";"3";"8";"recent_results | standing";"1";"3";"Non"
"178";"football:1556673:12:Home/Draw:8:public-demo-replay-2026-10-08";"Heart Of Midlothian — ST Mirren";"Premiership";"Double chance";"Heart Of Midlothian ou nul";"1.12";"Bet365";"3";"8";"recent_results | standing";"1";"3";"Non"
"179";"football:1563182:1:Away:11:public-demo-replay-2026-10-08";"Derby — Wrexham";"Championship";"Résultat du match";"Wrexham gagne";"2.56";"1xBet";"2";"4";"recent_results | standing";"0";"5";"Non"
"180";"football:1563182:1:Away:2:public-demo-replay-2026-10-08";"Derby — Wrexham";"Championship";"Résultat du match";"Wrexham gagne";"2.56";"Marathonbet";"2";"4";"recent_results | standing";"0";"5";"Non"
"181";"football:1563182:1:Away:3:public-demo-replay-2026-10-08";"Derby — Wrexham";"Championship";"Résultat du match";"Wrexham gagne";"2.7";"Betfair";"2";"4";"recent_results | standing";"0";"5";"Non"
"182";"football:1563182:1:Away:32:public-demo-replay-2026-10-08";"Derby — Wrexham";"Championship";"Résultat du match";"Wrexham gagne";"2.55";"Betano";"2";"4";"recent_results | standing";"0";"5";"Non"
"183";"football:1563182:1:Away:36:public-demo-replay-2026-10-08";"Derby — Wrexham";"Championship";"Résultat du match";"Wrexham gagne";"2.5";"BetVictor";"2";"4";"recent_results | standing";"0";"5";"Non"
"184";"football:1563182:1:Away:4:public-demo-replay-2026-10-08";"Derby — Wrexham";"Championship";"Résultat du match";"Wrexham gagne";"2.55";"Pinnacle";"2";"4";"recent_results | standing";"0";"5";"Non"
"185";"football:1563182:1:Away:5:public-demo-replay-2026-10-08";"Derby — Wrexham";"Championship";"Résultat du match";"Wrexham gagne";"2.37";"SBO";"2";"4";"recent_results | standing";"0";"5";"Non"
"186";"football:1563182:1:Away:7:public-demo-replay-2026-10-08";"Derby — Wrexham";"Championship";"Résultat du match";"Wrexham gagne";"2.5";"William Hill";"2";"4";"recent_results | standing";"0";"5";"Non"
"187";"football:1563182:1:Away:8:public-demo-replay-2026-10-08";"Derby — Wrexham";"Championship";"Résultat du match";"Wrexham gagne";"2.62";"Bet365";"2";"4";"recent_results | standing";"0";"5";"Non"
"188";"football:1563182:1:Away:9:public-demo-replay-2026-10-08";"Derby — Wrexham";"Championship";"Résultat du match";"Wrexham gagne";"2.65";"Dafabet";"2";"4";"recent_results | standing";"0";"5";"Non"
"189";"football:1563182:12:Draw/Away:11:public-demo-replay-2026-10-08";"Derby — Wrexham";"Championship";"Double chance";"Wrexham ou nul";"1.44";"1xBet";"2";"4";"recent_results | standing";"0";"5";"Non"
"190";"football:1563182:12:Draw/Away:2:public-demo-replay-2026-10-08";"Derby — Wrexham";"Championship";"Double chance";"Wrexham ou nul";"1.44";"Marathonbet";"2";"4";"recent_results | standing";"0";"5";"Non"
"191";"football:1563182:12:Draw/Away:3:public-demo-replay-2026-10-08";"Derby — Wrexham";"Championship";"Double chance";"Wrexham ou nul";"1.44";"Betfair";"2";"4";"recent_results | standing";"0";"5";"Non"
"192";"football:1563182:12:Draw/Away:32:public-demo-replay-2026-10-08";"Derby — Wrexham";"Championship";"Double chance";"Wrexham ou nul";"1.47";"Betano";"2";"4";"recent_results | standing";"0";"5";"Non"
"193";"football:1563182:12:Draw/Away:36:public-demo-replay-2026-10-08";"Derby — Wrexham";"Championship";"Double chance";"Wrexham ou nul";"1.4";"BetVictor";"2";"4";"recent_results | standing";"0";"5";"Non"
"194";"football:1563182:12:Draw/Away:5:public-demo-replay-2026-10-08";"Derby — Wrexham";"Championship";"Double chance";"Wrexham ou nul";"1.39";"SBO";"2";"4";"recent_results | standing";"0";"5";"Non"
"195";"football:1563182:12:Draw/Away:7:public-demo-replay-2026-10-08";"Derby — Wrexham";"Championship";"Double chance";"Wrexham ou nul";"1.44";"William Hill";"2";"4";"recent_results | standing";"0";"5";"Non"
"196";"football:1563182:12:Draw/Away:8:public-demo-replay-2026-10-08";"Derby — Wrexham";"Championship";"Double chance";"Wrexham ou nul";"1.4";"Bet365";"2";"4";"recent_results | standing";"0";"5";"Non"
"197";"football:1563185:1:Away:11:public-demo-replay-2026-10-08";"Sheffield Utd — Lincoln";"Championship";"Résultat du match";"Lincoln gagne";"3.42";"1xBet";"3";"5";"recent_results | standing";"1";"4";"Non"
"198";"football:1563185:1:Away:2:public-demo-replay-2026-10-08";"Sheffield Utd — Lincoln";"Championship";"Résultat du match";"Lincoln gagne";"3.42";"Marathonbet";"3";"5";"recent_results | standing";"1";"4";"Non"
"199";"football:1563185:1:Away:3:public-demo-replay-2026-10-08";"Sheffield Utd — Lincoln";"Championship";"Résultat du match";"Lincoln gagne";"3.4";"Betfair";"3";"5";"recent_results | standing";"1";"4";"Non"
"200";"football:1563185:1:Away:32:public-demo-replay-2026-10-08";"Sheffield Utd — Lincoln";"Championship";"Résultat du match";"Lincoln gagne";"3.5";"Betano";"3";"5";"recent_results | standing";"1";"4";"Non"
"201";"football:1563185:1:Away:36:public-demo-replay-2026-10-08";"Sheffield Utd — Lincoln";"Championship";"Résultat du match";"Lincoln gagne";"3.3";"BetVictor";"3";"5";"recent_results | standing";"1";"4";"Non"
"202";"football:1563185:1:Away:4:public-demo-replay-2026-10-08";"Sheffield Utd — Lincoln";"Championship";"Résultat du match";"Lincoln gagne";"3.55";"Pinnacle";"3";"5";"recent_results | standing";"1";"4";"Non"
"203";"football:1563185:1:Away:5:public-demo-replay-2026-10-08";"Sheffield Utd — Lincoln";"Championship";"Résultat du match";"Lincoln gagne";"3.04";"SBO";"3";"5";"recent_results | standing";"1";"4";"Non"
"204";"football:1563185:1:Away:7:public-demo-replay-2026-10-08";"Sheffield Utd — Lincoln";"Championship";"Résultat du match";"Lincoln gagne";"3.4";"William Hill";"3";"5";"recent_results | standing";"1";"4";"Non"
"205";"football:1563185:1:Away:8:public-demo-replay-2026-10-08";"Sheffield Utd — Lincoln";"Championship";"Résultat du match";"Lincoln gagne";"3.4";"Bet365";"3";"5";"recent_results | standing";"1";"4";"Non"
"206";"football:1563185:1:Away:9:public-demo-replay-2026-10-08";"Sheffield Utd — Lincoln";"Championship";"Résultat du match";"Lincoln gagne";"3.45";"Dafabet";"3";"5";"recent_results | standing";"1";"4";"Non"
"207";"football:1563185:12:Draw/Away:11:public-demo-replay-2026-10-08";"Sheffield Utd — Lincoln";"Championship";"Double chance";"Lincoln ou nul";"1.71";"1xBet";"3";"5";"recent_results | standing";"1";"4";"Non"
"208";"football:1563185:12:Draw/Away:2:public-demo-replay-2026-10-08";"Sheffield Utd — Lincoln";"Championship";"Double chance";"Lincoln ou nul";"1.71";"Marathonbet";"3";"5";"recent_results | standing";"1";"4";"Non"
"209";"football:1563185:12:Draw/Away:3:public-demo-replay-2026-10-08";"Sheffield Utd — Lincoln";"Championship";"Double chance";"Lincoln ou nul";"1.67";"Betfair";"3";"5";"recent_results | standing";"1";"4";"Non"
"210";"football:1563185:12:Draw/Away:32:public-demo-replay-2026-10-08";"Sheffield Utd — Lincoln";"Championship";"Double chance";"Lincoln ou nul";"1.75";"Betano";"3";"5";"recent_results | standing";"1";"4";"Non"
"211";"football:1563185:12:Draw/Away:36:public-demo-replay-2026-10-08";"Sheffield Utd — Lincoln";"Championship";"Double chance";"Lincoln ou nul";"1.67";"BetVictor";"3";"5";"recent_results | standing";"1";"4";"Non"
"212";"football:1563185:12:Draw/Away:5:public-demo-replay-2026-10-08";"Sheffield Utd — Lincoln";"Championship";"Double chance";"Lincoln ou nul";"1.72";"SBO";"3";"5";"recent_results | standing";"1";"4";"Non"
"213";"football:1563185:12:Draw/Away:7:public-demo-replay-2026-10-08";"Sheffield Utd — Lincoln";"Championship";"Double chance";"Lincoln ou nul";"1.7";"William Hill";"3";"5";"recent_results | standing";"1";"4";"Non"
"214";"football:1563185:12:Draw/Away:8:public-demo-replay-2026-10-08";"Sheffield Utd — Lincoln";"Championship";"Double chance";"Lincoln ou nul";"1.7";"Bet365";"3";"5";"recent_results | standing";"1";"4";"Non"
"215";"football:1552181:1:Away:11:public-demo-replay-2026-10-08";"Feyenoord — AZ Alkmaar";"Eredivisie";"Résultat du match";"AZ Alkmaar gagne";"4.12";"1xBet";"3";"12";"recent_results | standing";"1";"3";"Non"
"216";"football:1552181:1:Away:2:public-demo-replay-2026-10-08";"Feyenoord — AZ Alkmaar";"Eredivisie";"Résultat du match";"AZ Alkmaar gagne";"4";"Marathonbet";"3";"12";"recent_results | standing";"1";"3";"Non"
"217";"football:1552181:1:Away:3:public-demo-replay-2026-10-08";"Feyenoord — AZ Alkmaar";"Eredivisie";"Résultat du match";"AZ Alkmaar gagne";"3.8";"Betfair";"3";"12";"recent_results | standing";"1";"3";"Non"
"218";"football:1552181:1:Away:32:public-demo-replay-2026-10-08";"Feyenoord — AZ Alkmaar";"Eredivisie";"Résultat du match";"AZ Alkmaar gagne";"4.05";"Betano";"3";"12";"recent_results | standing";"1";"3";"Non"
"219";"football:1552181:1:Away:36:public-demo-replay-2026-10-08";"Feyenoord — AZ Alkmaar";"Eredivisie";"Résultat du match";"AZ Alkmaar gagne";"3.75";"BetVictor";"3";"12";"recent_results | standing";"1";"3";"Non"
"220";"football:1552181:1:Away:4:public-demo-replay-2026-10-08";"Feyenoord — AZ Alkmaar";"Eredivisie";"Résultat du match";"AZ Alkmaar gagne";"4.29";"Pinnacle";"3";"12";"recent_results | standing";"1";"3";"Non"
"221";"football:1552181:1:Away:5:public-demo-replay-2026-10-08";"Feyenoord — AZ Alkmaar";"Eredivisie";"Résultat du match";"AZ Alkmaar gagne";"3.2";"SBO";"3";"12";"recent_results | standing";"1";"3";"Non"
"222";"football:1552181:1:Away:7:public-demo-replay-2026-10-08";"Feyenoord — AZ Alkmaar";"Eredivisie";"Résultat du match";"AZ Alkmaar gagne";"3.6";"William Hill";"3";"12";"recent_results | standing";"1";"3";"Non"
"223";"football:1552181:1:Away:8:public-demo-replay-2026-10-08";"Feyenoord — AZ Alkmaar";"Eredivisie";"Résultat du match";"AZ Alkmaar gagne";"3.75";"Bet365";"3";"12";"recent_results | standing";"1";"3";"Non"
"224";"football:1552181:12:Draw/Away:11:public-demo-replay-2026-10-08";"Feyenoord — AZ Alkmaar";"Eredivisie";"Double chance";"AZ Alkmaar ou nul";"1.98";"1xBet";"3";"12";"recent_results | standing";"1";"3";"Non"
"225";"football:1552181:12:Draw/Away:2:public-demo-replay-2026-10-08";"Feyenoord — AZ Alkmaar";"Eredivisie";"Double chance";"AZ Alkmaar ou nul";"1.94";"Marathonbet";"3";"12";"recent_results | standing";"1";"3";"Non"
"226";"football:1552181:12:Draw/Away:3:public-demo-replay-2026-10-08";"Feyenoord — AZ Alkmaar";"Eredivisie";"Double chance";"AZ Alkmaar ou nul";"2";"Betfair";"3";"12";"recent_results | standing";"1";"3";"Non"
"227";"football:1552181:12:Draw/Away:32:public-demo-replay-2026-10-08";"Feyenoord — AZ Alkmaar";"Eredivisie";"Double chance";"AZ Alkmaar ou nul";"2.05";"Betano";"3";"12";"recent_results | standing";"1";"3";"Non"
"228";"football:1552181:12:Draw/Away:36:public-demo-replay-2026-10-08";"Feyenoord — AZ Alkmaar";"Eredivisie";"Double chance";"AZ Alkmaar ou nul";"1.93";"BetVictor";"3";"12";"recent_results | standing";"1";"3";"Non"
"229";"football:1552181:12:Draw/Away:5:public-demo-replay-2026-10-08";"Feyenoord — AZ Alkmaar";"Eredivisie";"Double chance";"AZ Alkmaar ou nul";"1.99";"SBO";"3";"12";"recent_results | standing";"1";"3";"Non"
"230";"football:1552181:12:Draw/Away:7:public-demo-replay-2026-10-08";"Feyenoord — AZ Alkmaar";"Eredivisie";"Double chance";"AZ Alkmaar ou nul";"1.91";"William Hill";"3";"12";"recent_results | standing";"1";"3";"Non"
"231";"football:1552181:12:Draw/Away:8:public-demo-replay-2026-10-08";"Feyenoord — AZ Alkmaar";"Eredivisie";"Double chance";"AZ Alkmaar ou nul";"1.95";"Bet365";"3";"12";"recent_results | standing";"1";"3";"Non"
"232";"football:1552780:1:Away:11:public-demo-replay-2026-10-08";"Paris Saint Germain — Le Mans";"Ligue 1";"Résultat du match";"Le Mans gagne";"34";"1xBet";"1";"10";"recent_results";"0";"5";"Non"
"233";"football:1552780:1:Away:2:public-demo-replay-2026-10-08";"Paris Saint Germain — Le Mans";"Ligue 1";"Résultat du match";"Le Mans gagne";"28";"Marathonbet";"1";"10";"recent_results";"0";"5";"Non"
"234";"football:1552780:1:Away:3:public-demo-replay-2026-10-08";"Paris Saint Germain — Le Mans";"Ligue 1";"Résultat du match";"Le Mans gagne";"31";"Betfair";"1";"10";"recent_results";"0";"5";"Non"
"235";"football:1552780:1:Away:32:public-demo-replay-2026-10-08";"Paris Saint Germain — Le Mans";"Ligue 1";"Résultat du match";"Le Mans gagne";"30";"Betano";"1";"10";"recent_results";"0";"5";"Non"
"236";"football:1552780:1:Away:36:public-demo-replay-2026-10-08";"Paris Saint Germain — Le Mans";"Ligue 1";"Résultat du match";"Le Mans gagne";"21";"BetVictor";"1";"10";"recent_results";"0";"5";"Non"
"237";"football:1552780:1:Away:4:public-demo-replay-2026-10-08";"Paris Saint Germain — Le Mans";"Ligue 1";"Résultat du match";"Le Mans gagne";"23.69";"Pinnacle";"1";"10";"recent_results";"0";"5";"Non"
"238";"football:1552780:1:Away:5:public-demo-replay-2026-10-08";"Paris Saint Germain — Le Mans";"Ligue 1";"Résultat du match";"Le Mans gagne";"14.92";"SBO";"1";"10";"recent_results";"0";"5";"Non"
"239";"football:1552780:1:Away:7:public-demo-replay-2026-10-08";"Paris Saint Germain — Le Mans";"Ligue 1";"Résultat du match";"Le Mans gagne";"26";"William Hill";"1";"10";"recent_results";"0";"5";"Non"
"240";"football:1552780:1:Away:8:public-demo-replay-2026-10-08";"Paris Saint Germain — Le Mans";"Ligue 1";"Résultat du match";"Le Mans gagne";"26";"Bet365";"1";"10";"recent_results";"0";"5";"Non"
"241";"football:1552780:12:Draw/Away:11:public-demo-replay-2026-10-08";"Paris Saint Germain — Le Mans";"Ligue 1";"Double chance";"Le Mans ou nul";"10";"1xBet";"1";"10";"recent_results";"0";"5";"Non"
"242";"football:1552780:12:Draw/Away:2:public-demo-replay-2026-10-08";"Paris Saint Germain — Le Mans";"Ligue 1";"Double chance";"Le Mans ou nul";"9.2";"Marathonbet";"1";"10";"recent_results";"0";"5";"Non"
"243";"football:1552780:12:Draw/Away:3:public-demo-replay-2026-10-08";"Paris Saint Germain — Le Mans";"Ligue 1";"Double chance";"Le Mans ou nul";"8.5";"Betfair";"1";"10";"recent_results";"0";"5";"Non"
"244";"football:1552780:12:Draw/Away:32:public-demo-replay-2026-10-08";"Paris Saint Germain — Le Mans";"Ligue 1";"Double chance";"Le Mans ou nul";"8.5";"Betano";"1";"10";"recent_results";"0";"5";"Non"
"245";"football:1552780:12:Draw/Away:7:public-demo-replay-2026-10-08";"Paris Saint Germain — Le Mans";"Ligue 1";"Double chance";"Le Mans ou nul";"9";"William Hill";"1";"10";"recent_results";"0";"5";"Non"
"246";"football:1552780:12:Draw/Away:8:public-demo-replay-2026-10-08";"Paris Saint Germain — Le Mans";"Ligue 1";"Double chance";"Le Mans ou nul";"10";"Bet365";"1";"10";"recent_results";"0";"5";"Non"
"247";"football:1558646:1:Home:11:public-demo-replay-2026-10-08";"Genk — Kortrijk";"Jupiler Pro League";"Résultat du match";"Genk gagne";"1.48";"1xBet";"2";"9";"recent_results | standing";"0";"5";"Non"
"248";"football:1558646:1:Home:2:public-demo-replay-2026-10-08";"Genk — Kortrijk";"Jupiler Pro League";"Résultat du match";"Genk gagne";"1.44";"Marathonbet";"2";"9";"recent_results | standing";"0";"5";"Non"
"249";"football:1558646:1:Home:3:public-demo-replay-2026-10-08";"Genk — Kortrijk";"Jupiler Pro League";"Résultat du match";"Genk gagne";"1.36";"Betfair";"2";"9";"recent_results | standing";"0";"5";"Non"
"250";"football:1558646:1:Home:32:public-demo-replay-2026-10-08";"Genk — Kortrijk";"Jupiler Pro League";"Résultat du match";"Genk gagne";"1.47";"Betano";"2";"9";"recent_results | standing";"0";"5";"Non"
"251";"football:1558646:1:Home:36:public-demo-replay-2026-10-08";"Genk — Kortrijk";"Jupiler Pro League";"Résultat du match";"Genk gagne";"1.4";"BetVictor";"2";"9";"recent_results | standing";"0";"5";"Non"
"252";"football:1558646:1:Home:4:public-demo-replay-2026-10-08";"Genk — Kortrijk";"Jupiler Pro League";"Résultat du match";"Genk gagne";"1.45";"Pinnacle";"2";"9";"recent_results | standing";"0";"5";"Non"
"253";"football:1558646:1:Home:5:public-demo-replay-2026-10-08";"Genk — Kortrijk";"Jupiler Pro League";"Résultat du match";"Genk gagne";"1.37";"SBO";"2";"9";"recent_results | standing";"0";"5";"Non"
"254";"football:1558646:1:Home:7:public-demo-replay-2026-10-08";"Genk — Kortrijk";"Jupiler Pro League";"Résultat du match";"Genk gagne";"1.44";"William Hill";"2";"9";"recent_results | standing";"0";"5";"Non"
"255";"football:1558646:1:Home:8:public-demo-replay-2026-10-08";"Genk — Kortrijk";"Jupiler Pro League";"Résultat du match";"Genk gagne";"1.42";"Bet365";"2";"9";"recent_results | standing";"0";"5";"Non"
"256";"football:1558646:12:Home/Draw:11:public-demo-replay-2026-10-08";"Genk — Kortrijk";"Jupiler Pro League";"Double chance";"Genk ou nul";"1.12";"1xBet";"2";"9";"recent_results | standing";"0";"5";"Non"
"257";"football:1558646:12:Home/Draw:2:public-demo-replay-2026-10-08";"Genk — Kortrijk";"Jupiler Pro League";"Double chance";"Genk ou nul";"1.1";"Marathonbet";"2";"9";"recent_results | standing";"0";"5";"Non"
"258";"football:1558646:12:Home/Draw:3:public-demo-replay-2026-10-08";"Genk — Kortrijk";"Jupiler Pro League";"Double chance";"Genk ou nul";"1.08";"Betfair";"2";"9";"recent_results | standing";"0";"5";"Non"
"259";"football:1558646:12:Home/Draw:32:public-demo-replay-2026-10-08";"Genk — Kortrijk";"Jupiler Pro League";"Double chance";"Genk ou nul";"1.13";"Betano";"2";"9";"recent_results | standing";"0";"5";"Non"
"260";"football:1558646:12:Home/Draw:36:public-demo-replay-2026-10-08";"Genk — Kortrijk";"Jupiler Pro League";"Double chance";"Genk ou nul";"1.13";"BetVictor";"2";"9";"recent_results | standing";"0";"5";"Non"
"261";"football:1558646:12:Home/Draw:5:public-demo-replay-2026-10-08";"Genk — Kortrijk";"Jupiler Pro League";"Double chance";"Genk ou nul";"1.07";"SBO";"2";"9";"recent_results | standing";"0";"5";"Non"
"262";"football:1558646:12:Home/Draw:7:public-demo-replay-2026-10-08";"Genk — Kortrijk";"Jupiler Pro League";"Double chance";"Genk ou nul";"1.11";"William Hill";"2";"9";"recent_results | standing";"0";"5";"Non"
"263";"football:1558646:12:Home/Draw:8:public-demo-replay-2026-10-08";"Genk — Kortrijk";"Jupiler Pro League";"Double chance";"Genk ou nul";"1.12";"Bet365";"2";"9";"recent_results | standing";"0";"5";"Non"
"264";"football:1493172:1:Away:11:public-demo-replay-2026-10-08";"Instituto Cordoba — Boca Juniors";"Liga Profesional Argentina";"Résultat du match";"Boca Juniors gagne";"2.6";"1xBet";"3";"12";"recent_results";"2";"4";"Non"
"265";"football:1493172:1:Away:2:public-demo-replay-2026-10-08";"Instituto Cordoba — Boca Juniors";"Liga Profesional Argentina";"Résultat du match";"Boca Juniors gagne";"2.55";"Marathonbet";"3";"12";"recent_results";"2";"4";"Non"
"266";"football:1493172:1:Away:3:public-demo-replay-2026-10-08";"Instituto Cordoba — Boca Juniors";"Liga Profesional Argentina";"Résultat du match";"Boca Juniors gagne";"2.6";"Betfair";"3";"12";"recent_results";"2";"4";"Non"
"267";"football:1493172:1:Away:32:public-demo-replay-2026-10-08";"Instituto Cordoba — Boca Juniors";"Liga Profesional Argentina";"Résultat du match";"Boca Juniors gagne";"2.67";"Betano";"3";"12";"recent_results";"2";"4";"Non"
"268";"football:1493172:1:Away:36:public-demo-replay-2026-10-08";"Instituto Cordoba — Boca Juniors";"Liga Profesional Argentina";"Résultat du match";"Boca Juniors gagne";"2.63";"BetVictor";"3";"12";"recent_results";"2";"4";"Non"
"269";"football:1493172:1:Away:4:public-demo-replay-2026-10-08";"Instituto Cordoba — Boca Juniors";"Liga Profesional Argentina";"Résultat du match";"Boca Juniors gagne";"2.67";"Pinnacle";"3";"12";"recent_results";"2";"4";"Non"
"270";"football:1493172:1:Away:5:public-demo-replay-2026-10-08";"Instituto Cordoba — Boca Juniors";"Liga Profesional Argentina";"Résultat du match";"Boca Juniors gagne";"2.41";"SBO";"3";"12";"recent_results";"2";"4";"Non"
"271";"football:1493172:1:Away:7:public-demo-replay-2026-10-08";"Instituto Cordoba — Boca Juniors";"Liga Profesional Argentina";"Résultat du match";"Boca Juniors gagne";"2.6";"William Hill";"3";"12";"recent_results";"2";"4";"Non"
"272";"football:1493172:1:Away:8:public-demo-replay-2026-10-08";"Instituto Cordoba — Boca Juniors";"Liga Profesional Argentina";"Résultat du match";"Boca Juniors gagne";"2.7";"Bet365";"3";"12";"recent_results";"2";"4";"Non"
"273";"football:1493172:1:Away:9:public-demo-replay-2026-10-08";"Instituto Cordoba — Boca Juniors";"Liga Profesional Argentina";"Résultat du match";"Boca Juniors gagne";"2.6";"Dafabet";"3";"12";"recent_results";"2";"4";"Non"
"274";"football:1493172:1:Home:11:public-demo-replay-2026-10-08";"Instituto Cordoba — Boca Juniors";"Liga Profesional Argentina";"Résultat du match";"Instituto Cordoba gagne";"2.99";"1xBet";"4";"11";"recent_results | standing";"2";"4";"Non"
"275";"football:1493172:1:Home:2:public-demo-replay-2026-10-08";"Instituto Cordoba — Boca Juniors";"Liga Profesional Argentina";"Résultat du match";"Instituto Cordoba gagne";"2.93";"Marathonbet";"4";"11";"recent_results | standing";"2";"4";"Non"
"276";"football:1493172:1:Home:3:public-demo-replay-2026-10-08";"Instituto Cordoba — Boca Juniors";"Liga Profesional Argentina";"Résultat du match";"Instituto Cordoba gagne";"2.88";"Betfair";"4";"11";"recent_results | standing";"2";"4";"Non"
"277";"football:1493172:1:Home:32:public-demo-replay-2026-10-08";"Instituto Cordoba — Boca Juniors";"Liga Profesional Argentina";"Résultat du match";"Instituto Cordoba gagne";"2.95";"Betano";"4";"11";"recent_results | standing";"2";"4";"Non"
"278";"football:1493172:1:Home:36:public-demo-replay-2026-10-08";"Instituto Cordoba — Boca Juniors";"Liga Profesional Argentina";"Résultat du match";"Instituto Cordoba gagne";"2.9";"BetVictor";"4";"11";"recent_results | standing";"2";"4";"Non"
"279";"football:1493172:1:Home:4:public-demo-replay-2026-10-08";"Instituto Cordoba — Boca Juniors";"Liga Profesional Argentina";"Résultat du match";"Instituto Cordoba gagne";"2.93";"Pinnacle";"4";"11";"recent_results | standing";"2";"4";"Non"
"280";"football:1493172:1:Home:5:public-demo-replay-2026-10-08";"Instituto Cordoba — Boca Juniors";"Liga Profesional Argentina";"Résultat du match";"Instituto Cordoba gagne";"2.69";"SBO";"4";"11";"recent_results | standing";"2";"4";"Non"
"281";"football:1493172:1:Home:7:public-demo-replay-2026-10-08";"Instituto Cordoba — Boca Juniors";"Liga Profesional Argentina";"Résultat du match";"Instituto Cordoba gagne";"2.9";"William Hill";"4";"11";"recent_results | standing";"2";"4";"Non"
"282";"football:1493172:1:Home:8:public-demo-replay-2026-10-08";"Instituto Cordoba — Boca Juniors";"Liga Profesional Argentina";"Résultat du match";"Instituto Cordoba gagne";"3";"Bet365";"4";"11";"recent_results | standing";"2";"4";"Non"
"283";"football:1493172:1:Home:9:public-demo-replay-2026-10-08";"Instituto Cordoba — Boca Juniors";"Liga Profesional Argentina";"Résultat du match";"Instituto Cordoba gagne";"2.9";"Dafabet";"4";"11";"recent_results | standing";"2";"4";"Non"
"284";"football:1493172:12:Draw/Away:11:public-demo-replay-2026-10-08";"Instituto Cordoba — Boca Juniors";"Liga Profesional Argentina";"Double chance";"Boca Juniors ou nul";"1.38";"1xBet";"3";"12";"recent_results";"2";"4";"Non"
"285";"football:1493172:12:Draw/Away:2:public-demo-replay-2026-10-08";"Instituto Cordoba — Boca Juniors";"Liga Profesional Argentina";"Double chance";"Boca Juniors ou nul";"1.37";"Marathonbet";"3";"12";"recent_results";"2";"4";"Non"
"286";"football:1493172:12:Draw/Away:3:public-demo-replay-2026-10-08";"Instituto Cordoba — Boca Juniors";"Liga Profesional Argentina";"Double chance";"Boca Juniors ou nul";"1.4";"Betfair";"3";"12";"recent_results";"2";"4";"Non"
"287";"football:1493172:12:Draw/Away:32:public-demo-replay-2026-10-08";"Instituto Cordoba — Boca Juniors";"Liga Profesional Argentina";"Double chance";"Boca Juniors ou nul";"1.42";"Betano";"3";"12";"recent_results";"2";"4";"Non"
"288";"football:1493172:12:Draw/Away:36:public-demo-replay-2026-10-08";"Instituto Cordoba — Boca Juniors";"Liga Profesional Argentina";"Double chance";"Boca Juniors ou nul";"1.36";"BetVictor";"3";"12";"recent_results";"2";"4";"Non"
"289";"football:1493172:12:Draw/Away:5:public-demo-replay-2026-10-08";"Instituto Cordoba — Boca Juniors";"Liga Profesional Argentina";"Double chance";"Boca Juniors ou nul";"1.32";"SBO";"3";"12";"recent_results";"2";"4";"Non"
"290";"football:1493172:12:Draw/Away:7:public-demo-replay-2026-10-08";"Instituto Cordoba — Boca Juniors";"Liga Profesional Argentina";"Double chance";"Boca Juniors ou nul";"1.36";"William Hill";"3";"12";"recent_results";"2";"4";"Non"
"291";"football:1493172:12:Draw/Away:8:public-demo-replay-2026-10-08";"Instituto Cordoba — Boca Juniors";"Liga Profesional Argentina";"Double chance";"Boca Juniors ou nul";"1.36";"Bet365";"3";"12";"recent_results";"2";"4";"Non"
"292";"football:1493172:12:Home/Draw:11:public-demo-replay-2026-10-08";"Instituto Cordoba — Boca Juniors";"Liga Profesional Argentina";"Double chance";"Instituto Cordoba ou nul";"1.48";"1xBet";"4";"11";"recent_results | standing";"2";"4";"Non"
"293";"football:1493172:12:Home/Draw:2:public-demo-replay-2026-10-08";"Instituto Cordoba — Boca Juniors";"Liga Profesional Argentina";"Double chance";"Instituto Cordoba ou nul";"1.47";"Marathonbet";"4";"11";"recent_results | standing";"2";"4";"Non"
"294";"football:1493172:12:Home/Draw:3:public-demo-replay-2026-10-08";"Instituto Cordoba — Boca Juniors";"Liga Profesional Argentina";"Double chance";"Instituto Cordoba ou nul";"1.44";"Betfair";"4";"11";"recent_results | standing";"2";"4";"Non"
"295";"football:1493172:12:Home/Draw:32:public-demo-replay-2026-10-08";"Instituto Cordoba — Boca Juniors";"Liga Profesional Argentina";"Double chance";"Instituto Cordoba ou nul";"1.5";"Betano";"4";"11";"recent_results | standing";"2";"4";"Non"
"296";"football:1493172:12:Home/Draw:36:public-demo-replay-2026-10-08";"Instituto Cordoba — Boca Juniors";"Liga Profesional Argentina";"Double chance";"Instituto Cordoba ou nul";"1.44";"BetVictor";"4";"11";"recent_results | standing";"2";"4";"Non"
"297";"football:1493172:12:Home/Draw:5:public-demo-replay-2026-10-08";"Instituto Cordoba — Boca Juniors";"Liga Profesional Argentina";"Double chance";"Instituto Cordoba ou nul";"1.4";"SBO";"4";"11";"recent_results | standing";"2";"4";"Non"
"298";"football:1493172:12:Home/Draw:7:public-demo-replay-2026-10-08";"Instituto Cordoba — Boca Juniors";"Liga Profesional Argentina";"Double chance";"Instituto Cordoba ou nul";"1.44";"William Hill";"4";"11";"recent_results | standing";"2";"4";"Non"
"299";"football:1493172:12:Home/Draw:8:public-demo-replay-2026-10-08";"Instituto Cordoba — Boca Juniors";"Liga Profesional Argentina";"Double chance";"Instituto Cordoba ou nul";"1.5";"Bet365";"4";"11";"recent_results | standing";"2";"4";"Non"
"300";"football:1507079:1:Away:11:public-demo-replay-2026-10-08";"FC Seoul — Jeju United FC";"K League 1";"Résultat du match";"Jeju United FC gagne";"5.07";"1xBet";"2";"6";"recent_results";"1";"5";"Non"
"301";"football:1507079:1:Away:2:public-demo-replay-2026-10-08";"FC Seoul — Jeju United FC";"K League 1";"Résultat du match";"Jeju United FC gagne";"5.15";"Marathonbet";"2";"6";"recent_results";"1";"5";"Non"
"302";"football:1507079:1:Away:3:public-demo-replay-2026-10-08";"FC Seoul — Jeju United FC";"K League 1";"Résultat du match";"Jeju United FC gagne";"5";"Betfair";"2";"6";"recent_results";"1";"5";"Non"
"303";"football:1507079:1:Away:32:public-demo-replay-2026-10-08";"FC Seoul — Jeju United FC";"K League 1";"Résultat du match";"Jeju United FC gagne";"5";"Betano";"2";"6";"recent_results";"1";"5";"Non"
"304";"football:1507079:1:Away:36:public-demo-replay-2026-10-08";"FC Seoul — Jeju United FC";"K League 1";"Résultat du match";"Jeju United FC gagne";"5.25";"BetVictor";"2";"6";"recent_results";"1";"5";"Non"
"305";"football:1507079:1:Away:4:public-demo-replay-2026-10-08";"FC Seoul — Jeju United FC";"K League 1";"Résultat du match";"Jeju United FC gagne";"5.15";"Pinnacle";"2";"6";"recent_results";"1";"5";"Non"
"306";"football:1507079:1:Away:5:public-demo-replay-2026-10-08";"FC Seoul — Jeju United FC";"K League 1";"Résultat du match";"Jeju United FC gagne";"4.63";"SBO";"2";"6";"recent_results";"1";"5";"Non"
"307";"football:1507079:1:Away:7:public-demo-replay-2026-10-08";"FC Seoul — Jeju United FC";"K League 1";"Résultat du match";"Jeju United FC gagne";"4.8";"William Hill";"2";"6";"recent_results";"1";"5";"Non"
"308";"football:1507079:1:Away:8:public-demo-replay-2026-10-08";"FC Seoul — Jeju United FC";"K League 1";"Résultat du match";"Jeju United FC gagne";"5";"Bet365";"2";"6";"recent_results";"1";"5";"Non"
"309";"football:1507079:1:Away:9:public-demo-replay-2026-10-08";"FC Seoul — Jeju United FC";"K League 1";"Résultat du match";"Jeju United FC gagne";"5.2";"Dafabet";"2";"6";"recent_results";"1";"5";"Non"
"310";"football:1507079:12:Draw/Away:11:public-demo-replay-2026-10-08";"FC Seoul — Jeju United FC";"K League 1";"Double chance";"Jeju United FC ou nul";"2.29";"1xBet";"2";"6";"recent_results";"1";"5";"Non"
"311";"football:1507079:12:Draw/Away:2:public-demo-replay-2026-10-08";"FC Seoul — Jeju United FC";"K League 1";"Double chance";"Jeju United FC ou nul";"2.29";"Marathonbet";"2";"6";"recent_results";"1";"5";"Non"
"312";"football:1507079:12:Draw/Away:3:public-demo-replay-2026-10-08";"FC Seoul — Jeju United FC";"K League 1";"Double chance";"Jeju United FC ou nul";"2.25";"Betfair";"2";"6";"recent_results";"1";"5";"Non"
"313";"football:1507079:12:Draw/Away:32:public-demo-replay-2026-10-08";"FC Seoul — Jeju United FC";"K League 1";"Double chance";"Jeju United FC ou nul";"2.35";"Betano";"2";"6";"recent_results";"1";"5";"Non"
"314";"football:1507079:12:Draw/Away:36:public-demo-replay-2026-10-08";"FC Seoul — Jeju United FC";"K League 1";"Double chance";"Jeju United FC ou nul";"2.25";"BetVictor";"2";"6";"recent_results";"1";"5";"Non"
"315";"football:1507079:12:Draw/Away:5:public-demo-replay-2026-10-08";"FC Seoul — Jeju United FC";"K League 1";"Double chance";"Jeju United FC ou nul";"2.2";"SBO";"2";"6";"recent_results";"1";"5";"Non"
"316";"football:1507079:12:Draw/Away:7:public-demo-replay-2026-10-08";"FC Seoul — Jeju United FC";"K League 1";"Double chance";"Jeju United FC ou nul";"2.25";"William Hill";"2";"6";"recent_results";"1";"5";"Non"
"317";"football:1507079:12:Draw/Away:8:public-demo-replay-2026-10-08";"FC Seoul — Jeju United FC";"K League 1";"Double chance";"Jeju United FC ou nul";"2.3";"Bet365";"2";"6";"recent_results";"1";"5";"Non"
"318";"football:1556084:1:Home:11:public-demo-replay-2026-10-08";"FC Tokyo — Urawa";"J1 League";"Résultat du match";"FC Tokyo gagne";"1.71";"1xBet";"5";"8";"recent_results | standing";"3";"4";"Non"
"319";"football:1556084:1:Home:2:public-demo-replay-2026-10-08";"FC Tokyo — Urawa";"J1 League";"Résultat du match";"FC Tokyo gagne";"1.67";"Marathonbet";"5";"8";"recent_results | standing";"3";"4";"Non"
"320";"football:1556084:1:Home:3:public-demo-replay-2026-10-08";"FC Tokyo — Urawa";"J1 League";"Résultat du match";"FC Tokyo gagne";"1.7";"Betfair";"5";"8";"recent_results | standing";"3";"4";"Non"
"321";"football:1556084:1:Home:32:public-demo-replay-2026-10-08";"FC Tokyo — Urawa";"J1 League";"Résultat du match";"FC Tokyo gagne";"1.7";"Betano";"5";"8";"recent_results | standing";"3";"4";"Non"
"322";"football:1556084:1:Home:36:public-demo-replay-2026-10-08";"FC Tokyo — Urawa";"J1 League";"Résultat du match";"FC Tokyo gagne";"1.67";"BetVictor";"5";"8";"recent_results | standing";"3";"4";"Non"
"323";"football:1556084:1:Home:4:public-demo-replay-2026-10-08";"FC Tokyo — Urawa";"J1 League";"Résultat du match";"FC Tokyo gagne";"1.7";"Pinnacle";"5";"8";"recent_results | standing";"3";"4";"Non"
"324";"football:1556084:1:Home:5:public-demo-replay-2026-10-08";"FC Tokyo — Urawa";"J1 League";"Résultat du match";"FC Tokyo gagne";"1.66";"SBO";"5";"8";"recent_results | standing";"3";"4";"Non"
"325";"football:1556084:1:Home:7:public-demo-replay-2026-10-08";"FC Tokyo — Urawa";"J1 League";"Résultat du match";"FC Tokyo gagne";"1.67";"William Hill";"5";"8";"recent_results | standing";"3";"4";"Non"
"326";"football:1556084:1:Home:8:public-demo-replay-2026-10-08";"FC Tokyo — Urawa";"J1 League";"Résultat du match";"FC Tokyo gagne";"1.65";"Bet365";"5";"8";"recent_results | standing";"3";"4";"Non"
"327";"football:1556084:12:Home/Draw:11:public-demo-replay-2026-10-08";"FC Tokyo — Urawa";"J1 League";"Double chance";"FC Tokyo ou nul";"1.21";"1xBet";"5";"8";"recent_results | standing";"3";"4";"Non"
"328";"football:1556084:12:Home/Draw:2:public-demo-replay-2026-10-08";"FC Tokyo — Urawa";"J1 League";"Double chance";"FC Tokyo ou nul";"1.19";"Marathonbet";"5";"8";"recent_results | standing";"3";"4";"Non"
"329";"football:1556084:12:Home/Draw:3:public-demo-replay-2026-10-08";"FC Tokyo — Urawa";"J1 League";"Double chance";"FC Tokyo ou nul";"1.2";"Betfair";"5";"8";"recent_results | standing";"3";"4";"Non"
"330";"football:1556084:12:Home/Draw:32:public-demo-replay-2026-10-08";"FC Tokyo — Urawa";"J1 League";"Double chance";"FC Tokyo ou nul";"1.21";"Betano";"5";"8";"recent_results | standing";"3";"4";"Non"
"331";"football:1556084:12:Home/Draw:36:public-demo-replay-2026-10-08";"FC Tokyo — Urawa";"J1 League";"Double chance";"FC Tokyo ou nul";"1.2";"BetVictor";"5";"8";"recent_results | standing";"3";"4";"Non"
"332";"football:1556084:12:Home/Draw:5:public-demo-replay-2026-10-08";"FC Tokyo — Urawa";"J1 League";"Double chance";"FC Tokyo ou nul";"1.16";"SBO";"5";"8";"recent_results | standing";"3";"4";"Non"
"333";"football:1556084:12:Home/Draw:7:public-demo-replay-2026-10-08";"FC Tokyo — Urawa";"J1 League";"Double chance";"FC Tokyo ou nul";"1.2";"William Hill";"5";"8";"recent_results | standing";"3";"4";"Non"
"334";"football:1556084:12:Home/Draw:8:public-demo-replay-2026-10-08";"FC Tokyo — Urawa";"J1 League";"Double chance";"FC Tokyo ou nul";"1.17";"Bet365";"5";"8";"recent_results | standing";"3";"4";"Non"
"335";"football:1494773:1:Home:11:public-demo-replay-2026-10-08";"Bodo/Glimt — Kristiansund BK";"Eliteserien";"Résultat du match";"Bodo/Glimt gagne";"1.04";"1xBet";"4";"12";"recent_results | standing";"2";"5";"Non"
"336";"football:1494773:1:Home:2:public-demo-replay-2026-10-08";"Bodo/Glimt — Kristiansund BK";"Eliteserien";"Résultat du match";"Bodo/Glimt gagne";"1.04";"Marathonbet";"4";"12";"recent_results | standing";"2";"5";"Non"
"337";"football:1494773:1:Home:3:public-demo-replay-2026-10-08";"Bodo/Glimt — Kristiansund BK";"Eliteserien";"Résultat du match";"Bodo/Glimt gagne";"1.06";"Betfair";"4";"12";"recent_results | standing";"2";"5";"Non"
"338";"football:1494773:1:Home:32:public-demo-replay-2026-10-08";"Bodo/Glimt — Kristiansund BK";"Eliteserien";"Résultat du match";"Bodo/Glimt gagne";"1.09";"Betano";"4";"12";"recent_results | standing";"2";"5";"Non"
"339";"football:1494773:1:Home:36:public-demo-replay-2026-10-08";"Bodo/Glimt — Kristiansund BK";"Eliteserien";"Résultat du match";"Bodo/Glimt gagne";"1.06";"BetVictor";"4";"12";"recent_results | standing";"2";"5";"Non"
"340";"football:1494773:1:Home:4:public-demo-replay-2026-10-08";"Bodo/Glimt — Kristiansund BK";"Eliteserien";"Résultat du match";"Bodo/Glimt gagne";"1.06";"Pinnacle";"4";"12";"recent_results | standing";"2";"5";"Non"
"341";"football:1494773:1:Home:5:public-demo-replay-2026-10-08";"Bodo/Glimt — Kristiansund BK";"Eliteserien";"Résultat du match";"Bodo/Glimt gagne";"1.06";"SBO";"4";"12";"recent_results | standing";"2";"5";"Non"
"342";"football:1494773:1:Home:7:public-demo-replay-2026-10-08";"Bodo/Glimt — Kristiansund BK";"Eliteserien";"Résultat du match";"Bodo/Glimt gagne";"1.06";"William Hill";"4";"12";"recent_results | standing";"2";"5";"Non"
"343";"football:1494773:1:Home:8:public-demo-replay-2026-10-08";"Bodo/Glimt — Kristiansund BK";"Eliteserien";"Résultat du match";"Bodo/Glimt gagne";"1.07";"Bet365";"4";"12";"recent_results | standing";"2";"5";"Non"
"344";"football:1494773:1:Home:9:public-demo-replay-2026-10-08";"Bodo/Glimt — Kristiansund BK";"Eliteserien";"Résultat du match";"Bodo/Glimt gagne";"1.08";"Dafabet";"4";"12";"recent_results | standing";"2";"5";"Non"
"345";"football:1494773:12:Home/Draw:3:public-demo-replay-2026-10-08";"Bodo/Glimt — Kristiansund BK";"Eliteserien";"Double chance";"Bodo/Glimt ou nul";"1.01";"Betfair";"4";"12";"recent_results | standing";"2";"5";"Non"
"346";"football:1494773:12:Home/Draw:32:public-demo-replay-2026-10-08";"Bodo/Glimt — Kristiansund BK";"Eliteserien";"Double chance";"Bodo/Glimt ou nul";"1.02";"Betano";"4";"12";"recent_results | standing";"2";"5";"Non"
"347";"football:1494773:12:Home/Draw:7:public-demo-replay-2026-10-08";"Bodo/Glimt — Kristiansund BK";"Eliteserien";"Double chance";"Bodo/Glimt ou nul";"1.02";"William Hill";"4";"12";"recent_results | standing";"2";"5";"Non"
"348";"football:1494773:12:Home/Draw:8:public-demo-replay-2026-10-08";"Bodo/Glimt — Kristiansund BK";"Eliteserien";"Double chance";"Bodo/Glimt ou nul";"1.01";"Bet365";"4";"12";"recent_results | standing";"2";"5";"Non"
"349";"football:1563179:1:Home:11:public-demo-replay-2026-10-08";"Blackburn — Cardiff";"Championship";"Résultat du match";"Blackburn gagne";"2.62";"1xBet";"3";"7";"recent_results | standing";"1";"5";"Non"
"350";"football:1563179:1:Home:2:public-demo-replay-2026-10-08";"Blackburn — Cardiff";"Championship";"Résultat du match";"Blackburn gagne";"2.62";"Marathonbet";"3";"7";"recent_results | standing";"1";"5";"Non"
"351";"football:1563179:1:Home:3:public-demo-replay-2026-10-08";"Blackburn — Cardiff";"Championship";"Résultat du match";"Blackburn gagne";"2.63";"Betfair";"3";"7";"recent_results | standing";"1";"5";"Non"
"352";"football:1563179:1:Home:32:public-demo-replay-2026-10-08";"Blackburn — Cardiff";"Championship";"Résultat du match";"Blackburn gagne";"2.7";"Betano";"3";"7";"recent_results | standing";"1";"5";"Non"
"353";"football:1563179:1:Home:36:public-demo-replay-2026-10-08";"Blackburn — Cardiff";"Championship";"Résultat du match";"Blackburn gagne";"2.55";"BetVictor";"3";"7";"recent_results | standing";"1";"5";"Non"
"354";"football:1563179:1:Home:4:public-demo-replay-2026-10-08";"Blackburn — Cardiff";"Championship";"Résultat du match";"Blackburn gagne";"2.7";"Pinnacle";"3";"7";"recent_results | standing";"1";"5";"Non"
"355";"football:1563179:1:Home:5:public-demo-replay-2026-10-08";"Blackburn — Cardiff";"Championship";"Résultat du match";"Blackburn gagne";"2.48";"SBO";"3";"7";"recent_results | standing";"1";"5";"Non"
"356";"football:1563179:1:Home:7:public-demo-replay-2026-10-08";"Blackburn — Cardiff";"Championship";"Résultat du match";"Blackburn gagne";"2.62";"William Hill";"3";"7";"recent_results | standing";"1";"5";"Non"
"357";"football:1563179:1:Home:8:public-demo-replay-2026-10-08";"Blackburn — Cardiff";"Championship";"Résultat du match";"Blackburn gagne";"2.62";"Bet365";"3";"7";"recent_results | standing";"1";"5";"Non"
"358";"football:1563179:1:Home:9:public-demo-replay-2026-10-08";"Blackburn — Cardiff";"Championship";"Résultat du match";"Blackburn gagne";"2.7";"Dafabet";"3";"7";"recent_results | standing";"1";"5";"Non"
"359";"football:1563179:12:Home/Draw:11:public-demo-replay-2026-10-08";"Blackburn — Cardiff";"Championship";"Double chance";"Blackburn ou nul";"1.51";"1xBet";"3";"7";"recent_results | standing";"1";"5";"Non"
"360";"football:1563179:12:Home/Draw:2:public-demo-replay-2026-10-08";"Blackburn — Cardiff";"Championship";"Double chance";"Blackburn ou nul";"1.51";"Marathonbet";"3";"7";"recent_results | standing";"1";"5";"Non"
"361";"football:1563179:12:Home/Draw:3:public-demo-replay-2026-10-08";"Blackburn — Cardiff";"Championship";"Double chance";"Blackburn ou nul";"1.53";"Betfair";"3";"7";"recent_results | standing";"1";"5";"Non"
"362";"football:1563179:12:Home/Draw:32:public-demo-replay-2026-10-08";"Blackburn — Cardiff";"Championship";"Double chance";"Blackburn ou nul";"1.55";"Betano";"3";"7";"recent_results | standing";"1";"5";"Non"
"363";"football:1563179:12:Home/Draw:36:public-demo-replay-2026-10-08";"Blackburn — Cardiff";"Championship";"Double chance";"Blackburn ou nul";"1.5";"BetVictor";"3";"7";"recent_results | standing";"1";"5";"Non"
"364";"football:1563179:12:Home/Draw:5:public-demo-replay-2026-10-08";"Blackburn — Cardiff";"Championship";"Double chance";"Blackburn ou nul";"1.48";"SBO";"3";"7";"recent_results | standing";"1";"5";"Non"
"365";"football:1563179:12:Home/Draw:7:public-demo-replay-2026-10-08";"Blackburn — Cardiff";"Championship";"Double chance";"Blackburn ou nul";"1.5";"William Hill";"3";"7";"recent_results | standing";"1";"5";"Non"
"366";"football:1563179:12:Home/Draw:8:public-demo-replay-2026-10-08";"Blackburn — Cardiff";"Championship";"Double chance";"Blackburn ou nul";"1.5";"Bet365";"3";"7";"recent_results | standing";"1";"5";"Non"
"367";"football:1570403:1:Away:11:public-demo-replay-2026-10-08";"Alaves — Atletico Madrid";"La Liga";"Résultat du match";"Atletico Madrid gagne";"1.91";"1xBet";"4";"11";"recent_results | standing";"2";"4";"Non"
"368";"football:1570403:1:Away:2:public-demo-replay-2026-10-08";"Alaves — Atletico Madrid";"La Liga";"Résultat du match";"Atletico Madrid gagne";"1.86";"Marathonbet";"4";"11";"recent_results | standing";"2";"4";"Non"
"369";"football:1570403:1:Away:3:public-demo-replay-2026-10-08";"Alaves — Atletico Madrid";"La Liga";"Résultat du match";"Atletico Madrid gagne";"1.85";"Betfair";"4";"11";"recent_results | standing";"2";"4";"Non"
"370";"football:1570403:1:Away:32:public-demo-replay-2026-10-08";"Alaves — Atletico Madrid";"La Liga";"Résultat du match";"Atletico Madrid gagne";"1.87";"Betano";"4";"11";"recent_results | standing";"2";"4";"Non"
"371";"football:1570403:1:Away:36:public-demo-replay-2026-10-08";"Alaves — Atletico Madrid";"La Liga";"Résultat du match";"Atletico Madrid gagne";"1.8";"BetVictor";"4";"11";"recent_results | standing";"2";"4";"Non"
"372";"football:1570403:1:Away:4:public-demo-replay-2026-10-08";"Alaves — Atletico Madrid";"La Liga";"Résultat du match";"Atletico Madrid gagne";"1.87";"Pinnacle";"4";"11";"recent_results | standing";"2";"4";"Non"
"373";"football:1570403:1:Away:5:public-demo-replay-2026-10-08";"Alaves — Atletico Madrid";"La Liga";"Résultat du match";"Atletico Madrid gagne";"1.81";"SBO";"4";"11";"recent_results | standing";"2";"4";"Non"
"374";"football:1570403:1:Away:7:public-demo-replay-2026-10-08";"Alaves — Atletico Madrid";"La Liga";"Résultat du match";"Atletico Madrid gagne";"1.85";"William Hill";"4";"11";"recent_results | standing";"2";"4";"Non"
"375";"football:1570403:1:Away:8:public-demo-replay-2026-10-08";"Alaves — Atletico Madrid";"La Liga";"Résultat du match";"Atletico Madrid gagne";"1.83";"Bet365";"4";"11";"recent_results | standing";"2";"4";"Non"
"376";"football:1570403:12:Draw/Away:11:public-demo-replay-2026-10-08";"Alaves — Atletico Madrid";"La Liga";"Double chance";"Atletico Madrid ou nul";"1.26";"1xBet";"4";"11";"recent_results | standing";"2";"4";"Non"
"377";"football:1570403:12:Draw/Away:2:public-demo-replay-2026-10-08";"Alaves — Atletico Madrid";"La Liga";"Double chance";"Atletico Madrid ou nul";"1.25";"Marathonbet";"4";"11";"recent_results | standing";"2";"4";"Non"
"378";"football:1570403:12:Draw/Away:3:public-demo-replay-2026-10-08";"Alaves — Atletico Madrid";"La Liga";"Double chance";"Atletico Madrid ou nul";"1.2";"Betfair";"4";"11";"recent_results | standing";"2";"4";"Non"
"379";"football:1570403:12:Draw/Away:32:public-demo-replay-2026-10-08";"Alaves — Atletico Madrid";"La Liga";"Double chance";"Atletico Madrid ou nul";"1.26";"Betano";"4";"11";"recent_results | standing";"2";"4";"Non"
"380";"football:1570403:12:Draw/Away:36:public-demo-replay-2026-10-08";"Alaves — Atletico Madrid";"La Liga";"Double chance";"Atletico Madrid ou nul";"1.22";"BetVictor";"4";"11";"recent_results | standing";"2";"4";"Non"
"381";"football:1570403:12:Draw/Away:5:public-demo-replay-2026-10-08";"Alaves — Atletico Madrid";"La Liga";"Double chance";"Atletico Madrid ou nul";"1.17";"SBO";"4";"11";"recent_results | standing";"2";"4";"Non"
"382";"football:1570403:12:Draw/Away:7:public-demo-replay-2026-10-08";"Alaves — Atletico Madrid";"La Liga";"Double chance";"Atletico Madrid ou nul";"1.22";"William Hill";"4";"11";"recent_results | standing";"2";"4";"Non"
"383";"football:1570403:12:Draw/Away:8:public-demo-replay-2026-10-08";"Alaves — Atletico Madrid";"La Liga";"Double chance";"Atletico Madrid ou nul";"1.22";"Bet365";"4";"11";"recent_results | standing";"2";"4";"Non"
"384";"football:1575513:1:Away:11:public-demo-replay-2026-10-08";"Casa Pia — Santa Clara";"Primeira Liga";"Résultat du match";"Santa Clara gagne";"1.94";"1xBet";"4";"8";"recent_results | standing";"2";"5";"Non"
"385";"football:1575513:1:Away:2:public-demo-replay-2026-10-08";"Casa Pia — Santa Clara";"Primeira Liga";"Résultat du match";"Santa Clara gagne";"1.86";"Marathonbet";"4";"8";"recent_results | standing";"2";"5";"Non"
"386";"football:1575513:1:Away:3:public-demo-replay-2026-10-08";"Casa Pia — Santa Clara";"Primeira Liga";"Résultat du match";"Santa Clara gagne";"1.91";"Betfair";"4";"8";"recent_results | standing";"2";"5";"Non"
"387";"football:1575513:1:Away:32:public-demo-replay-2026-10-08";"Casa Pia — Santa Clara";"Primeira Liga";"Résultat du match";"Santa Clara gagne";"1.91";"Betano";"4";"8";"recent_results | standing";"2";"5";"Non"
"388";"football:1575513:1:Away:36:public-demo-replay-2026-10-08";"Casa Pia — Santa Clara";"Primeira Liga";"Résultat du match";"Santa Clara gagne";"1.85";"BetVictor";"4";"8";"recent_results | standing";"2";"5";"Non"
"389";"football:1575513:1:Away:4:public-demo-replay-2026-10-08";"Casa Pia — Santa Clara";"Primeira Liga";"Résultat du match";"Santa Clara gagne";"1.91";"Pinnacle";"4";"8";"recent_results | standing";"2";"5";"Non"
"390";"football:1575513:1:Away:5:public-demo-replay-2026-10-08";"Casa Pia — Santa Clara";"Primeira Liga";"Résultat du match";"Santa Clara gagne";"1.89";"SBO";"4";"8";"recent_results | standing";"2";"5";"Non"
"391";"football:1575513:1:Away:7:public-demo-replay-2026-10-08";"Casa Pia — Santa Clara";"Primeira Liga";"Résultat du match";"Santa Clara gagne";"1.91";"William Hill";"4";"8";"recent_results | standing";"2";"5";"Non"
"392";"football:1575513:1:Away:8:public-demo-replay-2026-10-08";"Casa Pia — Santa Clara";"Primeira Liga";"Résultat du match";"Santa Clara gagne";"1.91";"Bet365";"4";"8";"recent_results | standing";"2";"5";"Non"
"393";"football:1575513:1:Away:9:public-demo-replay-2026-10-08";"Casa Pia — Santa Clara";"Primeira Liga";"Résultat du match";"Santa Clara gagne";"1.97";"Dafabet";"4";"8";"recent_results | standing";"2";"5";"Non"
"394";"football:1575513:12:Draw/Away:11:public-demo-replay-2026-10-08";"Casa Pia — Santa Clara";"Primeira Liga";"Double chance";"Santa Clara ou nul";"1.23";"1xBet";"4";"8";"recent_results | standing";"2";"5";"Non"
"395";"football:1575513:12:Draw/Away:2:public-demo-replay-2026-10-08";"Casa Pia — Santa Clara";"Primeira Liga";"Double chance";"Santa Clara ou nul";"1.19";"Marathonbet";"4";"8";"recent_results | standing";"2";"5";"Non"
"396";"football:1575513:12:Draw/Away:3:public-demo-replay-2026-10-08";"Casa Pia — Santa Clara";"Primeira Liga";"Double chance";"Santa Clara ou nul";"1.17";"Betfair";"4";"8";"recent_results | standing";"2";"5";"Non"
"397";"football:1575513:12:Draw/Away:32:public-demo-replay-2026-10-08";"Casa Pia — Santa Clara";"Primeira Liga";"Double chance";"Santa Clara ou nul";"1.23";"Betano";"4";"8";"recent_results | standing";"2";"5";"Non"
"398";"football:1575513:12:Draw/Away:36:public-demo-replay-2026-10-08";"Casa Pia — Santa Clara";"Primeira Liga";"Double chance";"Santa Clara ou nul";"1.2";"BetVictor";"4";"8";"recent_results | standing";"2";"5";"Non"
"399";"football:1575513:12:Draw/Away:5:public-demo-replay-2026-10-08";"Casa Pia — Santa Clara";"Primeira Liga";"Double chance";"Santa Clara ou nul";"1.15";"SBO";"4";"8";"recent_results | standing";"2";"5";"Non"
"400";"football:1575513:12:Draw/Away:7:public-demo-replay-2026-10-08";"Casa Pia — Santa Clara";"Primeira Liga";"Double chance";"Santa Clara ou nul";"1.2";"William Hill";"4";"8";"recent_results | standing";"2";"5";"Non"
"401";"football:1575513:12:Draw/Away:8:public-demo-replay-2026-10-08";"Casa Pia — Santa Clara";"Primeira Liga";"Double chance";"Santa Clara ou nul";"1.2";"Bet365";"4";"8";"recent_results | standing";"2";"5";"Non"
"402";"football:1494778:1:Home:11:public-demo-replay-2026-10-08";"Rosenborg — Sandefjord";"Eliteserien";"Résultat du match";"Rosenborg gagne";"1.4";"1xBet";"6";"7";"recent_results | standing";"4";"4";"Non"
"403";"football:1494778:1:Home:2:public-demo-replay-2026-10-08";"Rosenborg — Sandefjord";"Eliteserien";"Résultat du match";"Rosenborg gagne";"1.36";"Marathonbet";"6";"7";"recent_results | standing";"4";"4";"Non"
"404";"football:1494778:1:Home:3:public-demo-replay-2026-10-08";"Rosenborg — Sandefjord";"Eliteserien";"Résultat du match";"Rosenborg gagne";"1.33";"Betfair";"6";"7";"recent_results | standing";"4";"4";"Non"
"405";"football:1494778:1:Home:32:public-demo-replay-2026-10-08";"Rosenborg — Sandefjord";"Eliteserien";"Résultat du match";"Rosenborg gagne";"1.39";"Betano";"6";"7";"recent_results | standing";"4";"4";"Non"
"406";"football:1494778:1:Home:36:public-demo-replay-2026-10-08";"Rosenborg — Sandefjord";"Eliteserien";"Résultat du match";"Rosenborg gagne";"1.33";"BetVictor";"6";"7";"recent_results | standing";"4";"4";"Non"
"407";"football:1494778:1:Home:4:public-demo-replay-2026-10-08";"Rosenborg — Sandefjord";"Eliteserien";"Résultat du match";"Rosenborg gagne";"1.37";"Pinnacle";"6";"7";"recent_results | standing";"4";"4";"Non"
"408";"football:1494778:1:Home:5:public-demo-replay-2026-10-08";"Rosenborg — Sandefjord";"Eliteserien";"Résultat du match";"Rosenborg gagne";"1.32";"SBO";"6";"7";"recent_results | standing";"4";"4";"Non"
"409";"football:1494778:1:Home:7:public-demo-replay-2026-10-08";"Rosenborg — Sandefjord";"Eliteserien";"Résultat du match";"Rosenborg gagne";"1.36";"William Hill";"6";"7";"recent_results | standing";"4";"4";"Non"
"410";"football:1494778:1:Home:8:public-demo-replay-2026-10-08";"Rosenborg — Sandefjord";"Eliteserien";"Résultat du match";"Rosenborg gagne";"1.36";"Bet365";"6";"7";"recent_results | standing";"4";"4";"Non"
"411";"football:1494778:1:Home:9:public-demo-replay-2026-10-08";"Rosenborg — Sandefjord";"Eliteserien";"Résultat du match";"Rosenborg gagne";"1.39";"Dafabet";"6";"7";"recent_results | standing";"4";"4";"Non"
"412";"football:1494778:12:Home/Draw:11:public-demo-replay-2026-10-08";"Rosenborg — Sandefjord";"Eliteserien";"Double chance";"Rosenborg ou nul";"1.1";"1xBet";"6";"7";"recent_results | standing";"4";"4";"Non"
"413";"football:1494778:12:Home/Draw:2:public-demo-replay-2026-10-08";"Rosenborg — Sandefjord";"Eliteserien";"Double chance";"Rosenborg ou nul";"1.08";"Marathonbet";"6";"7";"recent_results | standing";"4";"4";"Non"
"414";"football:1494778:12:Home/Draw:3:public-demo-replay-2026-10-08";"Rosenborg — Sandefjord";"Eliteserien";"Double chance";"Rosenborg ou nul";"1.08";"Betfair";"6";"7";"recent_results | standing";"4";"4";"Non"
"415";"football:1494778:12:Home/Draw:32:public-demo-replay-2026-10-08";"Rosenborg — Sandefjord";"Eliteserien";"Double chance";"Rosenborg ou nul";"1.12";"Betano";"6";"7";"recent_results | standing";"4";"4";"Non"
"416";"football:1494778:12:Home/Draw:36:public-demo-replay-2026-10-08";"Rosenborg — Sandefjord";"Eliteserien";"Double chance";"Rosenborg ou nul";"1.11";"BetVictor";"6";"7";"recent_results | standing";"4";"4";"Non"
"417";"football:1494778:12:Home/Draw:5:public-demo-replay-2026-10-08";"Rosenborg — Sandefjord";"Eliteserien";"Double chance";"Rosenborg ou nul";"1.06";"SBO";"6";"7";"recent_results | standing";"4";"4";"Non"
"418";"football:1494778:12:Home/Draw:7:public-demo-replay-2026-10-08";"Rosenborg — Sandefjord";"Eliteserien";"Double chance";"Rosenborg ou nul";"1.11";"William Hill";"6";"7";"recent_results | standing";"4";"4";"Non"
"419";"football:1494778:12:Home/Draw:8:public-demo-replay-2026-10-08";"Rosenborg — Sandefjord";"Eliteserien";"Double chance";"Rosenborg ou nul";"1.1";"Bet365";"6";"7";"recent_results | standing";"4";"4";"Non"
"420";"football:1548540:1:Home:11:public-demo-replay-2026-10-08";"NK Osijek — Istra 1961";"HNL";"Résultat du match";"NK Osijek gagne";"1.98";"1xBet";"4";"4";"recent_results | standing";"2";"3";"Non"
"421";"football:1548540:1:Home:2:public-demo-replay-2026-10-08";"NK Osijek — Istra 1961";"HNL";"Résultat du match";"NK Osijek gagne";"1.96";"Marathonbet";"4";"4";"recent_results | standing";"2";"3";"Non"
"422";"football:1548540:1:Home:3:public-demo-replay-2026-10-08";"NK Osijek — Istra 1961";"HNL";"Résultat du match";"NK Osijek gagne";"1.91";"Betfair";"4";"4";"recent_results | standing";"2";"3";"Non"
"423";"football:1548540:1:Home:32:public-demo-replay-2026-10-08";"NK Osijek — Istra 1961";"HNL";"Résultat du match";"NK Osijek gagne";"2.02";"Betano";"4";"4";"recent_results | standing";"2";"3";"Non"
"424";"football:1548540:1:Home:36:public-demo-replay-2026-10-08";"NK Osijek — Istra 1961";"HNL";"Résultat du match";"NK Osijek gagne";"1.93";"BetVictor";"4";"4";"recent_results | standing";"2";"3";"Non"
"425";"football:1548540:1:Home:4:public-demo-replay-2026-10-08";"NK Osijek — Istra 1961";"HNL";"Résultat du match";"NK Osijek gagne";"1.97";"Pinnacle";"4";"4";"recent_results | standing";"2";"3";"Non"
"426";"football:1548540:1:Home:5:public-demo-replay-2026-10-08";"NK Osijek — Istra 1961";"HNL";"Résultat du match";"NK Osijek gagne";"1.95";"SBO";"4";"4";"recent_results | standing";"2";"3";"Non"
"427";"football:1548540:1:Home:7:public-demo-replay-2026-10-08";"NK Osijek — Istra 1961";"HNL";"Résultat du match";"NK Osijek gagne";"2";"William Hill";"4";"4";"recent_results | standing";"2";"3";"Non"
"428";"football:1548540:1:Home:8:public-demo-replay-2026-10-08";"NK Osijek — Istra 1961";"HNL";"Résultat du match";"NK Osijek gagne";"1.9";"Bet365";"4";"4";"recent_results | standing";"2";"3";"Non"
"429";"football:1548540:1:Home:9:public-demo-replay-2026-10-08";"NK Osijek — Istra 1961";"HNL";"Résultat du match";"NK Osijek gagne";"2.04";"Dafabet";"4";"4";"recent_results | standing";"2";"3";"Non"
"430";"football:1548540:12:Home/Draw:11:public-demo-replay-2026-10-08";"NK Osijek — Istra 1961";"HNL";"Double chance";"NK Osijek ou nul";"1.28";"1xBet";"4";"4";"recent_results | standing";"2";"3";"Non"
"431";"football:1548540:12:Home/Draw:2:public-demo-replay-2026-10-08";"NK Osijek — Istra 1961";"HNL";"Double chance";"NK Osijek ou nul";"1.28";"Marathonbet";"4";"4";"recent_results | standing";"2";"3";"Non"
"432";"football:1548540:12:Home/Draw:3:public-demo-replay-2026-10-08";"NK Osijek — Istra 1961";"HNL";"Double chance";"NK Osijek ou nul";"1.25";"Betfair";"4";"4";"recent_results | standing";"2";"3";"Non"
"433";"football:1548540:12:Home/Draw:32:public-demo-replay-2026-10-08";"NK Osijek — Istra 1961";"HNL";"Double chance";"NK Osijek ou nul";"1.33";"Betano";"4";"4";"recent_results | standing";"2";"3";"Non"
"434";"football:1548540:12:Home/Draw:36:public-demo-replay-2026-10-08";"NK Osijek — Istra 1961";"HNL";"Double chance";"NK Osijek ou nul";"1.29";"BetVictor";"4";"4";"recent_results | standing";"2";"3";"Non"
"435";"football:1548540:12:Home/Draw:5:public-demo-replay-2026-10-08";"NK Osijek — Istra 1961";"HNL";"Double chance";"NK Osijek ou nul";"1.19";"SBO";"4";"4";"recent_results | standing";"2";"3";"Non"
"436";"football:1548540:12:Home/Draw:7:public-demo-replay-2026-10-08";"NK Osijek — Istra 1961";"HNL";"Double chance";"NK Osijek ou nul";"1.3";"William Hill";"4";"4";"recent_results | standing";"2";"3";"Non"
"437";"football:1548540:12:Home/Draw:8:public-demo-replay-2026-10-08";"NK Osijek — Istra 1961";"HNL";"Double chance";"NK Osijek ou nul";"1.25";"Bet365";"4";"4";"recent_results | standing";"2";"3";"Non"
"438";"football:1550141:1:Home:11:public-demo-replay-2026-10-08";"Inter — Parma";"Serie A";"Résultat du match";"Inter gagne";"1.16";"1xBet";"6";"13";"recent_results | standing";"4";"3";"Non"
"439";"football:1550141:1:Home:2:public-demo-replay-2026-10-08";"Inter — Parma";"Serie A";"Résultat du match";"Inter gagne";"1.14";"Marathonbet";"6";"13";"recent_results | standing";"4";"3";"Non"
"440";"football:1550141:1:Home:3:public-demo-replay-2026-10-08";"Inter — Parma";"Serie A";"Résultat du match";"Inter gagne";"1.13";"Betfair";"6";"13";"recent_results | standing";"4";"3";"Non"
"441";"football:1550141:1:Home:32:public-demo-replay-2026-10-08";"Inter — Parma";"Serie A";"Résultat du match";"Inter gagne";"1.16";"Betano";"6";"13";"recent_results | standing";"4";"3";"Non"
"442";"football:1550141:1:Home:36:public-demo-replay-2026-10-08";"Inter — Parma";"Serie A";"Résultat du match";"Inter gagne";"1.12";"BetVictor";"6";"13";"recent_results | standing";"4";"3";"Non"
"443";"football:1550141:1:Home:4:public-demo-replay-2026-10-08";"Inter — Parma";"Serie A";"Résultat du match";"Inter gagne";"1.15";"Pinnacle";"6";"13";"recent_results | standing";"4";"3";"Non"
"444";"football:1550141:1:Home:5:public-demo-replay-2026-10-08";"Inter — Parma";"Serie A";"Résultat du match";"Inter gagne";"1.13";"SBO";"6";"13";"recent_results | standing";"4";"3";"Non"
"445";"football:1550141:1:Home:7:public-demo-replay-2026-10-08";"Inter — Parma";"Serie A";"Résultat du match";"Inter gagne";"1.14";"William Hill";"6";"13";"recent_results | standing";"4";"3";"Non"
"446";"football:1550141:1:Home:8:public-demo-replay-2026-10-08";"Inter — Parma";"Serie A";"Résultat du match";"Inter gagne";"1.14";"Bet365";"6";"13";"recent_results | standing";"4";"3";"Non"
"447";"football:1550141:12:Home/Draw:11:public-demo-replay-2026-10-08";"Inter — Parma";"Serie A";"Double chance";"Inter ou nul";"1.02";"1xBet";"6";"13";"recent_results | standing";"4";"3";"Non"
"448";"football:1550141:12:Home/Draw:2:public-demo-replay-2026-10-08";"Inter — Parma";"Serie A";"Double chance";"Inter ou nul";"1.01";"Marathonbet";"6";"13";"recent_results | standing";"4";"3";"Non"
"449";"football:1550141:12:Home/Draw:3:public-demo-replay-2026-10-08";"Inter — Parma";"Serie A";"Double chance";"Inter ou nul";"1.01";"Betfair";"6";"13";"recent_results | standing";"4";"3";"Non"
"450";"football:1550141:12:Home/Draw:32:public-demo-replay-2026-10-08";"Inter — Parma";"Serie A";"Double chance";"Inter ou nul";"1.03";"Betano";"6";"13";"recent_results | standing";"4";"3";"Non"
"451";"football:1550141:12:Home/Draw:7:public-demo-replay-2026-10-08";"Inter — Parma";"Serie A";"Double chance";"Inter ou nul";"1.03";"William Hill";"6";"13";"recent_results | standing";"4";"3";"Non"
"452";"football:1550141:12:Home/Draw:8:public-demo-replay-2026-10-08";"Inter — Parma";"Serie A";"Double chance";"Inter ou nul";"1.03";"Bet365";"6";"13";"recent_results | standing";"4";"3";"Non"
"453";"football:1555401:1:Away:11:public-demo-replay-2026-10-08";"Servette FC — FC Sion";"Super League";"Résultat du match";"FC Sion gagne";"2.39";"1xBet";"4";"6";"recent_results | standing";"2";"4";"Non"
"454";"football:1555401:1:Away:2:public-demo-replay-2026-10-08";"Servette FC — FC Sion";"Super League";"Résultat du match";"FC Sion gagne";"2.39";"Marathonbet";"4";"6";"recent_results | standing";"2";"4";"Non"
"455";"football:1555401:1:Away:3:public-demo-replay-2026-10-08";"Servette FC — FC Sion";"Super League";"Résultat du match";"FC Sion gagne";"2.4";"Betfair";"4";"6";"recent_results | standing";"2";"4";"Non"
"456";"football:1555401:1:Away:32:public-demo-replay-2026-10-08";"Servette FC — FC Sion";"Super League";"Résultat du match";"FC Sion gagne";"2.5";"Betano";"4";"6";"recent_results | standing";"2";"4";"Non"
"457";"football:1555401:1:Away:36:public-demo-replay-2026-10-08";"Servette FC — FC Sion";"Super League";"Résultat du match";"FC Sion gagne";"2.38";"BetVictor";"4";"6";"recent_results | standing";"2";"4";"Non"
"458";"football:1555401:1:Away:4:public-demo-replay-2026-10-08";"Servette FC — FC Sion";"Super League";"Résultat du match";"FC Sion gagne";"2.49";"Pinnacle";"4";"6";"recent_results | standing";"2";"4";"Non"
"459";"football:1555401:1:Away:5:public-demo-replay-2026-10-08";"Servette FC — FC Sion";"Super League";"Résultat du match";"FC Sion gagne";"2.28";"SBO";"4";"6";"recent_results | standing";"2";"4";"Non"
"460";"football:1555401:1:Away:7:public-demo-replay-2026-10-08";"Servette FC — FC Sion";"Super League";"Résultat du match";"FC Sion gagne";"2.4";"William Hill";"4";"6";"recent_results | standing";"2";"4";"Non"
"461";"football:1555401:1:Away:8:public-demo-replay-2026-10-08";"Servette FC — FC Sion";"Super League";"Résultat du match";"FC Sion gagne";"2.45";"Bet365";"4";"6";"recent_results | standing";"2";"4";"Non"
"462";"football:1555401:12:Draw/Away:11:public-demo-replay-2026-10-08";"Servette FC — FC Sion";"Super League";"Double chance";"FC Sion ou nul";"1.48";"1xBet";"4";"6";"recent_results | standing";"2";"4";"Non"
"463";"football:1555401:12:Draw/Away:2:public-demo-replay-2026-10-08";"Servette FC — FC Sion";"Super League";"Double chance";"FC Sion ou nul";"1.48";"Marathonbet";"4";"6";"recent_results | standing";"2";"4";"Non"
"464";"football:1555401:12:Draw/Away:3:public-demo-replay-2026-10-08";"Servette FC — FC Sion";"Super League";"Double chance";"FC Sion ou nul";"1.5";"Betfair";"4";"6";"recent_results | standing";"2";"4";"Non"
"465";"football:1555401:12:Draw/Away:32:public-demo-replay-2026-10-08";"Servette FC — FC Sion";"Super League";"Double chance";"FC Sion ou nul";"1.53";"Betano";"4";"6";"recent_results | standing";"2";"4";"Non"
"466";"football:1555401:12:Draw/Away:36:public-demo-replay-2026-10-08";"Servette FC — FC Sion";"Super League";"Double chance";"FC Sion ou nul";"1.45";"BetVictor";"4";"6";"recent_results | standing";"2";"4";"Non"
"467";"football:1555401:12:Draw/Away:5:public-demo-replay-2026-10-08";"Servette FC — FC Sion";"Super League";"Double chance";"FC Sion ou nul";"1.43";"SBO";"4";"6";"recent_results | standing";"2";"4";"Non"
"468";"football:1555401:12:Draw/Away:7:public-demo-replay-2026-10-08";"Servette FC — FC Sion";"Super League";"Double chance";"FC Sion ou nul";"1.44";"William Hill";"4";"6";"recent_results | standing";"2";"4";"Non"
"469";"football:1555401:12:Draw/Away:8:public-demo-replay-2026-10-08";"Servette FC — FC Sion";"Super League";"Double chance";"FC Sion ou nul";"1.5";"Bet365";"4";"6";"recent_results | standing";"2";"4";"Non"
"470";"football:1570404:1:Home:11:public-demo-replay-2026-10-08";"Barcelona — Getafe";"La Liga";"Résultat du match";"Barcelona gagne";"1.07";"1xBet";"8";"10";"recent_results | standing";"6";"3";"Non"
"471";"football:1570404:1:Home:2:public-demo-replay-2026-10-08";"Barcelona — Getafe";"La Liga";"Résultat du match";"Barcelona gagne";"1.06";"Marathonbet";"8";"10";"recent_results | standing";"6";"3";"Non"
"472";"football:1570404:1:Home:3:public-demo-replay-2026-10-08";"Barcelona — Getafe";"La Liga";"Résultat du match";"Barcelona gagne";"1.07";"Betfair";"8";"10";"recent_results | standing";"6";"3";"Non"
"473";"football:1570404:1:Home:32:public-demo-replay-2026-10-08";"Barcelona — Getafe";"La Liga";"Résultat du match";"Barcelona gagne";"1.08";"Betano";"8";"10";"recent_results | standing";"6";"3";"Non"
"474";"football:1570404:1:Home:36:public-demo-replay-2026-10-08";"Barcelona — Getafe";"La Liga";"Résultat du match";"Barcelona gagne";"1.06";"BetVictor";"8";"10";"recent_results | standing";"6";"3";"Non"
"475";"football:1570404:1:Home:4:public-demo-replay-2026-10-08";"Barcelona — Getafe";"La Liga";"Résultat du match";"Barcelona gagne";"1.07";"Pinnacle";"8";"10";"recent_results | standing";"6";"3";"Non"
"476";"football:1570404:1:Home:5:public-demo-replay-2026-10-08";"Barcelona — Getafe";"La Liga";"Résultat du match";"Barcelona gagne";"1.07";"SBO";"8";"10";"recent_results | standing";"6";"3";"Non"
"477";"football:1570404:1:Home:7:public-demo-replay-2026-10-08";"Barcelona — Getafe";"La Liga";"Résultat du match";"Barcelona gagne";"1.06";"William Hill";"8";"10";"recent_results | standing";"6";"3";"Non"
"478";"football:1570404:1:Home:8:public-demo-replay-2026-10-08";"Barcelona — Getafe";"La Liga";"Résultat du match";"Barcelona gagne";"1.08";"Bet365";"8";"10";"recent_results | standing";"6";"3";"Non"
"479";"football:1570404:12:Home/Draw:3:public-demo-replay-2026-10-08";"Barcelona — Getafe";"La Liga";"Double chance";"Barcelona ou nul";"1.01";"Betfair";"8";"10";"recent_results | standing";"6";"3";"Non"
"480";"football:1570404:12:Home/Draw:32:public-demo-replay-2026-10-08";"Barcelona — Getafe";"La Liga";"Double chance";"Barcelona ou nul";"1.01";"Betano";"8";"10";"recent_results | standing";"6";"3";"Non"
"481";"football:1570404:12:Home/Draw:8:public-demo-replay-2026-10-08";"Barcelona — Getafe";"La Liga";"Double chance";"Barcelona ou nul";"1.01";"Bet365";"8";"10";"recent_results | standing";"6";"3";"Non"
"482";"football:1552181:1:Home:11:public-demo-replay-2026-10-08";"Feyenoord — AZ Alkmaar";"Eredivisie";"Résultat du match";"Feyenoord gagne";"1.85";"1xBet";"2";"13";"recent_results";"1";"4";"Non"
"483";"football:1552181:1:Home:2:public-demo-replay-2026-10-08";"Feyenoord — AZ Alkmaar";"Eredivisie";"Résultat du match";"Feyenoord gagne";"1.79";"Marathonbet";"2";"13";"recent_results";"1";"4";"Non"
"484";"football:1552181:1:Home:3:public-demo-replay-2026-10-08";"Feyenoord — AZ Alkmaar";"Eredivisie";"Résultat du match";"Feyenoord gagne";"1.75";"Betfair";"2";"13";"recent_results";"1";"4";"Non"
"485";"football:1552181:1:Home:32:public-demo-replay-2026-10-08";"Feyenoord — AZ Alkmaar";"Eredivisie";"Résultat du match";"Feyenoord gagne";"1.82";"Betano";"2";"13";"recent_results";"1";"4";"Non"
"486";"football:1552181:1:Home:36:public-demo-replay-2026-10-08";"Feyenoord — AZ Alkmaar";"Eredivisie";"Résultat du match";"Feyenoord gagne";"1.8";"BetVictor";"2";"13";"recent_results";"1";"4";"Non"
"487";"football:1552181:1:Home:4:public-demo-replay-2026-10-08";"Feyenoord — AZ Alkmaar";"Eredivisie";"Résultat du match";"Feyenoord gagne";"1.8";"Pinnacle";"2";"13";"recent_results";"1";"4";"Non"
"488";"football:1552181:1:Home:5:public-demo-replay-2026-10-08";"Feyenoord — AZ Alkmaar";"Eredivisie";"Résultat du match";"Feyenoord gagne";"1.81";"SBO";"2";"13";"recent_results";"1";"4";"Non"
"489";"football:1552181:1:Home:7:public-demo-replay-2026-10-08";"Feyenoord — AZ Alkmaar";"Eredivisie";"Résultat du match";"Feyenoord gagne";"1.75";"William Hill";"2";"13";"recent_results";"1";"4";"Non"
"490";"football:1552181:1:Home:8:public-demo-replay-2026-10-08";"Feyenoord — AZ Alkmaar";"Eredivisie";"Résultat du match";"Feyenoord gagne";"1.8";"Bet365";"2";"13";"recent_results";"1";"4";"Non"
"491";"football:1552181:12:Home/Draw:11:public-demo-replay-2026-10-08";"Feyenoord — AZ Alkmaar";"Eredivisie";"Double chance";"Feyenoord ou nul";"1.24";"1xBet";"2";"13";"recent_results";"1";"4";"Non"
"492";"football:1552181:12:Home/Draw:2:public-demo-replay-2026-10-08";"Feyenoord — AZ Alkmaar";"Eredivisie";"Double chance";"Feyenoord ou nul";"1.22";"Marathonbet";"2";"13";"recent_results";"1";"4";"Non"
"493";"football:1552181:12:Home/Draw:3:public-demo-replay-2026-10-08";"Feyenoord — AZ Alkmaar";"Eredivisie";"Double chance";"Feyenoord ou nul";"1.25";"Betfair";"2";"13";"recent_results";"1";"4";"Non"
"494";"football:1552181:12:Home/Draw:32:public-demo-replay-2026-10-08";"Feyenoord — AZ Alkmaar";"Eredivisie";"Double chance";"Feyenoord ou nul";"1.26";"Betano";"2";"13";"recent_results";"1";"4";"Non"
"495";"football:1552181:12:Home/Draw:36:public-demo-replay-2026-10-08";"Feyenoord — AZ Alkmaar";"Eredivisie";"Double chance";"Feyenoord ou nul";"1.25";"BetVictor";"2";"13";"recent_results";"1";"4";"Non"
"496";"football:1552181:12:Home/Draw:5:public-demo-replay-2026-10-08";"Feyenoord — AZ Alkmaar";"Eredivisie";"Double chance";"Feyenoord ou nul";"1.2";"SBO";"2";"13";"recent_results";"1";"4";"Non"
"497";"football:1552181:12:Home/Draw:7:public-demo-replay-2026-10-08";"Feyenoord — AZ Alkmaar";"Eredivisie";"Double chance";"Feyenoord ou nul";"1.25";"William Hill";"2";"13";"recent_results";"1";"4";"Non"
"498";"football:1552181:12:Home/Draw:8:public-demo-replay-2026-10-08";"Feyenoord — AZ Alkmaar";"Eredivisie";"Double chance";"Feyenoord ou nul";"1.28";"Bet365";"2";"13";"recent_results";"1";"4";"Non"
"499";"football:1552494:1:Home:11:public-demo-replay-2026-10-08";"Saint Etienne — Rodez";"Ligue 2";"Résultat du match";"Saint Etienne gagne";"1.39";"1xBet";"4";"9";"recent_results | standing";"2";"3";"Non"
"500";"football:1552494:1:Home:2:public-demo-replay-2026-10-08";"Saint Etienne — Rodez";"Ligue 2";"Résultat du match";"Saint Etienne gagne";"1.38";"Marathonbet";"4";"9";"recent_results | standing";"2";"3";"Non"
"501";"football:1552494:1:Home:3:public-demo-replay-2026-10-08";"Saint Etienne — Rodez";"Ligue 2";"Résultat du match";"Saint Etienne gagne";"1.33";"Betfair";"4";"9";"recent_results | standing";"2";"3";"Non"
"502";"football:1552494:1:Home:32:public-demo-replay-2026-10-08";"Saint Etienne — Rodez";"Ligue 2";"Résultat du match";"Saint Etienne gagne";"1.44";"Betano";"4";"9";"recent_results | standing";"2";"3";"Non"
"503";"football:1552494:1:Home:36:public-demo-replay-2026-10-08";"Saint Etienne — Rodez";"Ligue 2";"Résultat du match";"Saint Etienne gagne";"1.36";"BetVictor";"4";"9";"recent_results | standing";"2";"3";"Non"
"504";"football:1552494:1:Home:4:public-demo-replay-2026-10-08";"Saint Etienne — Rodez";"Ligue 2";"Résultat du match";"Saint Etienne gagne";"1.4";"Pinnacle";"4";"9";"recent_results | standing";"2";"3";"Non"
"505";"football:1552494:1:Home:5:public-demo-replay-2026-10-08";"Saint Etienne — Rodez";"Ligue 2";"Résultat du match";"Saint Etienne gagne";"1.34";"SBO";"4";"9";"recent_results | standing";"2";"3";"Non"
"506";"football:1552494:1:Home:7:public-demo-replay-2026-10-08";"Saint Etienne — Rodez";"Ligue 2";"Résultat du match";"Saint Etienne gagne";"1.36";"William Hill";"4";"9";"recent_results | standing";"2";"3";"Non"
"507";"football:1552494:1:Home:8:public-demo-replay-2026-10-08";"Saint Etienne — Rodez";"Ligue 2";"Résultat du match";"Saint Etienne gagne";"1.4";"Bet365";"4";"9";"recent_results | standing";"2";"3";"Non"
"508";"football:1552494:12:Home/Draw:11:public-demo-replay-2026-10-08";"Saint Etienne — Rodez";"Ligue 2";"Double chance";"Saint Etienne ou nul";"1.08";"1xBet";"4";"9";"recent_results | standing";"2";"3";"Non"
"509";"football:1552494:12:Home/Draw:2:public-demo-replay-2026-10-08";"Saint Etienne — Rodez";"Ligue 2";"Double chance";"Saint Etienne ou nul";"1.08";"Marathonbet";"4";"9";"recent_results | standing";"2";"3";"Non"
"510";"football:1552494:12:Home/Draw:3:public-demo-replay-2026-10-08";"Saint Etienne — Rodez";"Ligue 2";"Double chance";"Saint Etienne ou nul";"1.08";"Betfair";"4";"9";"recent_results | standing";"2";"3";"Non"
"511";"football:1552494:12:Home/Draw:32:public-demo-replay-2026-10-08";"Saint Etienne — Rodez";"Ligue 2";"Double chance";"Saint Etienne ou nul";"1.13";"Betano";"4";"9";"recent_results | standing";"2";"3";"Non"
"512";"football:1552494:12:Home/Draw:36:public-demo-replay-2026-10-08";"Saint Etienne — Rodez";"Ligue 2";"Double chance";"Saint Etienne ou nul";"1.11";"BetVictor";"4";"9";"recent_results | standing";"2";"3";"Non"
"513";"football:1552494:12:Home/Draw:5:public-demo-replay-2026-10-08";"Saint Etienne — Rodez";"Ligue 2";"Double chance";"Saint Etienne ou nul";"1.06";"SBO";"4";"9";"recent_results | standing";"2";"3";"Non"
"514";"football:1552494:12:Home/Draw:7:public-demo-replay-2026-10-08";"Saint Etienne — Rodez";"Ligue 2";"Double chance";"Saint Etienne ou nul";"1.11";"William Hill";"4";"9";"recent_results | standing";"2";"3";"Non"
"515";"football:1552494:12:Home/Draw:8:public-demo-replay-2026-10-08";"Saint Etienne — Rodez";"Ligue 2";"Double chance";"Saint Etienne ou nul";"1.11";"Bet365";"4";"9";"recent_results | standing";"2";"3";"Non"
"516";"football:1576194:1:Home:11:public-demo-replay-2026-10-08";"1. FC Nürnberg — VfL Wolfsburg";"2. Bundesliga";"Résultat du match";"1. FC Nürnberg gagne";"2.45";"1xBet";"4";"3";"recent_results | standing";"2";"3";"Non"
"517";"football:1576194:1:Home:2:public-demo-replay-2026-10-08";"1. FC Nürnberg — VfL Wolfsburg";"2. Bundesliga";"Résultat du match";"1. FC Nürnberg gagne";"2.45";"Marathonbet";"4";"3";"recent_results | standing";"2";"3";"Non"
"518";"football:1576194:1:Home:3:public-demo-replay-2026-10-08";"1. FC Nürnberg — VfL Wolfsburg";"2. Bundesliga";"Résultat du match";"1. FC Nürnberg gagne";"2.45";"Betfair";"4";"3";"recent_results | standing";"2";"3";"Non"
"519";"football:1576194:1:Home:32:public-demo-replay-2026-10-08";"1. FC Nürnberg — VfL Wolfsburg";"2. Bundesliga";"Résultat du match";"1. FC Nürnberg gagne";"2.52";"Betano";"4";"3";"recent_results | standing";"2";"3";"Non"
"520";"football:1576194:1:Home:36:public-demo-replay-2026-10-08";"1. FC Nürnberg — VfL Wolfsburg";"2. Bundesliga";"Résultat du match";"1. FC Nürnberg gagne";"2.4";"BetVictor";"4";"3";"recent_results | standing";"2";"3";"Non"
"521";"football:1576194:1:Home:4:public-demo-replay-2026-10-08";"1. FC Nürnberg — VfL Wolfsburg";"2. Bundesliga";"Résultat du match";"1. FC Nürnberg gagne";"2.56";"Pinnacle";"4";"3";"recent_results | standing";"2";"3";"Non"
"522";"football:1576194:1:Home:5:public-demo-replay-2026-10-08";"1. FC Nürnberg — VfL Wolfsburg";"2. Bundesliga";"Résultat du match";"1. FC Nürnberg gagne";"2.3";"SBO";"4";"3";"recent_results | standing";"2";"3";"Non"
"523";"football:1576194:1:Home:7:public-demo-replay-2026-10-08";"1. FC Nürnberg — VfL Wolfsburg";"2. Bundesliga";"Résultat du match";"1. FC Nürnberg gagne";"2.4";"William Hill";"4";"3";"recent_results | standing";"2";"3";"Non"
"524";"football:1576194:1:Home:8:public-demo-replay-2026-10-08";"1. FC Nürnberg — VfL Wolfsburg";"2. Bundesliga";"Résultat du match";"1. FC Nürnberg gagne";"2.5";"Bet365";"4";"3";"recent_results | standing";"2";"3";"Non"
"525";"football:1576194:1:Home:9:public-demo-replay-2026-10-08";"1. FC Nürnberg — VfL Wolfsburg";"2. Bundesliga";"Résultat du match";"1. FC Nürnberg gagne";"2.5";"Dafabet";"4";"3";"recent_results | standing";"2";"3";"Non"
"526";"football:1576194:12:Home/Draw:11:public-demo-replay-2026-10-08";"1. FC Nürnberg — VfL Wolfsburg";"2. Bundesliga";"Double chance";"1. FC Nürnberg ou nul";"1.51";"1xBet";"4";"3";"recent_results | standing";"2";"3";"Non"
"527";"football:1576194:12:Home/Draw:2:public-demo-replay-2026-10-08";"1. FC Nürnberg — VfL Wolfsburg";"2. Bundesliga";"Double chance";"1. FC Nürnberg ou nul";"1.51";"Marathonbet";"4";"3";"recent_results | standing";"2";"3";"Non"
"528";"football:1576194:12:Home/Draw:3:public-demo-replay-2026-10-08";"1. FC Nürnberg — VfL Wolfsburg";"2. Bundesliga";"Double chance";"1. FC Nürnberg ou nul";"1.5";"Betfair";"4";"3";"recent_results | standing";"2";"3";"Non"
"529";"football:1576194:12:Home/Draw:32:public-demo-replay-2026-10-08";"1. FC Nürnberg — VfL Wolfsburg";"2. Bundesliga";"Double chance";"1. FC Nürnberg ou nul";"1.55";"Betano";"4";"3";"recent_results | standing";"2";"3";"Non"
"530";"football:1576194:12:Home/Draw:36:public-demo-replay-2026-10-08";"1. FC Nürnberg — VfL Wolfsburg";"2. Bundesliga";"Double chance";"1. FC Nürnberg ou nul";"1.47";"BetVictor";"4";"3";"recent_results | standing";"2";"3";"Non"
"531";"football:1576194:12:Home/Draw:5:public-demo-replay-2026-10-08";"1. FC Nürnberg — VfL Wolfsburg";"2. Bundesliga";"Double chance";"1. FC Nürnberg ou nul";"1.46";"SBO";"4";"3";"recent_results | standing";"2";"3";"Non"
"532";"football:1576194:12:Home/Draw:7:public-demo-replay-2026-10-08";"1. FC Nürnberg — VfL Wolfsburg";"2. Bundesliga";"Double chance";"1. FC Nürnberg ou nul";"1.5";"William Hill";"4";"3";"recent_results | standing";"2";"3";"Non"
"533";"football:1576194:12:Home/Draw:8:public-demo-replay-2026-10-08";"1. FC Nürnberg — VfL Wolfsburg";"2. Bundesliga";"Double chance";"1. FC Nürnberg ou nul";"1.53";"Bet365";"4";"3";"recent_results | standing";"2";"3";"Non"
"534";"football:1552780:1:Home:11:public-demo-replay-2026-10-08";"Paris Saint Germain — Le Mans";"Ligue 1";"Résultat du match";"Paris Saint Germain gagne";"1.08";"1xBet";"3";"8";"recent_results | standing";"1";"5";"Non"
"535";"football:1552780:1:Home:2:public-demo-replay-2026-10-08";"Paris Saint Germain — Le Mans";"Ligue 1";"Résultat du match";"Paris Saint Germain gagne";"1.07";"Marathonbet";"3";"8";"recent_results | standing";"1";"5";"Non"
"536";"football:1552780:1:Home:3:public-demo-replay-2026-10-08";"Paris Saint Germain — Le Mans";"Ligue 1";"Résultat du match";"Paris Saint Germain gagne";"1.07";"Betfair";"3";"8";"recent_results | standing";"1";"5";"Non"
"537";"football:1552780:1:Home:32:public-demo-replay-2026-10-08";"Paris Saint Germain — Le Mans";"Ligue 1";"Résultat du match";"Paris Saint Germain gagne";"1.09";"Betano";"3";"8";"recent_results | standing";"1";"5";"Non"
"538";"football:1552780:1:Home:36:public-demo-replay-2026-10-08";"Paris Saint Germain — Le Mans";"Ligue 1";"Résultat du match";"Paris Saint Germain gagne";"1.06";"BetVictor";"3";"8";"recent_results | standing";"1";"5";"Non"
"539";"football:1552780:1:Home:4:public-demo-replay-2026-10-08";"Paris Saint Germain — Le Mans";"Ligue 1";"Résultat du match";"Paris Saint Germain gagne";"1.08";"Pinnacle";"3";"8";"recent_results | standing";"1";"5";"Non"
"540";"football:1552780:1:Home:5:public-demo-replay-2026-10-08";"Paris Saint Germain — Le Mans";"Ligue 1";"Résultat du match";"Paris Saint Germain gagne";"1.07";"SBO";"3";"8";"recent_results | standing";"1";"5";"Non"
"541";"football:1552780:1:Home:7:public-demo-replay-2026-10-08";"Paris Saint Germain — Le Mans";"Ligue 1";"Résultat du match";"Paris Saint Germain gagne";"1.07";"William Hill";"3";"8";"recent_results | standing";"1";"5";"Non"
"542";"football:1552780:1:Home:8:public-demo-replay-2026-10-08";"Paris Saint Germain — Le Mans";"Ligue 1";"Résultat du match";"Paris Saint Germain gagne";"1.07";"Bet365";"3";"8";"recent_results | standing";"1";"5";"Non"
"543";"football:1552780:12:Home/Draw:11:public-demo-replay-2026-10-08";"Paris Saint Germain — Le Mans";"Ligue 1";"Double chance";"Paris Saint Germain ou nul";"1.01";"1xBet";"3";"8";"recent_results | standing";"1";"5";"Non"
"544";"football:1552780:12:Home/Draw:3:public-demo-replay-2026-10-08";"Paris Saint Germain — Le Mans";"Ligue 1";"Double chance";"Paris Saint Germain ou nul";"1.01";"Betfair";"3";"8";"recent_results | standing";"1";"5";"Non"
"545";"football:1552780:12:Home/Draw:32:public-demo-replay-2026-10-08";"Paris Saint Germain — Le Mans";"Ligue 1";"Double chance";"Paris Saint Germain ou nul";"1.02";"Betano";"3";"8";"recent_results | standing";"1";"5";"Non"
"546";"football:1552780:12:Home/Draw:7:public-demo-replay-2026-10-08";"Paris Saint Germain — Le Mans";"Ligue 1";"Double chance";"Paris Saint Germain ou nul";"1.02";"William Hill";"3";"8";"recent_results | standing";"1";"5";"Non"
"547";"football:1552780:12:Home/Draw:8:public-demo-replay-2026-10-08";"Paris Saint Germain — Le Mans";"Ligue 1";"Double chance";"Paris Saint Germain ou nul";"1.01";"Bet365";"3";"8";"recent_results | standing";"1";"5";"Non"
"548";"football:1575509:1:Home:11:public-demo-replay-2026-10-08";"Academico Viseu — Estoril";"Primeira Liga";"Résultat du match";"Academico Viseu gagne";"2.32";"1xBet";"6";"7";"recent_results | standing";"4";"4";"Non"
"549";"football:1575509:1:Home:2:public-demo-replay-2026-10-08";"Academico Viseu — Estoril";"Primeira Liga";"Résultat du match";"Academico Viseu gagne";"2.22";"Marathonbet";"6";"7";"recent_results | standing";"4";"4";"Non"
"550";"football:1575509:1:Home:3:public-demo-replay-2026-10-08";"Academico Viseu — Estoril";"Primeira Liga";"Résultat du match";"Academico Viseu gagne";"2.2";"Betfair";"6";"7";"recent_results | standing";"4";"4";"Non"
"551";"football:1575509:1:Home:32:public-demo-replay-2026-10-08";"Academico Viseu — Estoril";"Primeira Liga";"Résultat du match";"Academico Viseu gagne";"2.3";"Betano";"6";"7";"recent_results | standing";"4";"4";"Non"
"552";"football:1575509:1:Home:36:public-demo-replay-2026-10-08";"Academico Viseu — Estoril";"Primeira Liga";"Résultat du match";"Academico Viseu gagne";"2.2";"BetVictor";"6";"7";"recent_results | standing";"4";"4";"Non"
"553";"football:1575509:1:Home:4:public-demo-replay-2026-10-08";"Academico Viseu — Estoril";"Primeira Liga";"Résultat du match";"Academico Viseu gagne";"2.28";"Pinnacle";"6";"7";"recent_results | standing";"4";"4";"Non"
"554";"football:1575509:1:Home:5:public-demo-replay-2026-10-08";"Academico Viseu — Estoril";"Primeira Liga";"Résultat du match";"Academico Viseu gagne";"2.12";"SBO";"6";"7";"recent_results | standing";"4";"4";"Non"
"555";"football:1575509:1:Home:7:public-demo-replay-2026-10-08";"Academico Viseu — Estoril";"Primeira Liga";"Résultat du match";"Academico Viseu gagne";"2.25";"William Hill";"6";"7";"recent_results | standing";"4";"4";"Non"
"556";"football:1575509:1:Home:8:public-demo-replay-2026-10-08";"Academico Viseu — Estoril";"Primeira Liga";"Résultat du match";"Academico Viseu gagne";"2.3";"Bet365";"6";"7";"recent_results | standing";"4";"4";"Non"
"557";"football:1575509:1:Home:9:public-demo-replay-2026-10-08";"Academico Viseu — Estoril";"Primeira Liga";"Résultat du match";"Academico Viseu gagne";"2.29";"Dafabet";"6";"7";"recent_results | standing";"4";"4";"Non"
"558";"football:1575509:12:Home/Draw:11:public-demo-replay-2026-10-08";"Academico Viseu — Estoril";"Primeira Liga";"Double chance";"Academico Viseu ou nul";"1.39";"1xBet";"6";"7";"recent_results | standing";"4";"4";"Non"
"559";"football:1575509:12:Home/Draw:2:public-demo-replay-2026-10-08";"Academico Viseu — Estoril";"Primeira Liga";"Double chance";"Academico Viseu ou nul";"1.35";"Marathonbet";"6";"7";"recent_results | standing";"4";"4";"Non"
"560";"football:1575509:12:Home/Draw:3:public-demo-replay-2026-10-08";"Academico Viseu — Estoril";"Primeira Liga";"Double chance";"Academico Viseu ou nul";"1.33";"Betfair";"6";"7";"recent_results | standing";"4";"4";"Non"
"561";"football:1575509:12:Home/Draw:32:public-demo-replay-2026-10-08";"Academico Viseu — Estoril";"Primeira Liga";"Double chance";"Academico Viseu ou nul";"1.38";"Betano";"6";"7";"recent_results | standing";"4";"4";"Non"
"562";"football:1575509:12:Home/Draw:36:public-demo-replay-2026-10-08";"Academico Viseu — Estoril";"Primeira Liga";"Double chance";"Academico Viseu ou nul";"1.33";"BetVictor";"6";"7";"recent_results | standing";"4";"4";"Non"
"563";"football:1575509:12:Home/Draw:5:public-demo-replay-2026-10-08";"Academico Viseu — Estoril";"Primeira Liga";"Double chance";"Academico Viseu ou nul";"1.31";"SBO";"6";"7";"recent_results | standing";"4";"4";"Non"
"564";"football:1575509:12:Home/Draw:7:public-demo-replay-2026-10-08";"Academico Viseu — Estoril";"Primeira Liga";"Double chance";"Academico Viseu ou nul";"1.36";"William Hill";"6";"7";"recent_results | standing";"4";"4";"Non"
"565";"football:1575509:12:Home/Draw:8:public-demo-replay-2026-10-08";"Academico Viseu — Estoril";"Primeira Liga";"Double chance";"Academico Viseu ou nul";"1.36";"Bet365";"6";"7";"recent_results | standing";"4";"4";"Non"
"566";"football:1523270:1:Away:11:public-demo-replay-2026-10-08";"Shanghai Shenhua — Yunnan Yukun";"Super League";"Résultat du match";"Yunnan Yukun gagne";"4.82";"1xBet";"2";"1";"recent_results | standing";"0";"5";"Non"
"567";"football:1523270:1:Away:2:public-demo-replay-2026-10-08";"Shanghai Shenhua — Yunnan Yukun";"Super League";"Résultat du match";"Yunnan Yukun gagne";"4.65";"Marathonbet";"2";"1";"recent_results | standing";"0";"5";"Non"
"568";"football:1523270:1:Away:3:public-demo-replay-2026-10-08";"Shanghai Shenhua — Yunnan Yukun";"Super League";"Résultat du match";"Yunnan Yukun gagne";"4.75";"Betfair";"2";"1";"recent_results | standing";"0";"5";"Non"
"569";"football:1523270:1:Away:32:public-demo-replay-2026-10-08";"Shanghai Shenhua — Yunnan Yukun";"Super League";"Résultat du match";"Yunnan Yukun gagne";"4.25";"Betano";"2";"1";"recent_results | standing";"0";"5";"Non"
"570";"football:1523270:1:Away:36:public-demo-replay-2026-10-08";"Shanghai Shenhua — Yunnan Yukun";"Super League";"Résultat du match";"Yunnan Yukun gagne";"4.5";"BetVictor";"2";"1";"recent_results | standing";"0";"5";"Non"
"571";"football:1523270:1:Away:4:public-demo-replay-2026-10-08";"Shanghai Shenhua — Yunnan Yukun";"Super League";"Résultat du match";"Yunnan Yukun gagne";"4.34";"Pinnacle";"2";"1";"recent_results | standing";"0";"5";"Non"
"572";"football:1523270:1:Away:5:public-demo-replay-2026-10-08";"Shanghai Shenhua — Yunnan Yukun";"Super League";"Résultat du match";"Yunnan Yukun gagne";"3.96";"SBO";"2";"1";"recent_results | standing";"0";"5";"Non"
"573";"football:1523270:1:Away:7:public-demo-replay-2026-10-08";"Shanghai Shenhua — Yunnan Yukun";"Super League";"Résultat du match";"Yunnan Yukun gagne";"4.4";"William Hill";"2";"1";"recent_results | standing";"0";"5";"Non"
"574";"football:1523270:1:Away:8:public-demo-replay-2026-10-08";"Shanghai Shenhua — Yunnan Yukun";"Super League";"Résultat du match";"Yunnan Yukun gagne";"4.5";"Bet365";"2";"1";"recent_results | standing";"0";"5";"Non"
"575";"football:1523270:1:Away:9:public-demo-replay-2026-10-08";"Shanghai Shenhua — Yunnan Yukun";"Super League";"Résultat du match";"Yunnan Yukun gagne";"4.7";"Dafabet";"2";"1";"recent_results | standing";"0";"5";"Non"
"576";"football:1523270:12:Draw/Away:11:public-demo-replay-2026-10-08";"Shanghai Shenhua — Yunnan Yukun";"Super League";"Double chance";"Yunnan Yukun ou nul";"2.44";"1xBet";"2";"1";"recent_results | standing";"0";"5";"Non"
"577";"football:1523270:12:Draw/Away:2:public-demo-replay-2026-10-08";"Shanghai Shenhua — Yunnan Yukun";"Super League";"Double chance";"Yunnan Yukun ou nul";"2.39";"Marathonbet";"2";"1";"recent_results | standing";"0";"5";"Non"
"578";"football:1523270:12:Draw/Away:3:public-demo-replay-2026-10-08";"Shanghai Shenhua — Yunnan Yukun";"Super League";"Double chance";"Yunnan Yukun ou nul";"2.5";"Betfair";"2";"1";"recent_results | standing";"0";"5";"Non"
"579";"football:1523270:12:Draw/Away:32:public-demo-replay-2026-10-08";"Shanghai Shenhua — Yunnan Yukun";"Super League";"Double chance";"Yunnan Yukun ou nul";"2.37";"Betano";"2";"1";"recent_results | standing";"0";"5";"Non"
"580";"football:1523270:12:Draw/Away:36:public-demo-replay-2026-10-08";"Shanghai Shenhua — Yunnan Yukun";"Super League";"Double chance";"Yunnan Yukun ou nul";"2.38";"BetVictor";"2";"1";"recent_results | standing";"0";"5";"Non"
"581";"football:1523270:12:Draw/Away:5:public-demo-replay-2026-10-08";"Shanghai Shenhua — Yunnan Yukun";"Super League";"Double chance";"Yunnan Yukun ou nul";"2.07";"SBO";"2";"1";"recent_results | standing";"0";"5";"Non"
"582";"football:1523270:12:Draw/Away:7:public-demo-replay-2026-10-08";"Shanghai Shenhua — Yunnan Yukun";"Super League";"Double chance";"Yunnan Yukun ou nul";"2.3";"William Hill";"2";"1";"recent_results | standing";"0";"5";"Non"
"583";"football:1523270:12:Draw/Away:8:public-demo-replay-2026-10-08";"Shanghai Shenhua — Yunnan Yukun";"Super League";"Double chance";"Yunnan Yukun ou nul";"2.38";"Bet365";"2";"1";"recent_results | standing";"0";"5";"Non"
"584";"football:1584421:1:Home:11:public-demo-replay-2026-10-08";"Alanyaspor — Erzurumspor FK";"Süper Lig";"Résultat du match";"Alanyaspor gagne";"2.05";"1xBet";"2";"1";"recent_results | standing";"0";"5";"Non"
"585";"football:1584421:1:Home:2:public-demo-replay-2026-10-08";"Alanyaspor — Erzurumspor FK";"Süper Lig";"Résultat du match";"Alanyaspor gagne";"1.97";"Marathonbet";"2";"1";"recent_results | standing";"0";"5";"Non"
"586";"football:1584421:1:Home:3:public-demo-replay-2026-10-08";"Alanyaspor — Erzurumspor FK";"Süper Lig";"Résultat du match";"Alanyaspor gagne";"1.95";"Betfair";"2";"1";"recent_results | standing";"0";"5";"Non"
"587";"football:1584421:1:Home:32:public-demo-replay-2026-10-08";"Alanyaspor — Erzurumspor FK";"Süper Lig";"Résultat du match";"Alanyaspor gagne";"2.02";"Betano";"2";"1";"recent_results | standing";"0";"5";"Non"
"588";"football:1584421:1:Home:36:public-demo-replay-2026-10-08";"Alanyaspor — Erzurumspor FK";"Süper Lig";"Résultat du match";"Alanyaspor gagne";"1.93";"BetVictor";"2";"1";"recent_results | standing";"0";"5";"Non"
"589";"football:1584421:1:Home:4:public-demo-replay-2026-10-08";"Alanyaspor — Erzurumspor FK";"Süper Lig";"Résultat du match";"Alanyaspor gagne";"1.94";"Pinnacle";"2";"1";"recent_results | standing";"0";"5";"Non"
"590";"football:1584421:1:Home:5:public-demo-replay-2026-10-08";"Alanyaspor — Erzurumspor FK";"Süper Lig";"Résultat du match";"Alanyaspor gagne";"1.93";"SBO";"2";"1";"recent_results | standing";"0";"5";"Non"
"591";"football:1584421:1:Home:7:public-demo-replay-2026-10-08";"Alanyaspor — Erzurumspor FK";"Süper Lig";"Résultat du match";"Alanyaspor gagne";"2";"William Hill";"2";"1";"recent_results | standing";"0";"5";"Non"
"592";"football:1584421:1:Home:8:public-demo-replay-2026-10-08";"Alanyaspor — Erzurumspor FK";"Süper Lig";"Résultat du match";"Alanyaspor gagne";"1.95";"Bet365";"2";"1";"recent_results | standing";"0";"5";"Non"
"593";"football:1584421:12:Home/Draw:11:public-demo-replay-2026-10-08";"Alanyaspor — Erzurumspor FK";"Süper Lig";"Double chance";"Alanyaspor ou nul";"1.28";"1xBet";"2";"1";"recent_results | standing";"0";"5";"Non"
"594";"football:1584421:12:Home/Draw:2:public-demo-replay-2026-10-08";"Alanyaspor — Erzurumspor FK";"Süper Lig";"Double chance";"Alanyaspor ou nul";"1.24";"Marathonbet";"2";"1";"recent_results | standing";"0";"5";"Non"
"595";"football:1584421:12:Home/Draw:3:public-demo-replay-2026-10-08";"Alanyaspor — Erzurumspor FK";"Süper Lig";"Double chance";"Alanyaspor ou nul";"1.25";"Betfair";"2";"1";"recent_results | standing";"0";"5";"Non"
"596";"football:1584421:12:Home/Draw:32:public-demo-replay-2026-10-08";"Alanyaspor — Erzurumspor FK";"Süper Lig";"Double chance";"Alanyaspor ou nul";"1.28";"Betano";"2";"1";"recent_results | standing";"0";"5";"Non"
"597";"football:1584421:12:Home/Draw:36:public-demo-replay-2026-10-08";"Alanyaspor — Erzurumspor FK";"Süper Lig";"Double chance";"Alanyaspor ou nul";"1.25";"BetVictor";"2";"1";"recent_results | standing";"0";"5";"Non"
"598";"football:1584421:12:Home/Draw:5:public-demo-replay-2026-10-08";"Alanyaspor — Erzurumspor FK";"Süper Lig";"Double chance";"Alanyaspor ou nul";"1.18";"SBO";"2";"1";"recent_results | standing";"0";"5";"Non"
"599";"football:1584421:12:Home/Draw:7:public-demo-replay-2026-10-08";"Alanyaspor — Erzurumspor FK";"Süper Lig";"Double chance";"Alanyaspor ou nul";"1.25";"William Hill";"2";"1";"recent_results | standing";"0";"5";"Non"
"600";"football:1584421:12:Home/Draw:8:public-demo-replay-2026-10-08";"Alanyaspor — Erzurumspor FK";"Süper Lig";"Double chance";"Alanyaspor ou nul";"1.25";"Bet365";"2";"1";"recent_results | standing";"0";"5";"Non"
"601";"football:1638643:1:Home:11:public-demo-replay-2026-10-08";"Stjarnan — KA Akureyri";"Úrvalsdeild";"Résultat du match";"Stjarnan gagne";"1.8";"1xBet";"2";"1";"recent_results | standing";"0";"5";"Non"
"602";"football:1638643:1:Home:2:public-demo-replay-2026-10-08";"Stjarnan — KA Akureyri";"Úrvalsdeild";"Résultat du match";"Stjarnan gagne";"1.78";"Marathonbet";"2";"1";"recent_results | standing";"0";"5";"Non"
"603";"football:1638643:1:Home:3:public-demo-replay-2026-10-08";"Stjarnan — KA Akureyri";"Úrvalsdeild";"Résultat du match";"Stjarnan gagne";"1.7";"Betfair";"2";"1";"recent_results | standing";"0";"5";"Non"
"604";"football:1638643:1:Home:32:public-demo-replay-2026-10-08";"Stjarnan — KA Akureyri";"Úrvalsdeild";"Résultat du match";"Stjarnan gagne";"1.83";"Betano";"2";"1";"recent_results | standing";"0";"5";"Non"
"605";"football:1638643:1:Home:4:public-demo-replay-2026-10-08";"Stjarnan — KA Akureyri";"Úrvalsdeild";"Résultat du match";"Stjarnan gagne";"1.83";"Pinnacle";"2";"1";"recent_results | standing";"0";"5";"Non"
"606";"football:1638643:1:Home:5:public-demo-replay-2026-10-08";"Stjarnan — KA Akureyri";"Úrvalsdeild";"Résultat du match";"Stjarnan gagne";"1.71";"SBO";"2";"1";"recent_results | standing";"0";"5";"Non"
"607";"football:1638643:1:Home:7:public-demo-replay-2026-10-08";"Stjarnan — KA Akureyri";"Úrvalsdeild";"Résultat du match";"Stjarnan gagne";"1.8";"William Hill";"2";"1";"recent_results | standing";"0";"5";"Non"
"608";"football:1638643:1:Home:8:public-demo-replay-2026-10-08";"Stjarnan — KA Akureyri";"Úrvalsdeild";"Résultat du match";"Stjarnan gagne";"1.7";"Bet365";"2";"1";"recent_results | standing";"0";"5";"Non"
"609";"football:1638643:1:Home:9:public-demo-replay-2026-10-08";"Stjarnan — KA Akureyri";"Úrvalsdeild";"Résultat du match";"Stjarnan gagne";"1.81";"Dafabet";"2";"1";"recent_results | standing";"0";"5";"Non"
"610";"football:1638643:12:Home/Draw:11:public-demo-replay-2026-10-08";"Stjarnan — KA Akureyri";"Úrvalsdeild";"Double chance";"Stjarnan ou nul";"1.28";"1xBet";"2";"1";"recent_results | standing";"0";"5";"Non"
"611";"football:1638643:12:Home/Draw:2:public-demo-replay-2026-10-08";"Stjarnan — KA Akureyri";"Úrvalsdeild";"Double chance";"Stjarnan ou nul";"1.28";"Marathonbet";"2";"1";"recent_results | standing";"0";"5";"Non"
"612";"football:1638643:12:Home/Draw:3:public-demo-replay-2026-10-08";"Stjarnan — KA Akureyri";"Úrvalsdeild";"Double chance";"Stjarnan ou nul";"1.25";"Betfair";"2";"1";"recent_results | standing";"0";"5";"Non"
"613";"football:1638643:12:Home/Draw:32:public-demo-replay-2026-10-08";"Stjarnan — KA Akureyri";"Úrvalsdeild";"Double chance";"Stjarnan ou nul";"1.33";"Betano";"2";"1";"recent_results | standing";"0";"5";"Non"
"614";"football:1638643:12:Home/Draw:5:public-demo-replay-2026-10-08";"Stjarnan — KA Akureyri";"Úrvalsdeild";"Double chance";"Stjarnan ou nul";"1.25";"SBO";"2";"1";"recent_results | standing";"0";"5";"Non"
"615";"football:1638643:12:Home/Draw:7:public-demo-replay-2026-10-08";"Stjarnan — KA Akureyri";"Úrvalsdeild";"Double chance";"Stjarnan ou nul";"1.3";"William Hill";"2";"1";"recent_results | standing";"0";"5";"Non"
"616";"football:1638643:12:Home/Draw:8:public-demo-replay-2026-10-08";"Stjarnan — KA Akureyri";"Úrvalsdeild";"Double chance";"Stjarnan ou nul";"1.22";"Bet365";"2";"1";"recent_results | standing";"0";"5";"Non"
"617";"football:1569965:1:Away:11:public-demo-replay-2026-10-08";"Eldense — Cordoba";"Segunda División";"Résultat du match";"Cordoba gagne";"2.78";"1xBet";"1";"2";"standing";"0";"5";"Non"
"618";"football:1569965:1:Away:2:public-demo-replay-2026-10-08";"Eldense — Cordoba";"Segunda División";"Résultat du match";"Cordoba gagne";"2.69";"Marathonbet";"1";"2";"standing";"0";"5";"Non"
"619";"football:1569965:1:Away:3:public-demo-replay-2026-10-08";"Eldense — Cordoba";"Segunda División";"Résultat du match";"Cordoba gagne";"2.63";"Betfair";"1";"2";"standing";"0";"5";"Non"
"620";"football:1569965:1:Away:32:public-demo-replay-2026-10-08";"Eldense — Cordoba";"Segunda División";"Résultat du match";"Cordoba gagne";"2.92";"Betano";"1";"2";"standing";"0";"5";"Non"
"621";"football:1569965:1:Away:36:public-demo-replay-2026-10-08";"Eldense — Cordoba";"Segunda División";"Résultat du match";"Cordoba gagne";"2.75";"BetVictor";"1";"2";"standing";"0";"5";"Non"
"622";"football:1569965:1:Away:4:public-demo-replay-2026-10-08";"Eldense — Cordoba";"Segunda División";"Résultat du match";"Cordoba gagne";"2.74";"Pinnacle";"1";"2";"standing";"0";"5";"Non"
"623";"football:1569965:1:Away:5:public-demo-replay-2026-10-08";"Eldense — Cordoba";"Segunda División";"Résultat du match";"Cordoba gagne";"2.56";"SBO";"1";"2";"standing";"0";"5";"Non"
"624";"football:1569965:1:Away:7:public-demo-replay-2026-10-08";"Eldense — Cordoba";"Segunda División";"Résultat du match";"Cordoba gagne";"2.62";"William Hill";"1";"2";"standing";"0";"5";"Non"
"625";"football:1569965:1:Away:8:public-demo-replay-2026-10-08";"Eldense — Cordoba";"Segunda División";"Résultat du match";"Cordoba gagne";"3";"Bet365";"1";"2";"standing";"0";"5";"Non"
"626";"football:1569965:1:Away:9:public-demo-replay-2026-10-08";"Eldense — Cordoba";"Segunda División";"Résultat du match";"Cordoba gagne";"2.85";"Dafabet";"1";"2";"standing";"0";"5";"Non"
"627";"football:1569965:1:Home:11:public-demo-replay-2026-10-08";"Eldense — Cordoba";"Segunda División";"Résultat du match";"Eldense gagne";"2.49";"1xBet";"1";"2";"recent_results";"0";"5";"Non"
"628";"football:1569965:1:Home:2:public-demo-replay-2026-10-08";"Eldense — Cordoba";"Segunda División";"Résultat du match";"Eldense gagne";"2.41";"Marathonbet";"1";"2";"recent_results";"0";"5";"Non"
"629";"football:1569965:1:Home:3:public-demo-replay-2026-10-08";"Eldense — Cordoba";"Segunda División";"Résultat du match";"Eldense gagne";"2.3";"Betfair";"1";"2";"recent_results";"0";"5";"Non"
"630";"football:1569965:1:Home:32:public-demo-replay-2026-10-08";"Eldense — Cordoba";"Segunda División";"Résultat du match";"Eldense gagne";"2.15";"Betano";"1";"2";"recent_results";"0";"5";"Non"
"631";"football:1569965:1:Home:36:public-demo-replay-2026-10-08";"Eldense — Cordoba";"Segunda División";"Résultat du match";"Eldense gagne";"2.25";"BetVictor";"1";"2";"recent_results";"0";"5";"Non"
"632";"football:1569965:1:Home:4:public-demo-replay-2026-10-08";"Eldense — Cordoba";"Segunda División";"Résultat du match";"Eldense gagne";"2.48";"Pinnacle";"1";"2";"recent_results";"0";"5";"Non"
"633";"football:1569965:1:Home:5:public-demo-replay-2026-10-08";"Eldense — Cordoba";"Segunda División";"Résultat du match";"Eldense gagne";"2.22";"SBO";"1";"2";"recent_results";"0";"5";"Non"
"634";"football:1569965:1:Home:7:public-demo-replay-2026-10-08";"Eldense — Cordoba";"Segunda División";"Résultat du match";"Eldense gagne";"2.4";"William Hill";"1";"2";"recent_results";"0";"5";"Non"
"635";"football:1569965:1:Home:8:public-demo-replay-2026-10-08";"Eldense — Cordoba";"Segunda División";"Résultat du match";"Eldense gagne";"2.05";"Bet365";"1";"2";"recent_results";"0";"5";"Non"
"636";"football:1569965:1:Home:9:public-demo-replay-2026-10-08";"Eldense — Cordoba";"Segunda División";"Résultat du match";"Eldense gagne";"2.33";"Dafabet";"1";"2";"recent_results";"0";"5";"Non"
"637";"football:1569965:12:Draw/Away:11:public-demo-replay-2026-10-08";"Eldense — Cordoba";"Segunda División";"Double chance";"Cordoba ou nul";"1.55";"1xBet";"1";"2";"standing";"0";"5";"Non"
"638";"football:1569965:12:Draw/Away:2:public-demo-replay-2026-10-08";"Eldense — Cordoba";"Segunda División";"Double chance";"Cordoba ou nul";"1.52";"Marathonbet";"1";"2";"standing";"0";"5";"Non"
"639";"football:1569965:12:Draw/Away:3:public-demo-replay-2026-10-08";"Eldense — Cordoba";"Segunda División";"Double chance";"Cordoba ou nul";"1.53";"Betfair";"1";"2";"standing";"0";"5";"Non"
"640";"football:1569965:12:Draw/Away:32:public-demo-replay-2026-10-08";"Eldense — Cordoba";"Segunda División";"Double chance";"Cordoba ou nul";"1.67";"Betano";"1";"2";"standing";"0";"5";"Non"
"641";"football:1569965:12:Draw/Away:36:public-demo-replay-2026-10-08";"Eldense — Cordoba";"Segunda División";"Double chance";"Cordoba ou nul";"1.55";"BetVictor";"1";"2";"standing";"0";"5";"Non"
"642";"football:1569965:12:Draw/Away:5:public-demo-replay-2026-10-08";"Eldense — Cordoba";"Segunda División";"Double chance";"Cordoba ou nul";"1.51";"SBO";"1";"2";"standing";"0";"5";"Non"
"643";"football:1569965:12:Draw/Away:7:public-demo-replay-2026-10-08";"Eldense — Cordoba";"Segunda División";"Double chance";"Cordoba ou nul";"1.53";"William Hill";"1";"2";"standing";"0";"5";"Non"
"644";"football:1569965:12:Draw/Away:8:public-demo-replay-2026-10-08";"Eldense — Cordoba";"Segunda División";"Double chance";"Cordoba ou nul";"1.73";"Bet365";"1";"2";"standing";"0";"5";"Non"
"645";"football:1569965:12:Home/Draw:11:public-demo-replay-2026-10-08";"Eldense — Cordoba";"Segunda División";"Double chance";"Eldense ou nul";"1.46";"1xBet";"1";"2";"recent_results";"0";"5";"Non"
"646";"football:1569965:12:Home/Draw:2:public-demo-replay-2026-10-08";"Eldense — Cordoba";"Segunda División";"Double chance";"Eldense ou nul";"1.43";"Marathonbet";"1";"2";"recent_results";"0";"5";"Non"
"647";"football:1569965:12:Home/Draw:3:public-demo-replay-2026-10-08";"Eldense — Cordoba";"Segunda División";"Double chance";"Eldense ou nul";"1.4";"Betfair";"1";"2";"recent_results";"0";"5";"Non"
"648";"football:1569965:12:Home/Draw:32:public-demo-replay-2026-10-08";"Eldense — Cordoba";"Segunda División";"Double chance";"Eldense ou nul";"1.4";"Betano";"1";"2";"recent_results";"0";"5";"Non"
"649";"football:1569965:12:Home/Draw:36:public-demo-replay-2026-10-08";"Eldense — Cordoba";"Segunda División";"Double chance";"Eldense ou nul";"1.4";"BetVictor";"1";"2";"recent_results";"0";"5";"Non"
"650";"football:1569965:12:Home/Draw:5:public-demo-replay-2026-10-08";"Eldense — Cordoba";"Segunda División";"Double chance";"Eldense ou nul";"1.39";"SBO";"1";"2";"recent_results";"0";"5";"Non"
"651";"football:1569965:12:Home/Draw:7:public-demo-replay-2026-10-08";"Eldense — Cordoba";"Segunda División";"Double chance";"Eldense ou nul";"1.44";"William Hill";"1";"2";"recent_results";"0";"5";"Non"
"652";"football:1569965:12:Home/Draw:8:public-demo-replay-2026-10-08";"Eldense — Cordoba";"Segunda División";"Double chance";"Eldense ou nul";"1.36";"Bet365";"1";"2";"recent_results";"0";"5";"Non"
"653";"football:1576502:1:Away:11:public-demo-replay-2026-10-08";"Vizela — Sporting CP B";"Segunda Liga";"Résultat du match";"Sporting CP B gagne";"3.2";"1xBet";"2";"1";"recent_results | standing";"0";"5";"Non"
"654";"football:1576502:1:Away:2:public-demo-replay-2026-10-08";"Vizela — Sporting CP B";"Segunda Liga";"Résultat du match";"Sporting CP B gagne";"3.18";"Marathonbet";"2";"1";"recent_results | standing";"0";"5";"Non"
"655";"football:1576502:1:Away:3:public-demo-replay-2026-10-08";"Vizela — Sporting CP B";"Segunda Liga";"Résultat du match";"Sporting CP B gagne";"3.1";"Betfair";"2";"1";"recent_results | standing";"0";"5";"Non"
"656";"football:1576502:1:Away:32:public-demo-replay-2026-10-08";"Vizela — Sporting CP B";"Segunda Liga";"Résultat du match";"Sporting CP B gagne";"3.25";"Betano";"2";"1";"recent_results | standing";"0";"5";"Non"
"657";"football:1576502:1:Away:36:public-demo-replay-2026-10-08";"Vizela — Sporting CP B";"Segunda Liga";"Résultat du match";"Sporting CP B gagne";"3.2";"BetVictor";"2";"1";"recent_results | standing";"0";"5";"Non"
"658";"football:1576502:1:Away:4:public-demo-replay-2026-10-08";"Vizela — Sporting CP B";"Segunda Liga";"Résultat du match";"Sporting CP B gagne";"3.3";"Pinnacle";"2";"1";"recent_results | standing";"0";"5";"Non"
"659";"football:1576502:1:Away:5:public-demo-replay-2026-10-08";"Vizela — Sporting CP B";"Segunda Liga";"Résultat du match";"Sporting CP B gagne";"2.98";"SBO";"2";"1";"recent_results | standing";"0";"5";"Non"
"660";"football:1576502:1:Away:7:public-demo-replay-2026-10-08";"Vizela — Sporting CP B";"Segunda Liga";"Résultat du match";"Sporting CP B gagne";"3";"William Hill";"2";"1";"recent_results | standing";"0";"5";"Non"
"661";"football:1576502:1:Away:8:public-demo-replay-2026-10-08";"Vizela — Sporting CP B";"Segunda Liga";"Résultat du match";"Sporting CP B gagne";"3.25";"Bet365";"2";"1";"recent_results | standing";"0";"5";"Non"
"662";"football:1576502:12:Draw/Away:11:public-demo-replay-2026-10-08";"Vizela — Sporting CP B";"Segunda Liga";"Double chance";"Sporting CP B ou nul";"1.62";"1xBet";"2";"1";"recent_results | standing";"0";"5";"Non"
"663";"football:1576502:12:Draw/Away:2:public-demo-replay-2026-10-08";"Vizela — Sporting CP B";"Segunda Liga";"Double chance";"Sporting CP B ou nul";"1.62";"Marathonbet";"2";"1";"recent_results | standing";"0";"5";"Non"
"664";"football:1576502:12:Draw/Away:3:public-demo-replay-2026-10-08";"Vizela — Sporting CP B";"Segunda Liga";"Double chance";"Sporting CP B ou nul";"1.62";"Betfair";"2";"1";"recent_results | standing";"0";"5";"Non"
"665";"football:1576502:12:Draw/Away:32:public-demo-replay-2026-10-08";"Vizela — Sporting CP B";"Segunda Liga";"Double chance";"Sporting CP B ou nul";"1.7";"Betano";"2";"1";"recent_results | standing";"0";"5";"Non"
"666";"football:1576502:12:Draw/Away:36:public-demo-replay-2026-10-08";"Vizela — Sporting CP B";"Segunda Liga";"Double chance";"Sporting CP B ou nul";"1.6";"BetVictor";"2";"1";"recent_results | standing";"0";"5";"Non"
"667";"football:1576502:12:Draw/Away:5:public-demo-replay-2026-10-08";"Vizela — Sporting CP B";"Segunda Liga";"Double chance";"Sporting CP B ou nul";"1.56";"SBO";"2";"1";"recent_results | standing";"0";"5";"Non"
"668";"football:1576502:12:Draw/Away:7:public-demo-replay-2026-10-08";"Vizela — Sporting CP B";"Segunda Liga";"Double chance";"Sporting CP B ou nul";"1.67";"William Hill";"2";"1";"recent_results | standing";"0";"5";"Non"
"669";"football:1576502:12:Draw/Away:8:public-demo-replay-2026-10-08";"Vizela — Sporting CP B";"Segunda Liga";"Double chance";"Sporting CP B ou nul";"1.62";"Bet365";"2";"1";"recent_results | standing";"0";"5";"Non"
"670";"football:1493181:5:Over 2.5:11:public-demo-replay-2026-10-08";"Union Santa Fe — Defensa Y Justicia";"Liga Profesional Argentina";"Plus/Moins de buts";"Plus de 2,5 buts";"2.16";"1xBet";"1";"9";"recent_results";"0";"29";"Non"
"671";"football:1493181:5:Over 2.5:2:public-demo-replay-2026-10-08";"Union Santa Fe — Defensa Y Justicia";"Liga Profesional Argentina";"Plus/Moins de buts";"Plus de 2,5 buts";"2.12";"Marathonbet";"1";"9";"recent_results";"0";"29";"Non"
"672";"football:1493181:5:Over 2.5:3:public-demo-replay-2026-10-08";"Union Santa Fe — Defensa Y Justicia";"Liga Profesional Argentina";"Plus/Moins de buts";"Plus de 2,5 buts";"2.15";"Betfair";"1";"9";"recent_results";"0";"29";"Non"
"673";"football:1493181:5:Over 2.5:32:public-demo-replay-2026-10-08";"Union Santa Fe — Defensa Y Justicia";"Liga Profesional Argentina";"Plus/Moins de buts";"Plus de 2,5 buts";"2.2";"Betano";"1";"9";"recent_results";"0";"29";"Non"
"674";"football:1493181:5:Over 2.5:36:public-demo-replay-2026-10-08";"Union Santa Fe — Defensa Y Justicia";"Liga Profesional Argentina";"Plus/Moins de buts";"Plus de 2,5 buts";"2.07";"BetVictor";"1";"9";"recent_results";"0";"29";"Non"
"675";"football:1493181:5:Over 2.5:4:public-demo-replay-2026-10-08";"Union Santa Fe — Defensa Y Justicia";"Liga Profesional Argentina";"Plus/Moins de buts";"Plus de 2,5 buts";"2.19";"Pinnacle";"1";"9";"recent_results";"0";"29";"Non"
"676";"football:1493181:5:Over 2.5:8:public-demo-replay-2026-10-08";"Union Santa Fe — Defensa Y Justicia";"Liga Profesional Argentina";"Plus/Moins de buts";"Plus de 2,5 buts";"2.15";"Bet365";"1";"9";"recent_results";"0";"29";"Non"
"677";"football:1550984:1:Away:11:public-demo-replay-2026-10-08";"Puebla — Leon";"Liga MX";"Résultat du match";"Leon gagne";"2.36";"1xBet";"2";"3";"recent_results | standing";"0";"5";"Non"
"678";"football:1550984:1:Away:2:public-demo-replay-2026-10-08";"Puebla — Leon";"Liga MX";"Résultat du match";"Leon gagne";"2.34";"Marathonbet";"2";"3";"recent_results | standing";"0";"5";"Non"
"679";"football:1550984:1:Away:3:public-demo-replay-2026-10-08";"Puebla — Leon";"Liga MX";"Résultat du match";"Leon gagne";"2.4";"Betfair";"2";"3";"recent_results | standing";"0";"5";"Non"
"680";"football:1550984:1:Away:32:public-demo-replay-2026-10-08";"Puebla — Leon";"Liga MX";"Résultat du match";"Leon gagne";"2.57";"Betano";"2";"3";"recent_results | standing";"0";"5";"Non"
"681";"football:1550984:1:Away:36:public-demo-replay-2026-10-08";"Puebla — Leon";"Liga MX";"Résultat du match";"Leon gagne";"2.38";"BetVictor";"2";"3";"recent_results | standing";"0";"5";"Non"
"682";"football:1550984:1:Away:4:public-demo-replay-2026-10-08";"Puebla — Leon";"Liga MX";"Résultat du match";"Leon gagne";"2.46";"Pinnacle";"2";"3";"recent_results | standing";"0";"5";"Non"
"683";"football:1550984:1:Away:7:public-demo-replay-2026-10-08";"Puebla — Leon";"Liga MX";"Résultat du match";"Leon gagne";"2.3";"William Hill";"2";"3";"recent_results | standing";"0";"5";"Non"
"684";"football:1550984:1:Away:8:public-demo-replay-2026-10-08";"Puebla — Leon";"Liga MX";"Résultat du match";"Leon gagne";"2.25";"Bet365";"2";"3";"recent_results | standing";"0";"5";"Non"
"685";"football:1550984:1:Away:9:public-demo-replay-2026-10-08";"Puebla — Leon";"Liga MX";"Résultat du match";"Leon gagne";"2.38";"Dafabet";"2";"3";"recent_results | standing";"0";"5";"Non"
"686";"football:1550984:12:Draw/Away:11:public-demo-replay-2026-10-08";"Puebla — Leon";"Liga MX";"Double chance";"Leon ou nul";"1.36";"1xBet";"2";"3";"recent_results | standing";"0";"5";"Non"
"687";"football:1550984:12:Draw/Away:2:public-demo-replay-2026-10-08";"Puebla — Leon";"Liga MX";"Double chance";"Leon ou nul";"1.36";"Marathonbet";"2";"3";"recent_results | standing";"0";"5";"Non"
"688";"football:1550984:12:Draw/Away:3:public-demo-replay-2026-10-08";"Puebla — Leon";"Liga MX";"Double chance";"Leon ou nul";"1.44";"Betfair";"2";"3";"recent_results | standing";"0";"5";"Non"
"689";"football:1550984:12:Draw/Away:32:public-demo-replay-2026-10-08";"Puebla — Leon";"Liga MX";"Double chance";"Leon ou nul";"1.45";"Betano";"2";"3";"recent_results | standing";"0";"5";"Non"
"690";"football:1550984:12:Draw/Away:36:public-demo-replay-2026-10-08";"Puebla — Leon";"Liga MX";"Double chance";"Leon ou nul";"1.36";"BetVictor";"2";"3";"recent_results | standing";"0";"5";"Non"
"691";"football:1550984:12:Draw/Away:7:public-demo-replay-2026-10-08";"Puebla — Leon";"Liga MX";"Double chance";"Leon ou nul";"1.36";"William Hill";"2";"3";"recent_results | standing";"0";"5";"Non"
"692";"football:1550984:12:Draw/Away:8:public-demo-replay-2026-10-08";"Puebla — Leon";"Liga MX";"Double chance";"Leon ou nul";"1.36";"Bet365";"2";"3";"recent_results | standing";"0";"5";"Non"
"693";"football:1556082:1:Away:11:public-demo-replay-2026-10-08";"Cerezo Osaka — Yokohama F. Marinos";"J1 League";"Résultat du match";"Yokohama F. Marinos gagne";"3.07";"1xBet";"2";"2";"recent_results | standing";"0";"5";"Non"
"694";"football:1556082:1:Away:2:public-demo-replay-2026-10-08";"Cerezo Osaka — Yokohama F. Marinos";"J1 League";"Résultat du match";"Yokohama F. Marinos gagne";"2.99";"Marathonbet";"2";"2";"recent_results | standing";"0";"5";"Non"
"695";"football:1556082:1:Away:3:public-demo-replay-2026-10-08";"Cerezo Osaka — Yokohama F. Marinos";"J1 League";"Résultat du match";"Yokohama F. Marinos gagne";"2.88";"Betfair";"2";"2";"recent_results | standing";"0";"5";"Non"
"696";"football:1556082:1:Away:32:public-demo-replay-2026-10-08";"Cerezo Osaka — Yokohama F. Marinos";"J1 League";"Résultat du match";"Yokohama F. Marinos gagne";"3.05";"Betano";"2";"2";"recent_results | standing";"0";"5";"Non"
"697";"football:1556082:1:Away:36:public-demo-replay-2026-10-08";"Cerezo Osaka — Yokohama F. Marinos";"J1 League";"Résultat du match";"Yokohama F. Marinos gagne";"2.9";"BetVictor";"2";"2";"recent_results | standing";"0";"5";"Non"
"698";"football:1556082:1:Away:4:public-demo-replay-2026-10-08";"Cerezo Osaka — Yokohama F. Marinos";"J1 League";"Résultat du match";"Yokohama F. Marinos gagne";"2.95";"Pinnacle";"2";"2";"recent_results | standing";"0";"5";"Non"
"699";"football:1556082:1:Away:5:public-demo-replay-2026-10-08";"Cerezo Osaka — Yokohama F. Marinos";"J1 League";"Résultat du match";"Yokohama F. Marinos gagne";"2.88";"SBO";"2";"2";"recent_results | standing";"0";"5";"Non"
"700";"football:1556082:1:Away:7:public-demo-replay-2026-10-08";"Cerezo Osaka — Yokohama F. Marinos";"J1 League";"Résultat du match";"Yokohama F. Marinos gagne";"2.9";"William Hill";"2";"2";"recent_results | standing";"0";"5";"Non"
"701";"football:1556082:1:Away:8:public-demo-replay-2026-10-08";"Cerezo Osaka — Yokohama F. Marinos";"J1 League";"Résultat du match";"Yokohama F. Marinos gagne";"2.9";"Bet365";"2";"2";"recent_results | standing";"0";"5";"Non"
"702";"football:1556082:1:Away:9:public-demo-replay-2026-10-08";"Cerezo Osaka — Yokohama F. Marinos";"J1 League";"Résultat du match";"Yokohama F. Marinos gagne";"3.05";"Dafabet";"2";"2";"recent_results | standing";"0";"5";"Non"
"703";"football:1556082:12:Draw/Away:11:public-demo-replay-2026-10-08";"Cerezo Osaka — Yokohama F. Marinos";"J1 League";"Double chance";"Yokohama F. Marinos ou nul";"1.66";"1xBet";"2";"2";"recent_results | standing";"0";"5";"Non"
"704";"football:1556082:12:Draw/Away:2:public-demo-replay-2026-10-08";"Cerezo Osaka — Yokohama F. Marinos";"J1 League";"Double chance";"Yokohama F. Marinos ou nul";"1.64";"Marathonbet";"2";"2";"recent_results | standing";"0";"5";"Non"
"705";"football:1556082:12:Draw/Away:3:public-demo-replay-2026-10-08";"Cerezo Osaka — Yokohama F. Marinos";"J1 League";"Double chance";"Yokohama F. Marinos ou nul";"1.62";"Betfair";"2";"2";"recent_results | standing";"0";"5";"Non"
"706";"football:1556082:12:Draw/Away:32:public-demo-replay-2026-10-08";"Cerezo Osaka — Yokohama F. Marinos";"J1 League";"Double chance";"Yokohama F. Marinos ou nul";"1.7";"Betano";"2";"2";"recent_results | standing";"0";"5";"Non"
"707";"football:1556082:12:Draw/Away:36:public-demo-replay-2026-10-08";"Cerezo Osaka — Yokohama F. Marinos";"J1 League";"Double chance";"Yokohama F. Marinos ou nul";"1.57";"BetVictor";"2";"2";"recent_results | standing";"0";"5";"Non"
"708";"football:1556082:12:Draw/Away:5:public-demo-replay-2026-10-08";"Cerezo Osaka — Yokohama F. Marinos";"J1 League";"Double chance";"Yokohama F. Marinos ou nul";"1.6";"SBO";"2";"2";"recent_results | standing";"0";"5";"Non"
"709";"football:1556082:12:Draw/Away:7:public-demo-replay-2026-10-08";"Cerezo Osaka — Yokohama F. Marinos";"J1 League";"Double chance";"Yokohama F. Marinos ou nul";"1.65";"William Hill";"2";"2";"recent_results | standing";"0";"5";"Non"
"710";"football:1556082:12:Draw/Away:8:public-demo-replay-2026-10-08";"Cerezo Osaka — Yokohama F. Marinos";"J1 League";"Double chance";"Yokohama F. Marinos ou nul";"1.62";"Bet365";"2";"2";"recent_results | standing";"0";"5";"Non"
"711";"football:1507080:1:Away:11:public-demo-replay-2026-10-08";"Gimcheon Sangmu FC — FC Anyang";"K League 1";"Résultat du match";"FC Anyang gagne";"3.85";"1xBet";"2";"5";"recent_results | standing";"0";"5";"Non"
"712";"football:1507080:1:Away:2:public-demo-replay-2026-10-08";"Gimcheon Sangmu FC — FC Anyang";"K League 1";"Résultat du match";"FC Anyang gagne";"3.86";"Marathonbet";"2";"5";"recent_results | standing";"0";"5";"Non"
"713";"football:1507080:1:Away:3:public-demo-replay-2026-10-08";"Gimcheon Sangmu FC — FC Anyang";"K League 1";"Résultat du match";"FC Anyang gagne";"3.75";"Betfair";"2";"5";"recent_results | standing";"0";"5";"Non"
"714";"football:1507080:1:Away:32:public-demo-replay-2026-10-08";"Gimcheon Sangmu FC — FC Anyang";"K League 1";"Résultat du match";"FC Anyang gagne";"3.75";"Betano";"2";"5";"recent_results | standing";"0";"5";"Non"
"715";"football:1507080:1:Away:36:public-demo-replay-2026-10-08";"Gimcheon Sangmu FC — FC Anyang";"K League 1";"Résultat du match";"FC Anyang gagne";"3.7";"BetVictor";"2";"5";"recent_results | standing";"0";"5";"Non"
"716";"football:1507080:1:Away:4:public-demo-replay-2026-10-08";"Gimcheon Sangmu FC — FC Anyang";"K League 1";"Résultat du match";"FC Anyang gagne";"3.74";"Pinnacle";"2";"5";"recent_results | standing";"0";"5";"Non"
"717";"football:1507080:1:Away:5:public-demo-replay-2026-10-08";"Gimcheon Sangmu FC — FC Anyang";"K League 1";"Résultat du match";"FC Anyang gagne";"3.45";"SBO";"2";"5";"recent_results | standing";"0";"5";"Non"
"718";"football:1507080:1:Away:7:public-demo-replay-2026-10-08";"Gimcheon Sangmu FC — FC Anyang";"K League 1";"Résultat du match";"FC Anyang gagne";"3.6";"William Hill";"2";"5";"recent_results | standing";"0";"5";"Non"
"719";"football:1507080:1:Away:8:public-demo-replay-2026-10-08";"Gimcheon Sangmu FC — FC Anyang";"K League 1";"Résultat du match";"FC Anyang gagne";"3.7";"Bet365";"2";"5";"recent_results | standing";"0";"5";"Non"
"720";"football:1507080:1:Away:9:public-demo-replay-2026-10-08";"Gimcheon Sangmu FC — FC Anyang";"K League 1";"Résultat du match";"FC Anyang gagne";"3.75";"Dafabet";"2";"5";"recent_results | standing";"0";"5";"Non"
"721";"football:1507080:12:Draw/Away:11:public-demo-replay-2026-10-08";"Gimcheon Sangmu FC — FC Anyang";"K League 1";"Double chance";"FC Anyang ou nul";"1.89";"1xBet";"2";"5";"recent_results | standing";"0";"5";"Non"
"722";"football:1507080:12:Draw/Away:2:public-demo-replay-2026-10-08";"Gimcheon Sangmu FC — FC Anyang";"K League 1";"Double chance";"FC Anyang ou nul";"1.89";"Marathonbet";"2";"5";"recent_results | standing";"0";"5";"Non"
"723";"football:1507080:12:Draw/Away:3:public-demo-replay-2026-10-08";"Gimcheon Sangmu FC — FC Anyang";"K League 1";"Double chance";"FC Anyang ou nul";"1.83";"Betfair";"2";"5";"recent_results | standing";"0";"5";"Non"
"724";"football:1507080:12:Draw/Away:32:public-demo-replay-2026-10-08";"Gimcheon Sangmu FC — FC Anyang";"K League 1";"Double chance";"FC Anyang ou nul";"1.93";"Betano";"2";"5";"recent_results | standing";"0";"5";"Non"
"725";"football:1507080:12:Draw/Away:36:public-demo-replay-2026-10-08";"Gimcheon Sangmu FC — FC Anyang";"K League 1";"Double chance";"FC Anyang ou nul";"1.8";"BetVictor";"2";"5";"recent_results | standing";"0";"5";"Non"
"726";"football:1507080:12:Draw/Away:5:public-demo-replay-2026-10-08";"Gimcheon Sangmu FC — FC Anyang";"K League 1";"Double chance";"FC Anyang ou nul";"1.95";"SBO";"2";"5";"recent_results | standing";"0";"5";"Non"
"727";"football:1507080:12:Draw/Away:7:public-demo-replay-2026-10-08";"Gimcheon Sangmu FC — FC Anyang";"K League 1";"Double chance";"FC Anyang ou nul";"1.83";"William Hill";"2";"5";"recent_results | standing";"0";"5";"Non"
"728";"football:1507080:12:Draw/Away:8:public-demo-replay-2026-10-08";"Gimcheon Sangmu FC — FC Anyang";"K League 1";"Double chance";"FC Anyang ou nul";"1.8";"Bet365";"2";"5";"recent_results | standing";"0";"5";"Non"
"729";"football:1576501:1:Away:11:public-demo-replay-2026-10-08";"Tondela — Torreense";"Segunda Liga";"Résultat du match";"Torreense gagne";"3.06";"1xBet";"1";"5";"recent_results";"0";"5";"Non"
"730";"football:1576501:1:Away:2:public-demo-replay-2026-10-08";"Tondela — Torreense";"Segunda Liga";"Résultat du match";"Torreense gagne";"3.04";"Marathonbet";"1";"5";"recent_results";"0";"5";"Non"
"731";"football:1576501:1:Away:3:public-demo-replay-2026-10-08";"Tondela — Torreense";"Segunda Liga";"Résultat du match";"Torreense gagne";"2.9";"Betfair";"1";"5";"recent_results";"0";"5";"Non"
"732";"football:1576501:1:Away:32:public-demo-replay-2026-10-08";"Tondela — Torreense";"Segunda Liga";"Résultat du match";"Torreense gagne";"3.05";"Betano";"1";"5";"recent_results";"0";"5";"Non"
"733";"football:1576501:1:Away:36:public-demo-replay-2026-10-08";"Tondela — Torreense";"Segunda Liga";"Résultat du match";"Torreense gagne";"3";"BetVictor";"1";"5";"recent_results";"0";"5";"Non"
"734";"football:1576501:1:Away:4:public-demo-replay-2026-10-08";"Tondela — Torreense";"Segunda Liga";"Résultat du match";"Torreense gagne";"3.14";"Pinnacle";"1";"5";"recent_results";"0";"5";"Non"
"735";"football:1576501:1:Away:5:public-demo-replay-2026-10-08";"Tondela — Torreense";"Segunda Liga";"Résultat du match";"Torreense gagne";"2.75";"SBO";"1";"5";"recent_results";"0";"5";"Non"
"736";"football:1576501:1:Away:7:public-demo-replay-2026-10-08";"Tondela — Torreense";"Segunda Liga";"Résultat du match";"Torreense gagne";"3";"William Hill";"1";"5";"recent_results";"0";"5";"Non"
"737";"football:1576501:1:Away:8:public-demo-replay-2026-10-08";"Tondela — Torreense";"Segunda Liga";"Résultat du match";"Torreense gagne";"3.1";"Bet365";"1";"5";"recent_results";"0";"5";"Non"
"738";"football:1576501:1:Home:11:public-demo-replay-2026-10-08";"Tondela — Torreense";"Segunda Liga";"Résultat du match";"Tondela gagne";"2.32";"1xBet";"2";"4";"recent_results | standing";"0";"5";"Non"
"739";"football:1576501:1:Home:2:public-demo-replay-2026-10-08";"Tondela — Torreense";"Segunda Liga";"Résultat du match";"Tondela gagne";"2.3";"Marathonbet";"2";"4";"recent_results | standing";"0";"5";"Non"
"740";"football:1576501:1:Home:3:public-demo-replay-2026-10-08";"Tondela — Torreense";"Segunda Liga";"Résultat du match";"Tondela gagne";"2.2";"Betfair";"2";"4";"recent_results | standing";"0";"5";"Non"
"741";"football:1576501:1:Home:32:public-demo-replay-2026-10-08";"Tondela — Torreense";"Segunda Liga";"Résultat du match";"Tondela gagne";"2.35";"Betano";"2";"4";"recent_results | standing";"0";"5";"Non"
"742";"football:1576501:1:Home:36:public-demo-replay-2026-10-08";"Tondela — Torreense";"Segunda Liga";"Résultat du match";"Tondela gagne";"2.25";"BetVictor";"2";"4";"recent_results | standing";"0";"5";"Non"
"743";"football:1576501:1:Home:4:public-demo-replay-2026-10-08";"Tondela — Torreense";"Segunda Liga";"Résultat du match";"Tondela gagne";"2.34";"Pinnacle";"2";"4";"recent_results | standing";"0";"5";"Non"
"744";"football:1576501:1:Home:5:public-demo-replay-2026-10-08";"Tondela — Torreense";"Segunda Liga";"Résultat du match";"Tondela gagne";"2.15";"SBO";"2";"4";"recent_results | standing";"0";"5";"Non"
"745";"football:1576501:1:Home:7:public-demo-replay-2026-10-08";"Tondela — Torreense";"Segunda Liga";"Résultat du match";"Tondela gagne";"2.3";"William Hill";"2";"4";"recent_results | standing";"0";"5";"Non"
"746";"football:1576501:1:Home:8:public-demo-replay-2026-10-08";"Tondela — Torreense";"Segunda Liga";"Résultat du match";"Tondela gagne";"2.25";"Bet365";"2";"4";"recent_results | standing";"0";"5";"Non"
"747";"football:1576501:12:Draw/Away:11:public-demo-replay-2026-10-08";"Tondela — Torreense";"Segunda Liga";"Double chance";"Torreense ou nul";"1.54";"1xBet";"1";"5";"recent_results";"0";"5";"Non"
"748";"football:1576501:12:Draw/Away:2:public-demo-replay-2026-10-08";"Tondela — Torreense";"Segunda Liga";"Double chance";"Torreense ou nul";"1.54";"Marathonbet";"1";"5";"recent_results";"0";"5";"Non"
"749";"football:1576501:12:Draw/Away:3:public-demo-replay-2026-10-08";"Tondela — Torreense";"Segunda Liga";"Double chance";"Torreense ou nul";"1.53";"Betfair";"1";"5";"recent_results";"0";"5";"Non"
"750";"football:1576501:12:Draw/Away:32:public-demo-replay-2026-10-08";"Tondela — Torreense";"Segunda Liga";"Double chance";"Torreense ou nul";"1.62";"Betano";"1";"5";"recent_results";"0";"5";"Non"
"751";"football:1576501:12:Draw/Away:36:public-demo-replay-2026-10-08";"Tondela — Torreense";"Segunda Liga";"Double chance";"Torreense ou nul";"1.53";"BetVictor";"1";"5";"recent_results";"0";"5";"Non"
"752";"football:1576501:12:Draw/Away:5:public-demo-replay-2026-10-08";"Tondela — Torreense";"Segunda Liga";"Double chance";"Torreense ou nul";"1.49";"SBO";"1";"5";"recent_results";"0";"5";"Non"
"753";"football:1576501:12:Draw/Away:7:public-demo-replay-2026-10-08";"Tondela — Torreense";"Segunda Liga";"Double chance";"Torreense ou nul";"1.57";"William Hill";"1";"5";"recent_results";"0";"5";"Non"
"754";"football:1576501:12:Draw/Away:8:public-demo-replay-2026-10-08";"Tondela — Torreense";"Segunda Liga";"Double chance";"Torreense ou nul";"1.62";"Bet365";"1";"5";"recent_results";"0";"5";"Non"
"755";"football:1576501:12:Home/Draw:11:public-demo-replay-2026-10-08";"Tondela — Torreense";"Segunda Liga";"Double chance";"Tondela ou nul";"1.33";"1xBet";"2";"4";"recent_results | standing";"0";"5";"Non"
"756";"football:1576501:12:Home/Draw:2:public-demo-replay-2026-10-08";"Tondela — Torreense";"Segunda Liga";"Double chance";"Tondela ou nul";"1.33";"Marathonbet";"2";"4";"recent_results | standing";"0";"5";"Non"
"757";"football:1576501:12:Home/Draw:3:public-demo-replay-2026-10-08";"Tondela — Torreense";"Segunda Liga";"Double chance";"Tondela ou nul";"1.33";"Betfair";"2";"4";"recent_results | standing";"0";"5";"Non"
"758";"football:1576501:12:Home/Draw:32:public-demo-replay-2026-10-08";"Tondela — Torreense";"Segunda Liga";"Double chance";"Tondela ou nul";"1.4";"Betano";"2";"4";"recent_results | standing";"0";"5";"Non"
"759";"football:1576501:12:Home/Draw:36:public-demo-replay-2026-10-08";"Tondela — Torreense";"Segunda Liga";"Double chance";"Tondela ou nul";"1.33";"BetVictor";"2";"4";"recent_results | standing";"0";"5";"Non"
"760";"football:1576501:12:Home/Draw:5:public-demo-replay-2026-10-08";"Tondela — Torreense";"Segunda Liga";"Double chance";"Tondela ou nul";"1.29";"SBO";"2";"4";"recent_results | standing";"0";"5";"Non"
"761";"football:1576501:12:Home/Draw:7:public-demo-replay-2026-10-08";"Tondela — Torreense";"Segunda Liga";"Double chance";"Tondela ou nul";"1.35";"William Hill";"2";"4";"recent_results | standing";"0";"5";"Non"
"762";"football:1576501:12:Home/Draw:8:public-demo-replay-2026-10-08";"Tondela — Torreense";"Segunda Liga";"Double chance";"Tondela ou nul";"1.36";"Bet365";"2";"4";"recent_results | standing";"0";"5";"Non"
"763";"football:1576193:1:Home:11:public-demo-replay-2026-10-08";"1. FC Magdeburg — Hannover 96";"2. Bundesliga";"Résultat du match";"1. FC Magdeburg gagne";"2.55";"1xBet";"2";"2";"recent_results | standing";"0";"5";"Non"
"764";"football:1576193:1:Home:2:public-demo-replay-2026-10-08";"1. FC Magdeburg — Hannover 96";"2. Bundesliga";"Résultat du match";"1. FC Magdeburg gagne";"2.55";"Marathonbet";"2";"2";"recent_results | standing";"0";"5";"Non"
"765";"football:1576193:1:Home:3:public-demo-replay-2026-10-08";"1. FC Magdeburg — Hannover 96";"2. Bundesliga";"Résultat du match";"1. FC Magdeburg gagne";"2.55";"Betfair";"2";"2";"recent_results | standing";"0";"5";"Non"
"766";"football:1576193:1:Home:32:public-demo-replay-2026-10-08";"1. FC Magdeburg — Hannover 96";"2. Bundesliga";"Résultat du match";"1. FC Magdeburg gagne";"2.65";"Betano";"2";"2";"recent_results | standing";"0";"5";"Non"
"767";"football:1576193:1:Home:36:public-demo-replay-2026-10-08";"1. FC Magdeburg — Hannover 96";"2. Bundesliga";"Résultat du match";"1. FC Magdeburg gagne";"2.45";"BetVictor";"2";"2";"recent_results | standing";"0";"5";"Non"
"768";"football:1576193:1:Home:4:public-demo-replay-2026-10-08";"1. FC Magdeburg — Hannover 96";"2. Bundesliga";"Résultat du match";"1. FC Magdeburg gagne";"2.52";"Pinnacle";"2";"2";"recent_results | standing";"0";"5";"Non"
"769";"football:1576193:1:Home:5:public-demo-replay-2026-10-08";"1. FC Magdeburg — Hannover 96";"2. Bundesliga";"Résultat du match";"1. FC Magdeburg gagne";"2.34";"SBO";"2";"2";"recent_results | standing";"0";"5";"Non"
"770";"football:1576193:1:Home:7:public-demo-replay-2026-10-08";"1. FC Magdeburg — Hannover 96";"2. Bundesliga";"Résultat du match";"1. FC Magdeburg gagne";"2.45";"William Hill";"2";"2";"recent_results | standing";"0";"5";"Non"
"771";"football:1576193:1:Home:8:public-demo-replay-2026-10-08";"1. FC Magdeburg — Hannover 96";"2. Bundesliga";"Résultat du match";"1. FC Magdeburg gagne";"2.45";"Bet365";"2";"2";"recent_results | standing";"0";"5";"Non"
"772";"football:1576193:1:Home:9:public-demo-replay-2026-10-08";"1. FC Magdeburg — Hannover 96";"2. Bundesliga";"Résultat du match";"1. FC Magdeburg gagne";"2.6";"Dafabet";"2";"2";"recent_results | standing";"0";"5";"Non"
"773";"football:1576193:12:Home/Draw:11:public-demo-replay-2026-10-08";"1. FC Magdeburg — Hannover 96";"2. Bundesliga";"Double chance";"1. FC Magdeburg ou nul";"1.55";"1xBet";"2";"2";"recent_results | standing";"0";"5";"Non"
"774";"football:1576193:12:Home/Draw:2:public-demo-replay-2026-10-08";"1. FC Magdeburg — Hannover 96";"2. Bundesliga";"Double chance";"1. FC Magdeburg ou nul";"1.55";"Marathonbet";"2";"2";"recent_results | standing";"0";"5";"Non"
"775";"football:1576193:12:Home/Draw:3:public-demo-replay-2026-10-08";"1. FC Magdeburg — Hannover 96";"2. Bundesliga";"Double chance";"1. FC Magdeburg ou nul";"1.57";"Betfair";"2";"2";"recent_results | standing";"0";"5";"Non"
"776";"football:1576193:12:Home/Draw:32:public-demo-replay-2026-10-08";"1. FC Magdeburg — Hannover 96";"2. Bundesliga";"Double chance";"1. FC Magdeburg ou nul";"1.6";"Betano";"2";"2";"recent_results | standing";"0";"5";"Non"
"777";"football:1576193:12:Home/Draw:36:public-demo-replay-2026-10-08";"1. FC Magdeburg — Hannover 96";"2. Bundesliga";"Double chance";"1. FC Magdeburg ou nul";"1.5";"BetVictor";"2";"2";"recent_results | standing";"0";"5";"Non"
"778";"football:1576193:12:Home/Draw:5:public-demo-replay-2026-10-08";"1. FC Magdeburg — Hannover 96";"2. Bundesliga";"Double chance";"1. FC Magdeburg ou nul";"1.48";"SBO";"2";"2";"recent_results | standing";"0";"5";"Non"
"779";"football:1576193:12:Home/Draw:7:public-demo-replay-2026-10-08";"1. FC Magdeburg — Hannover 96";"2. Bundesliga";"Double chance";"1. FC Magdeburg ou nul";"1.55";"William Hill";"2";"2";"recent_results | standing";"0";"5";"Non"
"780";"football:1576193:12:Home/Draw:8:public-demo-replay-2026-10-08";"1. FC Magdeburg — Hannover 96";"2. Bundesliga";"Double chance";"1. FC Magdeburg ou nul";"1.57";"Bet365";"2";"2";"recent_results | standing";"0";"5";"Non"
"781";"football:1576196:1:Home:11:public-demo-replay-2026-10-08";"VfL Osnabrück — Dynamo Dresden";"2. Bundesliga";"Résultat du match";"VfL Osnabrück gagne";"2.59";"1xBet";"2";"6";"recent_results | standing";"0";"5";"Non"
"782";"football:1576196:1:Home:2:public-demo-replay-2026-10-08";"VfL Osnabrück — Dynamo Dresden";"2. Bundesliga";"Résultat du match";"VfL Osnabrück gagne";"2.59";"Marathonbet";"2";"6";"recent_results | standing";"0";"5";"Non"
"783";"football:1576196:1:Home:3:public-demo-replay-2026-10-08";"VfL Osnabrück — Dynamo Dresden";"2. Bundesliga";"Résultat du match";"VfL Osnabrück gagne";"2.63";"Betfair";"2";"6";"recent_results | standing";"0";"5";"Non"
"784";"football:1576196:1:Home:32:public-demo-replay-2026-10-08";"VfL Osnabrück — Dynamo Dresden";"2. Bundesliga";"Résultat du match";"VfL Osnabrück gagne";"2.67";"Betano";"2";"6";"recent_results | standing";"0";"5";"Non"
"785";"football:1576196:1:Home:36:public-demo-replay-2026-10-08";"VfL Osnabrück — Dynamo Dresden";"2. Bundesliga";"Résultat du match";"VfL Osnabrück gagne";"2.55";"BetVictor";"2";"6";"recent_results | standing";"0";"5";"Non"
"786";"football:1576196:1:Home:4:public-demo-replay-2026-10-08";"VfL Osnabrück — Dynamo Dresden";"2. Bundesliga";"Résultat du match";"VfL Osnabrück gagne";"2.65";"Pinnacle";"2";"6";"recent_results | standing";"0";"5";"Non"
"787";"football:1576196:1:Home:5:public-demo-replay-2026-10-08";"VfL Osnabrück — Dynamo Dresden";"2. Bundesliga";"Résultat du match";"VfL Osnabrück gagne";"2.46";"SBO";"2";"6";"recent_results | standing";"0";"5";"Non"
"788";"football:1576196:1:Home:7:public-demo-replay-2026-10-08";"VfL Osnabrück — Dynamo Dresden";"2. Bundesliga";"Résultat du match";"VfL Osnabrück gagne";"2.62";"William Hill";"2";"6";"recent_results | standing";"0";"5";"Non"
"789";"football:1576196:1:Home:8:public-demo-replay-2026-10-08";"VfL Osnabrück — Dynamo Dresden";"2. Bundesliga";"Résultat du match";"VfL Osnabrück gagne";"2.55";"Bet365";"2";"6";"recent_results | standing";"0";"5";"Non"
"790";"football:1576196:1:Home:9:public-demo-replay-2026-10-08";"VfL Osnabrück — Dynamo Dresden";"2. Bundesliga";"Résultat du match";"VfL Osnabrück gagne";"2.65";"Dafabet";"2";"6";"recent_results | standing";"0";"5";"Non"
"791";"football:1576196:12:Home/Draw:11:public-demo-replay-2026-10-08";"VfL Osnabrück — Dynamo Dresden";"2. Bundesliga";"Double chance";"VfL Osnabrück ou nul";"1.53";"1xBet";"2";"6";"recent_results | standing";"0";"5";"Non"
"792";"football:1576196:12:Home/Draw:2:public-demo-replay-2026-10-08";"VfL Osnabrück — Dynamo Dresden";"2. Bundesliga";"Double chance";"VfL Osnabrück ou nul";"1.53";"Marathonbet";"2";"6";"recent_results | standing";"0";"5";"Non"
"793";"football:1576196:12:Home/Draw:3:public-demo-replay-2026-10-08";"VfL Osnabrück — Dynamo Dresden";"2. Bundesliga";"Double chance";"VfL Osnabrück ou nul";"1.57";"Betfair";"2";"6";"recent_results | standing";"0";"5";"Non"
"794";"football:1576196:12:Home/Draw:32:public-demo-replay-2026-10-08";"VfL Osnabrück — Dynamo Dresden";"2. Bundesliga";"Double chance";"VfL Osnabrück ou nul";"1.57";"Betano";"2";"6";"recent_results | standing";"0";"5";"Non"
"795";"football:1576196:12:Home/Draw:36:public-demo-replay-2026-10-08";"VfL Osnabrück — Dynamo Dresden";"2. Bundesliga";"Double chance";"VfL Osnabrück ou nul";"1.5";"BetVictor";"2";"6";"recent_results | standing";"0";"5";"Non"
"796";"football:1576196:12:Home/Draw:5:public-demo-replay-2026-10-08";"VfL Osnabrück — Dynamo Dresden";"2. Bundesliga";"Double chance";"VfL Osnabrück ou nul";"1.49";"SBO";"2";"6";"recent_results | standing";"0";"5";"Non"
"797";"football:1576196:12:Home/Draw:7:public-demo-replay-2026-10-08";"VfL Osnabrück — Dynamo Dresden";"2. Bundesliga";"Double chance";"VfL Osnabrück ou nul";"1.53";"William Hill";"2";"6";"recent_results | standing";"0";"5";"Non"
"798";"football:1576196:12:Home/Draw:8:public-demo-replay-2026-10-08";"VfL Osnabrück — Dynamo Dresden";"2. Bundesliga";"Double chance";"VfL Osnabrück ou nul";"1.53";"Bet365";"2";"6";"recent_results | standing";"0";"5";"Non"
"799";"football:1557417:1:Away:11:public-demo-replay-2026-10-08";"Arsenal — Leeds";"Premier League";"Résultat du match";"Leeds gagne";"8.2";"1xBet";"1";"7";"recent_results";"0";"5";"Non"
"800";"football:1557417:1:Away:2:public-demo-replay-2026-10-08";"Arsenal — Leeds";"Premier League";"Résultat du match";"Leeds gagne";"8";"Marathonbet";"1";"7";"recent_results";"0";"5";"Non"
"801";"football:1557417:1:Away:3:public-demo-replay-2026-10-08";"Arsenal — Leeds";"Premier League";"Résultat du match";"Leeds gagne";"8";"Betfair";"1";"7";"recent_results";"0";"5";"Non"
"802";"football:1557417:1:Away:32:public-demo-replay-2026-10-08";"Arsenal — Leeds";"Premier League";"Résultat du match";"Leeds gagne";"7.7";"Betano";"1";"7";"recent_results";"0";"5";"Non"
"803";"football:1557417:1:Away:36:public-demo-replay-2026-10-08";"Arsenal — Leeds";"Premier League";"Résultat du match";"Leeds gagne";"8";"BetVictor";"1";"7";"recent_results";"0";"5";"Non"
"804";"football:1557417:1:Away:4:public-demo-replay-2026-10-08";"Arsenal — Leeds";"Premier League";"Résultat du match";"Leeds gagne";"8.07";"Pinnacle";"1";"7";"recent_results";"0";"5";"Non"
"805";"football:1557417:1:Away:5:public-demo-replay-2026-10-08";"Arsenal — Leeds";"Premier League";"Résultat du match";"Leeds gagne";"7.24";"SBO";"1";"7";"recent_results";"0";"5";"Non"
"806";"football:1557417:1:Away:7:public-demo-replay-2026-10-08";"Arsenal — Leeds";"Premier League";"Résultat du match";"Leeds gagne";"7";"William Hill";"1";"7";"recent_results";"0";"5";"Non"
"807";"football:1557417:1:Away:8:public-demo-replay-2026-10-08";"Arsenal — Leeds";"Premier League";"Résultat du match";"Leeds gagne";"8.5";"Bet365";"1";"7";"recent_results";"0";"5";"Non"
"808";"football:1557417:1:Home:11:public-demo-replay-2026-10-08";"Arsenal — Leeds";"Premier League";"Résultat du match";"Arsenal gagne";"1.44";"1xBet";"2";"6";"recent_results | standing";"0";"5";"Non"
"809";"football:1557417:1:Home:2:public-demo-replay-2026-10-08";"Arsenal — Leeds";"Premier League";"Résultat du match";"Arsenal gagne";"1.4";"Marathonbet";"2";"6";"recent_results | standing";"0";"5";"Non"
"810";"football:1557417:1:Home:3:public-demo-replay-2026-10-08";"Arsenal — Leeds";"Premier League";"Résultat du match";"Arsenal gagne";"1.33";"Betfair";"2";"6";"recent_results | standing";"0";"5";"Non"
"811";"football:1557417:1:Home:32:public-demo-replay-2026-10-08";"Arsenal — Leeds";"Premier League";"Résultat du match";"Arsenal gagne";"1.4";"Betano";"2";"6";"recent_results | standing";"0";"5";"Non"
"812";"football:1557417:1:Home:36:public-demo-replay-2026-10-08";"Arsenal — Leeds";"Premier League";"Résultat du match";"Arsenal gagne";"1.36";"BetVictor";"2";"6";"recent_results | standing";"0";"5";"Non"
"813";"football:1557417:1:Home:4:public-demo-replay-2026-10-08";"Arsenal — Leeds";"Premier League";"Résultat du match";"Arsenal gagne";"1.39";"Pinnacle";"2";"6";"recent_results | standing";"0";"5";"Non"
"814";"football:1557417:1:Home:5:public-demo-replay-2026-10-08";"Arsenal — Leeds";"Premier League";"Résultat du match";"Arsenal gagne";"1.33";"SBO";"2";"6";"recent_results | standing";"0";"5";"Non"
"815";"football:1557417:1:Home:7:public-demo-replay-2026-10-08";"Arsenal — Leeds";"Premier League";"Résultat du match";"Arsenal gagne";"1.4";"William Hill";"2";"6";"recent_results | standing";"0";"5";"Non"
"816";"football:1557417:1:Home:8:public-demo-replay-2026-10-08";"Arsenal — Leeds";"Premier League";"Résultat du match";"Arsenal gagne";"1.36";"Bet365";"2";"6";"recent_results | standing";"0";"5";"Non"
"817";"football:1557417:12:Draw/Away:11:public-demo-replay-2026-10-08";"Arsenal — Leeds";"Premier League";"Double chance";"Leeds ou nul";"3.02";"1xBet";"1";"7";"recent_results";"0";"5";"Non"
"818";"football:1557417:12:Draw/Away:2:public-demo-replay-2026-10-08";"Arsenal — Leeds";"Premier League";"Double chance";"Leeds ou nul";"3.05";"Marathonbet";"1";"7";"recent_results";"0";"5";"Non"
"819";"football:1557417:12:Draw/Away:3:public-demo-replay-2026-10-08";"Arsenal — Leeds";"Premier League";"Double chance";"Leeds ou nul";"3";"Betfair";"1";"7";"recent_results";"0";"5";"Non"
"820";"football:1557417:12:Draw/Away:32:public-demo-replay-2026-10-08";"Arsenal — Leeds";"Premier League";"Double chance";"Leeds ou nul";"3.05";"Betano";"1";"7";"recent_results";"0";"5";"Non"
"821";"football:1557417:12:Draw/Away:36:public-demo-replay-2026-10-08";"Arsenal — Leeds";"Premier League";"Double chance";"Leeds ou nul";"2.88";"BetVictor";"1";"7";"recent_results";"0";"5";"Non"
"822";"football:1557417:12:Draw/Away:5:public-demo-replay-2026-10-08";"Arsenal — Leeds";"Premier League";"Double chance";"Leeds ou nul";"2.95";"SBO";"1";"7";"recent_results";"0";"5";"Non"
"823";"football:1557417:12:Draw/Away:7:public-demo-replay-2026-10-08";"Arsenal — Leeds";"Premier League";"Double chance";"Leeds ou nul";"2.9";"William Hill";"1";"7";"recent_results";"0";"5";"Non"
"824";"football:1557417:12:Draw/Away:8:public-demo-replay-2026-10-08";"Arsenal — Leeds";"Premier League";"Double chance";"Leeds ou nul";"3";"Bet365";"1";"7";"recent_results";"0";"5";"Non"
"825";"football:1557417:12:Home/Draw:11:public-demo-replay-2026-10-08";"Arsenal — Leeds";"Premier League";"Double chance";"Arsenal ou nul";"1.09";"1xBet";"2";"6";"recent_results | standing";"0";"5";"Non"
"826";"football:1557417:12:Home/Draw:2:public-demo-replay-2026-10-08";"Arsenal — Leeds";"Premier League";"Double chance";"Arsenal ou nul";"1.09";"Marathonbet";"2";"6";"recent_results | standing";"0";"5";"Non"
"827";"football:1557417:12:Home/Draw:3:public-demo-replay-2026-10-08";"Arsenal — Leeds";"Premier League";"Double chance";"Arsenal ou nul";"1.06";"Betfair";"2";"6";"recent_results | standing";"0";"5";"Non"
"828";"football:1557417:12:Home/Draw:32:public-demo-replay-2026-10-08";"Arsenal — Leeds";"Premier League";"Double chance";"Arsenal ou nul";"1.11";"Betano";"2";"6";"recent_results | standing";"0";"5";"Non"
"829";"football:1557417:12:Home/Draw:36:public-demo-replay-2026-10-08";"Arsenal — Leeds";"Premier League";"Double chance";"Arsenal ou nul";"1.1";"BetVictor";"2";"6";"recent_results | standing";"0";"5";"Non"
"830";"football:1557417:12:Home/Draw:5:public-demo-replay-2026-10-08";"Arsenal — Leeds";"Premier League";"Double chance";"Arsenal ou nul";"1.04";"SBO";"2";"6";"recent_results | standing";"0";"5";"Non"
"831";"football:1557417:12:Home/Draw:7:public-demo-replay-2026-10-08";"Arsenal — Leeds";"Premier League";"Double chance";"Arsenal ou nul";"1.1";"William Hill";"2";"6";"recent_results | standing";"0";"5";"Non"
"832";"football:1557417:12:Home/Draw:8:public-demo-replay-2026-10-08";"Arsenal — Leeds";"Premier League";"Double chance";"Arsenal ou nul";"1.1";"Bet365";"2";"6";"recent_results | standing";"0";"5";"Non"
"833";"football:1563181:1:Away:11:public-demo-replay-2026-10-08";"Charlton — Bristol City";"Championship";"Résultat du match";"Bristol City gagne";"2.26";"1xBet";"2";"3";"recent_results | standing";"0";"5";"Non"
"834";"football:1563181:1:Away:2:public-demo-replay-2026-10-08";"Charlton — Bristol City";"Championship";"Résultat du match";"Bristol City gagne";"2.24";"Marathonbet";"2";"3";"recent_results | standing";"0";"5";"Non"
"835";"football:1563181:1:Away:3:public-demo-replay-2026-10-08";"Charlton — Bristol City";"Championship";"Résultat du match";"Bristol City gagne";"2.3";"Betfair";"2";"3";"recent_results | standing";"0";"5";"Non"
"836";"football:1563181:1:Away:32:public-demo-replay-2026-10-08";"Charlton — Bristol City";"Championship";"Résultat du match";"Bristol City gagne";"2.27";"Betano";"2";"3";"recent_results | standing";"0";"5";"Non"
"837";"football:1563181:1:Away:36:public-demo-replay-2026-10-08";"Charlton — Bristol City";"Championship";"Résultat du match";"Bristol City gagne";"2.2";"BetVictor";"2";"3";"recent_results | standing";"0";"5";"Non"
"838";"football:1563181:1:Away:4:public-demo-replay-2026-10-08";"Charlton — Bristol City";"Championship";"Résultat du match";"Bristol City gagne";"2.28";"Pinnacle";"2";"3";"recent_results | standing";"0";"5";"Non"
"839";"football:1563181:1:Away:5:public-demo-replay-2026-10-08";"Charlton — Bristol City";"Championship";"Résultat du match";"Bristol City gagne";"2.08";"SBO";"2";"3";"recent_results | standing";"0";"5";"Non"
"840";"football:1563181:1:Away:7:public-demo-replay-2026-10-08";"Charlton — Bristol City";"Championship";"Résultat du match";"Bristol City gagne";"2.25";"William Hill";"2";"3";"recent_results | standing";"0";"5";"Non"
"841";"football:1563181:1:Away:8:public-demo-replay-2026-10-08";"Charlton — Bristol City";"Championship";"Résultat du match";"Bristol City gagne";"2.25";"Bet365";"2";"3";"recent_results | standing";"0";"5";"Non"
"842";"football:1563181:1:Away:9:public-demo-replay-2026-10-08";"Charlton — Bristol City";"Championship";"Résultat du match";"Bristol City gagne";"2.31";"Dafabet";"2";"3";"recent_results | standing";"0";"5";"Non"
"843";"football:1563181:12:Draw/Away:11:public-demo-replay-2026-10-08";"Charlton — Bristol City";"Championship";"Double chance";"Bristol City ou nul";"1.33";"1xBet";"2";"3";"recent_results | standing";"0";"5";"Non"
"844";"football:1563181:12:Draw/Away:2:public-demo-replay-2026-10-08";"Charlton — Bristol City";"Championship";"Double chance";"Bristol City ou nul";"1.33";"Marathonbet";"2";"3";"recent_results | standing";"0";"5";"Non"
"845";"football:1563181:12:Draw/Away:3:public-demo-replay-2026-10-08";"Charlton — Bristol City";"Championship";"Double chance";"Bristol City ou nul";"1.33";"Betfair";"2";"3";"recent_results | standing";"0";"5";"Non"
"846";"football:1563181:12:Draw/Away:32:public-demo-replay-2026-10-08";"Charlton — Bristol City";"Championship";"Double chance";"Bristol City ou nul";"1.37";"Betano";"2";"3";"recent_results | standing";"0";"5";"Non"
"847";"football:1563181:12:Draw/Away:36:public-demo-replay-2026-10-08";"Charlton — Bristol City";"Championship";"Double chance";"Bristol City ou nul";"1.33";"BetVictor";"2";"3";"recent_results | standing";"0";"5";"Non"
"848";"football:1563181:12:Draw/Away:5:public-demo-replay-2026-10-08";"Charlton — Bristol City";"Championship";"Double chance";"Bristol City ou nul";"1.29";"SBO";"2";"3";"recent_results | standing";"0";"5";"Non"
"849";"football:1563181:12:Draw/Away:7:public-demo-replay-2026-10-08";"Charlton — Bristol City";"Championship";"Double chance";"Bristol City ou nul";"1.33";"William Hill";"2";"3";"recent_results | standing";"0";"5";"Non"
"850";"football:1563181:12:Draw/Away:8:public-demo-replay-2026-10-08";"Charlton — Bristol City";"Championship";"Double chance";"Bristol City ou nul";"1.36";"Bet365";"2";"3";"recent_results | standing";"0";"5";"Non"
"851";"football:1563189:1:Away:11:public-demo-replay-2026-10-08";"West Brom — Birmingham";"Championship";"Résultat du match";"Birmingham gagne";"2.96";"1xBet";"1";"8";"recent_results";"0";"5";"Non"
"852";"football:1563189:1:Away:2:public-demo-replay-2026-10-08";"West Brom — Birmingham";"Championship";"Résultat du match";"Birmingham gagne";"2.95";"Marathonbet";"1";"8";"recent_results";"0";"5";"Non"
"853";"football:1563189:1:Away:3:public-demo-replay-2026-10-08";"West Brom — Birmingham";"Championship";"Résultat du match";"Birmingham gagne";"2.9";"Betfair";"1";"8";"recent_results";"0";"5";"Non"
"854";"football:1563189:1:Away:32:public-demo-replay-2026-10-08";"West Brom — Birmingham";"Championship";"Résultat du match";"Birmingham gagne";"2.87";"Betano";"1";"8";"recent_results";"0";"5";"Non"
"855";"football:1563189:1:Away:36:public-demo-replay-2026-10-08";"West Brom — Birmingham";"Championship";"Résultat du match";"Birmingham gagne";"2.88";"BetVictor";"1";"8";"recent_results";"0";"5";"Non"
"856";"football:1563189:1:Away:4:public-demo-replay-2026-10-08";"West Brom — Birmingham";"Championship";"Résultat du match";"Birmingham gagne";"2.95";"Pinnacle";"1";"8";"recent_results";"0";"5";"Non"
"857";"football:1563189:1:Away:5:public-demo-replay-2026-10-08";"West Brom — Birmingham";"Championship";"Résultat du match";"Birmingham gagne";"2.76";"SBO";"1";"8";"recent_results";"0";"5";"Non"
"858";"football:1563189:1:Away:7:public-demo-replay-2026-10-08";"West Brom — Birmingham";"Championship";"Résultat du match";"Birmingham gagne";"2.9";"William Hill";"1";"8";"recent_results";"0";"5";"Non"
"859";"football:1563189:1:Away:8:public-demo-replay-2026-10-08";"West Brom — Birmingham";"Championship";"Résultat du match";"Birmingham gagne";"3";"Bet365";"1";"8";"recent_results";"0";"5";"Non"
"860";"football:1563189:1:Away:9:public-demo-replay-2026-10-08";"West Brom — Birmingham";"Championship";"Résultat du match";"Birmingham gagne";"3";"Dafabet";"1";"8";"recent_results";"0";"5";"Non"
"861";"football:1563189:1:Home:11:public-demo-replay-2026-10-08";"West Brom — Birmingham";"Championship";"Résultat du match";"West Brom gagne";"2.28";"1xBet";"2";"7";"recent_results | standing";"0";"5";"Non"
"862";"football:1563189:1:Home:2:public-demo-replay-2026-10-08";"West Brom — Birmingham";"Championship";"Résultat du match";"West Brom gagne";"2.26";"Marathonbet";"2";"7";"recent_results | standing";"0";"5";"Non"
"863";"football:1563189:1:Home:3:public-demo-replay-2026-10-08";"West Brom — Birmingham";"Championship";"Résultat du match";"West Brom gagne";"2.3";"Betfair";"2";"7";"recent_results | standing";"0";"5";"Non"
"864";"football:1563189:1:Home:32:public-demo-replay-2026-10-08";"West Brom — Birmingham";"Championship";"Résultat du match";"West Brom gagne";"2.4";"Betano";"2";"7";"recent_results | standing";"0";"5";"Non"
"865";"football:1563189:1:Home:36:public-demo-replay-2026-10-08";"West Brom — Birmingham";"Championship";"Résultat du match";"West Brom gagne";"2.3";"BetVictor";"2";"7";"recent_results | standing";"0";"5";"Non"
"866";"football:1563189:1:Home:4:public-demo-replay-2026-10-08";"West Brom — Birmingham";"Championship";"Résultat du match";"West Brom gagne";"2.39";"Pinnacle";"2";"7";"recent_results | standing";"0";"5";"Non"
"867";"football:1563189:1:Home:5:public-demo-replay-2026-10-08";"West Brom — Birmingham";"Championship";"Résultat du match";"West Brom gagne";"2.17";"SBO";"2";"7";"recent_results | standing";"0";"5";"Non"
"868";"football:1563189:1:Home:7:public-demo-replay-2026-10-08";"West Brom — Birmingham";"Championship";"Résultat du match";"West Brom gagne";"2.3";"William Hill";"2";"7";"recent_results | standing";"0";"5";"Non"
"869";"football:1563189:1:Home:8:public-demo-replay-2026-10-08";"West Brom — Birmingham";"Championship";"Résultat du match";"West Brom gagne";"2.35";"Bet365";"2";"7";"recent_results | standing";"0";"5";"Non"
"870";"football:1563189:1:Home:9:public-demo-replay-2026-10-08";"West Brom — Birmingham";"Championship";"Résultat du match";"West Brom gagne";"2.37";"Dafabet";"2";"7";"recent_results | standing";"0";"5";"Non"
"871";"football:1563189:12:Draw/Away:11:public-demo-replay-2026-10-08";"West Brom — Birmingham";"Championship";"Double chance";"Birmingham ou nul";"1.59";"1xBet";"1";"8";"recent_results";"0";"5";"Non"
"872";"football:1563189:12:Draw/Away:2:public-demo-replay-2026-10-08";"West Brom — Birmingham";"Championship";"Double chance";"Birmingham ou nul";"1.59";"Marathonbet";"1";"8";"recent_results";"0";"5";"Non"
"873";"football:1563189:12:Draw/Away:3:public-demo-replay-2026-10-08";"West Brom — Birmingham";"Championship";"Double chance";"Birmingham ou nul";"1.57";"Betfair";"1";"8";"recent_results";"0";"5";"Non"
"874";"football:1563189:12:Draw/Away:32:public-demo-replay-2026-10-08";"West Brom — Birmingham";"Championship";"Double chance";"Birmingham ou nul";"1.6";"Betano";"1";"8";"recent_results";"0";"5";"Non"
"875";"football:1563189:12:Draw/Away:36:public-demo-replay-2026-10-08";"West Brom — Birmingham";"Championship";"Double chance";"Birmingham ou nul";"1.53";"BetVictor";"1";"8";"recent_results";"0";"5";"Non"
"876";"football:1563189:12:Draw/Away:5:public-demo-replay-2026-10-08";"West Brom — Birmingham";"Championship";"Double chance";"Birmingham ou nul";"1.54";"SBO";"1";"8";"recent_results";"0";"5";"Non"
"877";"football:1563189:12:Draw/Away:7:public-demo-replay-2026-10-08";"West Brom — Birmingham";"Championship";"Double chance";"Birmingham ou nul";"1.6";"William Hill";"1";"8";"recent_results";"0";"5";"Non"
"878";"football:1563189:12:Draw/Away:8:public-demo-replay-2026-10-08";"West Brom — Birmingham";"Championship";"Double chance";"Birmingham ou nul";"1.57";"Bet365";"1";"8";"recent_results";"0";"5";"Non"
"879";"football:1563189:12:Home/Draw:11:public-demo-replay-2026-10-08";"West Brom — Birmingham";"Championship";"Double chance";"West Brom ou nul";"1.36";"1xBet";"2";"7";"recent_results | standing";"0";"5";"Non"
"880";"football:1563189:12:Home/Draw:2:public-demo-replay-2026-10-08";"West Brom — Birmingham";"Championship";"Double chance";"West Brom ou nul";"1.36";"Marathonbet";"2";"7";"recent_results | standing";"0";"5";"Non"
"881";"football:1563189:12:Home/Draw:3:public-demo-replay-2026-10-08";"West Brom — Birmingham";"Championship";"Double chance";"West Brom ou nul";"1.36";"Betfair";"2";"7";"recent_results | standing";"0";"5";"Non"
"882";"football:1563189:12:Home/Draw:32:public-demo-replay-2026-10-08";"West Brom — Birmingham";"Championship";"Double chance";"West Brom ou nul";"1.45";"Betano";"2";"7";"recent_results | standing";"0";"5";"Non"
"883";"football:1563189:12:Home/Draw:36:public-demo-replay-2026-10-08";"West Brom — Birmingham";"Championship";"Double chance";"West Brom ou nul";"1.36";"BetVictor";"2";"7";"recent_results | standing";"0";"5";"Non"
"884";"football:1563189:12:Home/Draw:5:public-demo-replay-2026-10-08";"West Brom — Birmingham";"Championship";"Double chance";"West Brom ou nul";"1.33";"SBO";"2";"7";"recent_results | standing";"0";"5";"Non"
"885";"football:1563189:12:Home/Draw:7:public-demo-replay-2026-10-08";"West Brom — Birmingham";"Championship";"Double chance";"West Brom ou nul";"1.36";"William Hill";"2";"7";"recent_results | standing";"0";"5";"Non"
"886";"football:1563189:12:Home/Draw:8:public-demo-replay-2026-10-08";"West Brom — Birmingham";"Championship";"Double chance";"West Brom ou nul";"1.36";"Bet365";"2";"7";"recent_results | standing";"0";"5";"Non"
"887";"football:1570410:1:Away:11:public-demo-replay-2026-10-08";"Rayo Vallecano — Athletic Club";"La Liga";"Résultat du match";"Athletic Club gagne";"2.53";"1xBet";"2";"6";"recent_results | standing";"0";"5";"Non"
"888";"football:1570410:1:Away:2:public-demo-replay-2026-10-08";"Rayo Vallecano — Athletic Club";"La Liga";"Résultat du match";"Athletic Club gagne";"2.46";"Marathonbet";"2";"6";"recent_results | standing";"0";"5";"Non"
"889";"football:1570410:1:Away:3:public-demo-replay-2026-10-08";"Rayo Vallecano — Athletic Club";"La Liga";"Résultat du match";"Athletic Club gagne";"2.55";"Betfair";"2";"6";"recent_results | standing";"0";"5";"Non"
"890";"football:1570410:1:Away:32:public-demo-replay-2026-10-08";"Rayo Vallecano — Athletic Club";"La Liga";"Résultat du match";"Athletic Club gagne";"2.35";"Betano";"2";"6";"recent_results | standing";"0";"5";"Non"
"891";"football:1570410:1:Away:36:public-demo-replay-2026-10-08";"Rayo Vallecano — Athletic Club";"La Liga";"Résultat du match";"Athletic Club gagne";"2.4";"BetVictor";"2";"6";"recent_results | standing";"0";"5";"Non"
"892";"football:1570410:1:Away:4:public-demo-replay-2026-10-08";"Rayo Vallecano — Athletic Club";"La Liga";"Résultat du match";"Athletic Club gagne";"2.61";"Pinnacle";"2";"6";"recent_results | standing";"0";"5";"Non"
"893";"football:1570410:1:Away:5:public-demo-replay-2026-10-08";"Rayo Vallecano — Athletic Club";"La Liga";"Résultat du match";"Athletic Club gagne";"2.36";"SBO";"2";"6";"recent_results | standing";"0";"5";"Non"
"894";"football:1570410:1:Away:7:public-demo-replay-2026-10-08";"Rayo Vallecano — Athletic Club";"La Liga";"Résultat du match";"Athletic Club gagne";"2.45";"William Hill";"2";"6";"recent_results | standing";"0";"5";"Non"
"895";"football:1570410:1:Away:8:public-demo-replay-2026-10-08";"Rayo Vallecano — Athletic Club";"La Liga";"Résultat du match";"Athletic Club gagne";"2.55";"Bet365";"2";"6";"recent_results | standing";"0";"5";"Non"
"896";"football:1570410:1:Home:11:public-demo-replay-2026-10-08";"Rayo Vallecano — Athletic Club";"La Liga";"Résultat du match";"Rayo Vallecano gagne";"2.99";"1xBet";"1";"7";"recent_results";"0";"5";"Non"
"897";"football:1570410:1:Home:2:public-demo-replay-2026-10-08";"Rayo Vallecano — Athletic Club";"La Liga";"Résultat du match";"Rayo Vallecano gagne";"2.91";"Marathonbet";"1";"7";"recent_results";"0";"5";"Non"
"898";"football:1570410:1:Home:3:public-demo-replay-2026-10-08";"Rayo Vallecano — Athletic Club";"La Liga";"Résultat du match";"Rayo Vallecano gagne";"2.7";"Betfair";"1";"7";"recent_results";"0";"5";"Non"
"899";"football:1570410:1:Home:32:public-demo-replay-2026-10-08";"Rayo Vallecano — Athletic Club";"La Liga";"Résultat du match";"Rayo Vallecano gagne";"3";"Betano";"1";"7";"recent_results";"0";"5";"Non"
"900";"football:1570410:1:Home:36:public-demo-replay-2026-10-08";"Rayo Vallecano — Athletic Club";"La Liga";"Résultat du match";"Rayo Vallecano gagne";"2.7";"BetVictor";"1";"7";"recent_results";"0";"5";"Non"
"901";"football:1570410:1:Home:4:public-demo-replay-2026-10-08";"Rayo Vallecano — Athletic Club";"La Liga";"Résultat du match";"Rayo Vallecano gagne";"2.85";"Pinnacle";"1";"7";"recent_results";"0";"5";"Non"
"902";"football:1570410:1:Home:5:public-demo-replay-2026-10-08";"Rayo Vallecano — Athletic Club";"La Liga";"Résultat du match";"Rayo Vallecano gagne";"2.68";"SBO";"1";"7";"recent_results";"0";"5";"Non"
"903";"football:1570410:1:Home:7:public-demo-replay-2026-10-08";"Rayo Vallecano — Athletic Club";"La Liga";"Résultat du match";"Rayo Vallecano gagne";"2.75";"William Hill";"1";"7";"recent_results";"0";"5";"Non"
"904";"football:1570410:1:Home:8:public-demo-replay-2026-10-08";"Rayo Vallecano — Athletic Club";"La Liga";"Résultat du match";"Rayo Vallecano gagne";"2.75";"Bet365";"1";"7";"recent_results";"0";"5";"Non"
"905";"football:1570410:12:Draw/Away:11:public-demo-replay-2026-10-08";"Rayo Vallecano — Athletic Club";"La Liga";"Double chance";"Athletic Club ou nul";"1.45";"1xBet";"2";"6";"recent_results | standing";"0";"5";"Non"
"906";"football:1570410:12:Draw/Away:2:public-demo-replay-2026-10-08";"Rayo Vallecano — Athletic Club";"La Liga";"Double chance";"Athletic Club ou nul";"1.44";"Marathonbet";"2";"6";"recent_results | standing";"0";"5";"Non"
"907";"football:1570410:12:Draw/Away:3:public-demo-replay-2026-10-08";"Rayo Vallecano — Athletic Club";"La Liga";"Double chance";"Athletic Club ou nul";"1.4";"Betfair";"2";"6";"recent_results | standing";"0";"5";"Non"
"908";"football:1570410:12:Draw/Away:32:public-demo-replay-2026-10-08";"Rayo Vallecano — Athletic Club";"La Liga";"Double chance";"Athletic Club ou nul";"1.42";"Betano";"2";"6";"recent_results | standing";"0";"5";"Non"
"909";"football:1570410:12:Draw/Away:36:public-demo-replay-2026-10-08";"Rayo Vallecano — Athletic Club";"La Liga";"Double chance";"Athletic Club ou nul";"1.4";"BetVictor";"2";"6";"recent_results | standing";"0";"5";"Non"
"910";"football:1570410:12:Draw/Away:5:public-demo-replay-2026-10-08";"Rayo Vallecano — Athletic Club";"La Liga";"Double chance";"Athletic Club ou nul";"1.34";"SBO";"2";"6";"recent_results | standing";"0";"5";"Non"
"911";"football:1570410:12:Draw/Away:7:public-demo-replay-2026-10-08";"Rayo Vallecano — Athletic Club";"La Liga";"Double chance";"Athletic Club ou nul";"1.4";"William Hill";"2";"6";"recent_results | standing";"0";"5";"Non"
"912";"football:1570410:12:Draw/Away:8:public-demo-replay-2026-10-08";"Rayo Vallecano — Athletic Club";"La Liga";"Double chance";"Athletic Club ou nul";"1.44";"Bet365";"2";"6";"recent_results | standing";"0";"5";"Non"
"913";"football:1570410:12:Home/Draw:11:public-demo-replay-2026-10-08";"Rayo Vallecano — Athletic Club";"La Liga";"Double chance";"Rayo Vallecano ou nul";"1.59";"1xBet";"1";"7";"recent_results";"0";"5";"Non"
"914";"football:1570410:12:Home/Draw:2:public-demo-replay-2026-10-08";"Rayo Vallecano — Athletic Club";"La Liga";"Double chance";"Rayo Vallecano ou nul";"1.58";"Marathonbet";"1";"7";"recent_results";"0";"5";"Non"
"915";"football:1570410:12:Home/Draw:3:public-demo-replay-2026-10-08";"Rayo Vallecano — Athletic Club";"La Liga";"Double chance";"Rayo Vallecano ou nul";"1.5";"Betfair";"1";"7";"recent_results";"0";"5";"Non"
"916";"football:1570410:12:Home/Draw:32:public-demo-replay-2026-10-08";"Rayo Vallecano — Athletic Club";"La Liga";"Double chance";"Rayo Vallecano ou nul";"1.62";"Betano";"1";"7";"recent_results";"0";"5";"Non"
"917";"football:1570410:12:Home/Draw:36:public-demo-replay-2026-10-08";"Rayo Vallecano — Athletic Club";"La Liga";"Double chance";"Rayo Vallecano ou nul";"1.47";"BetVictor";"1";"7";"recent_results";"0";"5";"Non"
"918";"football:1570410:12:Home/Draw:5:public-demo-replay-2026-10-08";"Rayo Vallecano — Athletic Club";"La Liga";"Double chance";"Rayo Vallecano ou nul";"1.56";"SBO";"1";"7";"recent_results";"0";"5";"Non"
"919";"football:1570410:12:Home/Draw:7:public-demo-replay-2026-10-08";"Rayo Vallecano — Athletic Club";"La Liga";"Double chance";"Rayo Vallecano ou nul";"1.5";"William Hill";"1";"7";"recent_results";"0";"5";"Non"
"920";"football:1570410:12:Home/Draw:8:public-demo-replay-2026-10-08";"Rayo Vallecano — Athletic Club";"La Liga";"Double chance";"Rayo Vallecano ou nul";"1.53";"Bet365";"1";"7";"recent_results";"0";"5";"Non"
"921";"football:1494289:1:Away:11:public-demo-replay-2026-10-08";"AIK Stockholm — IF Brommapojkarna";"Allsvenskan";"Résultat du match";"IF Brommapojkarna gagne";"3.64";"1xBet";"1";"6";"recent_results";"0";"5";"Non"
"922";"football:1494289:1:Away:2:public-demo-replay-2026-10-08";"AIK Stockholm — IF Brommapojkarna";"Allsvenskan";"Résultat du match";"IF Brommapojkarna gagne";"3.65";"Marathonbet";"1";"6";"recent_results";"0";"5";"Non"
"923";"football:1494289:1:Away:3:public-demo-replay-2026-10-08";"AIK Stockholm — IF Brommapojkarna";"Allsvenskan";"Résultat du match";"IF Brommapojkarna gagne";"3.5";"Betfair";"1";"6";"recent_results";"0";"5";"Non"
"924";"football:1494289:1:Away:32:public-demo-replay-2026-10-08";"AIK Stockholm — IF Brommapojkarna";"Allsvenskan";"Résultat du match";"IF Brommapojkarna gagne";"3.55";"Betano";"1";"6";"recent_results";"0";"5";"Non"
"925";"football:1494289:1:Away:36:public-demo-replay-2026-10-08";"AIK Stockholm — IF Brommapojkarna";"Allsvenskan";"Résultat du match";"IF Brommapojkarna gagne";"3.5";"BetVictor";"1";"6";"recent_results";"0";"5";"Non"
"926";"football:1494289:1:Away:4:public-demo-replay-2026-10-08";"AIK Stockholm — IF Brommapojkarna";"Allsvenskan";"Résultat du match";"IF Brommapojkarna gagne";"3.76";"Pinnacle";"1";"6";"recent_results";"0";"5";"Non"
"927";"football:1494289:1:Away:5:public-demo-replay-2026-10-08";"AIK Stockholm — IF Brommapojkarna";"Allsvenskan";"Résultat du match";"IF Brommapojkarna gagne";"3.14";"SBO";"1";"6";"recent_results";"0";"5";"Non"
"928";"football:1494289:1:Away:7:public-demo-replay-2026-10-08";"AIK Stockholm — IF Brommapojkarna";"Allsvenskan";"Résultat du match";"IF Brommapojkarna gagne";"3.6";"William Hill";"1";"6";"recent_results";"0";"5";"Non"
"929";"football:1494289:1:Away:8:public-demo-replay-2026-10-08";"AIK Stockholm — IF Brommapojkarna";"Allsvenskan";"Résultat du match";"IF Brommapojkarna gagne";"3.5";"Bet365";"1";"6";"recent_results";"0";"5";"Non"
"930";"football:1494289:1:Away:9:public-demo-replay-2026-10-08";"AIK Stockholm — IF Brommapojkarna";"Allsvenskan";"Résultat du match";"IF Brommapojkarna gagne";"3.55";"Dafabet";"1";"6";"recent_results";"0";"5";"Non"
"931";"football:1494289:1:Home:11:public-demo-replay-2026-10-08";"AIK Stockholm — IF Brommapojkarna";"Allsvenskan";"Résultat du match";"AIK Stockholm gagne";"1.88";"1xBet";"1";"6";"standing";"0";"5";"Non"
"932";"football:1494289:1:Home:2:public-demo-replay-2026-10-08";"AIK Stockholm — IF Brommapojkarna";"Allsvenskan";"Résultat du match";"AIK Stockholm gagne";"1.86";"Marathonbet";"1";"6";"standing";"0";"5";"Non"
"933";"football:1494289:1:Home:3:public-demo-replay-2026-10-08";"AIK Stockholm — IF Brommapojkarna";"Allsvenskan";"Résultat du match";"AIK Stockholm gagne";"1.95";"Betfair";"1";"6";"standing";"0";"5";"Non"
"934";"football:1494289:1:Home:32:public-demo-replay-2026-10-08";"AIK Stockholm — IF Brommapojkarna";"Allsvenskan";"Résultat du match";"AIK Stockholm gagne";"1.93";"Betano";"1";"6";"standing";"0";"5";"Non"
"935";"football:1494289:1:Home:36:public-demo-replay-2026-10-08";"AIK Stockholm — IF Brommapojkarna";"Allsvenskan";"Résultat du match";"AIK Stockholm gagne";"1.87";"BetVictor";"1";"6";"standing";"0";"5";"Non"
"936";"football:1494289:1:Home:4:public-demo-replay-2026-10-08";"AIK Stockholm — IF Brommapojkarna";"Allsvenskan";"Résultat du match";"AIK Stockholm gagne";"1.88";"Pinnacle";"1";"6";"standing";"0";"5";"Non"
"937";"football:1494289:1:Home:5:public-demo-replay-2026-10-08";"AIK Stockholm — IF Brommapojkarna";"Allsvenskan";"Résultat du match";"AIK Stockholm gagne";"1.92";"SBO";"1";"6";"standing";"0";"5";"Non"
"938";"football:1494289:1:Home:7:public-demo-replay-2026-10-08";"AIK Stockholm — IF Brommapojkarna";"Allsvenskan";"Résultat du match";"AIK Stockholm gagne";"1.91";"William Hill";"1";"6";"standing";"0";"5";"Non"
"939";"football:1494289:1:Home:8:public-demo-replay-2026-10-08";"AIK Stockholm — IF Brommapojkarna";"Allsvenskan";"Résultat du match";"AIK Stockholm gagne";"1.85";"Bet365";"1";"6";"standing";"0";"5";"Non"
"940";"football:1494289:1:Home:9:public-demo-replay-2026-10-08";"AIK Stockholm — IF Brommapojkarna";"Allsvenskan";"Résultat du match";"AIK Stockholm gagne";"1.98";"Dafabet";"1";"6";"standing";"0";"5";"Non"
"941";"football:1494289:12:Draw/Away:11:public-demo-replay-2026-10-08";"AIK Stockholm — IF Brommapojkarna";"Allsvenskan";"Double chance";"IF Brommapojkarna ou nul";"1.87";"1xBet";"1";"6";"recent_results";"0";"5";"Non"
"942";"football:1494289:12:Draw/Away:2:public-demo-replay-2026-10-08";"AIK Stockholm — IF Brommapojkarna";"Allsvenskan";"Double chance";"IF Brommapojkarna ou nul";"1.87";"Marathonbet";"1";"6";"recent_results";"0";"5";"Non"
"943";"football:1494289:12:Draw/Away:3:public-demo-replay-2026-10-08";"AIK Stockholm — IF Brommapojkarna";"Allsvenskan";"Double chance";"IF Brommapojkarna ou nul";"1.83";"Betfair";"1";"6";"recent_results";"0";"5";"Non"
"944";"football:1494289:12:Draw/Away:32:public-demo-replay-2026-10-08";"AIK Stockholm — IF Brommapojkarna";"Allsvenskan";"Double chance";"IF Brommapojkarna ou nul";"1.9";"Betano";"1";"6";"recent_results";"0";"5";"Non"
"945";"football:1494289:12:Draw/Away:36:public-demo-replay-2026-10-08";"AIK Stockholm — IF Brommapojkarna";"Allsvenskan";"Double chance";"IF Brommapojkarna ou nul";"1.8";"BetVictor";"1";"6";"recent_results";"0";"5";"Non"
"946";"football:1494289:12:Draw/Away:5:public-demo-replay-2026-10-08";"AIK Stockholm — IF Brommapojkarna";"Allsvenskan";"Double chance";"IF Brommapojkarna ou nul";"1.87";"SBO";"1";"6";"recent_results";"0";"5";"Non"
"947";"football:1494289:12:Draw/Away:7:public-demo-replay-2026-10-08";"AIK Stockholm — IF Brommapojkarna";"Allsvenskan";"Double chance";"IF Brommapojkarna ou nul";"1.83";"William Hill";"1";"6";"recent_results";"0";"5";"Non"
"948";"football:1494289:12:Draw/Away:8:public-demo-replay-2026-10-08";"AIK Stockholm — IF Brommapojkarna";"Allsvenskan";"Double chance";"IF Brommapojkarna ou nul";"1.8";"Bet365";"1";"6";"recent_results";"0";"5";"Non"
"949";"football:1494289:12:Home/Draw:11:public-demo-replay-2026-10-08";"AIK Stockholm — IF Brommapojkarna";"Allsvenskan";"Double chance";"AIK Stockholm ou nul";"1.25";"1xBet";"1";"6";"standing";"0";"5";"Non"
"950";"football:1494289:12:Home/Draw:2:public-demo-replay-2026-10-08";"AIK Stockholm — IF Brommapojkarna";"Allsvenskan";"Double chance";"AIK Stockholm ou nul";"1.25";"Marathonbet";"1";"6";"standing";"0";"5";"Non"
"951";"football:1494289:12:Home/Draw:3:public-demo-replay-2026-10-08";"AIK Stockholm — IF Brommapojkarna";"Allsvenskan";"Double chance";"AIK Stockholm ou nul";"1.3";"Betfair";"1";"6";"standing";"0";"5";"Non"
"952";"football:1494289:12:Home/Draw:32:public-demo-replay-2026-10-08";"AIK Stockholm — IF Brommapojkarna";"Allsvenskan";"Double chance";"AIK Stockholm ou nul";"1.31";"Betano";"1";"6";"standing";"0";"5";"Non"
"953";"football:1494289:12:Home/Draw:36:public-demo-replay-2026-10-08";"AIK Stockholm — IF Brommapojkarna";"Allsvenskan";"Double chance";"AIK Stockholm ou nul";"1.25";"BetVictor";"1";"6";"standing";"0";"5";"Non"
"954";"football:1494289:12:Home/Draw:5:public-demo-replay-2026-10-08";"AIK Stockholm — IF Brommapojkarna";"Allsvenskan";"Double chance";"AIK Stockholm ou nul";"1.21";"SBO";"1";"6";"standing";"0";"5";"Non"
"955";"football:1494289:12:Home/Draw:7:public-demo-replay-2026-10-08";"AIK Stockholm — IF Brommapojkarna";"Allsvenskan";"Double chance";"AIK Stockholm ou nul";"1.25";"William Hill";"1";"6";"standing";"0";"5";"Non"
"956";"football:1494289:12:Home/Draw:8:public-demo-replay-2026-10-08";"AIK Stockholm — IF Brommapojkarna";"Allsvenskan";"Double chance";"AIK Stockholm ou nul";"1.25";"Bet365";"1";"6";"standing";"0";"5";"Non"
"957";"football:1494289:5:Over 2.5:11:public-demo-replay-2026-10-08";"AIK Stockholm — IF Brommapojkarna";"Allsvenskan";"Plus/Moins de buts";"Plus de 2,5 buts";"1.6";"1xBet";"1";"6";"recent_results";"0";"22";"Non"
"958";"football:1494289:5:Over 2.5:2:public-demo-replay-2026-10-08";"AIK Stockholm — IF Brommapojkarna";"Allsvenskan";"Plus/Moins de buts";"Plus de 2,5 buts";"1.6";"Marathonbet";"1";"6";"recent_results";"0";"22";"Non"
"959";"football:1494289:5:Over 2.5:3:public-demo-replay-2026-10-08";"AIK Stockholm — IF Brommapojkarna";"Allsvenskan";"Plus/Moins de buts";"Plus de 2,5 buts";"1.57";"Betfair";"1";"6";"recent_results";"0";"22";"Non"
"960";"football:1494289:5:Over 2.5:32:public-demo-replay-2026-10-08";"AIK Stockholm — IF Brommapojkarna";"Allsvenskan";"Plus/Moins de buts";"Plus de 2,5 buts";"1.62";"Betano";"1";"6";"recent_results";"0";"22";"Non"
"961";"football:1494289:5:Over 2.5:36:public-demo-replay-2026-10-08";"AIK Stockholm — IF Brommapojkarna";"Allsvenskan";"Plus/Moins de buts";"Plus de 2,5 buts";"1.58";"BetVictor";"1";"6";"recent_results";"0";"22";"Non"
"962";"football:1494289:5:Over 2.5:4:public-demo-replay-2026-10-08";"AIK Stockholm — IF Brommapojkarna";"Allsvenskan";"Plus/Moins de buts";"Plus de 2,5 buts";"1.61";"Pinnacle";"1";"6";"recent_results";"0";"22";"Non"
"963";"football:1494289:5:Over 2.5:8:public-demo-replay-2026-10-08";"AIK Stockholm — IF Brommapojkarna";"Allsvenskan";"Plus/Moins de buts";"Plus de 2,5 buts";"1.6";"Bet365";"1";"6";"recent_results";"0";"22";"Non"
"964";"football:1494291:5:Over 2.5:11:public-demo-replay-2026-10-08";"Gais — Sirius";"Allsvenskan";"Plus/Moins de buts";"Plus de 2,5 buts";"1.72";"1xBet";"1";"8";"recent_results";"0";"22";"Non"
"965";"football:1494291:5:Over 2.5:2:public-demo-replay-2026-10-08";"Gais — Sirius";"Allsvenskan";"Plus/Moins de buts";"Plus de 2,5 buts";"1.72";"Marathonbet";"1";"8";"recent_results";"0";"22";"Non"
"966";"football:1494291:5:Over 2.5:3:public-demo-replay-2026-10-08";"Gais — Sirius";"Allsvenskan";"Plus/Moins de buts";"Plus de 2,5 buts";"1.73";"Betfair";"1";"8";"recent_results";"0";"22";"Non"
"967";"football:1494291:5:Over 2.5:32:public-demo-replay-2026-10-08";"Gais — Sirius";"Allsvenskan";"Plus/Moins de buts";"Plus de 2,5 buts";"1.75";"Betano";"1";"8";"recent_results";"0";"22";"Non"
"968";"football:1494291:5:Over 2.5:36:public-demo-replay-2026-10-08";"Gais — Sirius";"Allsvenskan";"Plus/Moins de buts";"Plus de 2,5 buts";"1.69";"BetVictor";"1";"8";"recent_results";"0";"22";"Non"
"969";"football:1494291:5:Over 2.5:4:public-demo-replay-2026-10-08";"Gais — Sirius";"Allsvenskan";"Plus/Moins de buts";"Plus de 2,5 buts";"1.74";"Pinnacle";"1";"8";"recent_results";"0";"22";"Non"
"970";"football:1494291:5:Over 2.5:5:public-demo-replay-2026-10-08";"Gais — Sirius";"Allsvenskan";"Plus/Moins de buts";"Plus de 2,5 buts";"1.73";"SBO";"1";"8";"recent_results";"0";"22";"Non"
"971";"football:1494291:5:Over 2.5:8:public-demo-replay-2026-10-08";"Gais — Sirius";"Allsvenskan";"Plus/Moins de buts";"Plus de 2,5 buts";"1.7";"Bet365";"1";"8";"recent_results";"0";"22";"Non"
"972";"football:1576494:1:Home:11:public-demo-replay-2026-10-08";"Amarante — Portimonense";"Segunda Liga";"Résultat du match";"Amarante gagne";"2.59";"1xBet";"1";"6";"recent_results";"0";"5";"Non"
"973";"football:1576494:1:Home:2:public-demo-replay-2026-10-08";"Amarante — Portimonense";"Segunda Liga";"Résultat du match";"Amarante gagne";"2.59";"Marathonbet";"1";"6";"recent_results";"0";"5";"Non"
"974";"football:1576494:1:Home:3:public-demo-replay-2026-10-08";"Amarante — Portimonense";"Segunda Liga";"Résultat du match";"Amarante gagne";"2.55";"Betfair";"1";"6";"recent_results";"0";"5";"Non"
"975";"football:1576494:1:Home:32:public-demo-replay-2026-10-08";"Amarante — Portimonense";"Segunda Liga";"Résultat du match";"Amarante gagne";"2.65";"Betano";"1";"6";"recent_results";"0";"5";"Non"
"976";"football:1576494:1:Home:36:public-demo-replay-2026-10-08";"Amarante — Portimonense";"Segunda Liga";"Résultat du match";"Amarante gagne";"2.5";"BetVictor";"1";"6";"recent_results";"0";"5";"Non"
"977";"football:1576494:1:Home:4:public-demo-replay-2026-10-08";"Amarante — Portimonense";"Segunda Liga";"Résultat du match";"Amarante gagne";"2.64";"Pinnacle";"1";"6";"recent_results";"0";"5";"Non"
"978";"football:1576494:1:Home:5:public-demo-replay-2026-10-08";"Amarante — Portimonense";"Segunda Liga";"Résultat du match";"Amarante gagne";"2.31";"SBO";"1";"6";"recent_results";"0";"5";"Non"
"979";"football:1576494:1:Home:7:public-demo-replay-2026-10-08";"Amarante — Portimonense";"Segunda Liga";"Résultat du match";"Amarante gagne";"2.5";"William Hill";"1";"6";"recent_results";"0";"5";"Non"
"980";"football:1576494:1:Home:8:public-demo-replay-2026-10-08";"Amarante — Portimonense";"Segunda Liga";"Résultat du match";"Amarante gagne";"2.5";"Bet365";"1";"6";"recent_results";"0";"5";"Non"
"981";"football:1576494:12:Home/Draw:11:public-demo-replay-2026-10-08";"Amarante — Portimonense";"Segunda Liga";"Double chance";"Amarante ou nul";"1.4";"1xBet";"1";"6";"recent_results";"0";"5";"Non"
"982";"football:1576494:12:Home/Draw:2:public-demo-replay-2026-10-08";"Amarante — Portimonense";"Segunda Liga";"Double chance";"Amarante ou nul";"1.4";"Marathonbet";"1";"6";"recent_results";"0";"5";"Non"
"983";"football:1576494:12:Home/Draw:3:public-demo-replay-2026-10-08";"Amarante — Portimonense";"Segunda Liga";"Double chance";"Amarante ou nul";"1.4";"Betfair";"1";"6";"recent_results";"0";"5";"Non"
"984";"football:1576494:12:Home/Draw:32:public-demo-replay-2026-10-08";"Amarante — Portimonense";"Segunda Liga";"Double chance";"Amarante ou nul";"1.47";"Betano";"1";"6";"recent_results";"0";"5";"Non"
"985";"football:1576494:12:Home/Draw:36:public-demo-replay-2026-10-08";"Amarante — Portimonense";"Segunda Liga";"Double chance";"Amarante ou nul";"1.4";"BetVictor";"1";"6";"recent_results";"0";"5";"Non"
"986";"football:1576494:12:Home/Draw:5:public-demo-replay-2026-10-08";"Amarante — Portimonense";"Segunda Liga";"Double chance";"Amarante ou nul";"1.34";"SBO";"1";"6";"recent_results";"0";"5";"Non"
"987";"football:1576494:12:Home/Draw:7:public-demo-replay-2026-10-08";"Amarante — Portimonense";"Segunda Liga";"Double chance";"Amarante ou nul";"1.4";"William Hill";"1";"6";"recent_results";"0";"5";"Non"
"988";"football:1576494:12:Home/Draw:8:public-demo-replay-2026-10-08";"Amarante — Portimonense";"Segunda Liga";"Double chance";"Amarante ou nul";"1.36";"Bet365";"1";"6";"recent_results";"0";"5";"Non"
"989";"football:1601548:1:Home:11:public-demo-replay-2026-10-08";"Virtus Entella — Juve Stabia";"Serie B";"Résultat du match";"Virtus Entella gagne";"2.04";"1xBet";"2";"3";"recent_results | standing";"0";"5";"Non"
"990";"football:1601548:1:Home:2:public-demo-replay-2026-10-08";"Virtus Entella — Juve Stabia";"Serie B";"Résultat du match";"Virtus Entella gagne";"2.02";"Marathonbet";"2";"3";"recent_results | standing";"0";"5";"Non"
"991";"football:1601548:1:Home:3:public-demo-replay-2026-10-08";"Virtus Entella — Juve Stabia";"Serie B";"Résultat du match";"Virtus Entella gagne";"2.05";"Betfair";"2";"3";"recent_results | standing";"0";"5";"Non"
"992";"football:1601548:1:Home:32:public-demo-replay-2026-10-08";"Virtus Entella — Juve Stabia";"Serie B";"Résultat du match";"Virtus Entella gagne";"1.98";"Betano";"2";"3";"recent_results | standing";"0";"5";"Non"
"993";"football:1601548:1:Home:36:public-demo-replay-2026-10-08";"Virtus Entella — Juve Stabia";"Serie B";"Résultat du match";"Virtus Entella gagne";"2";"BetVictor";"2";"3";"recent_results | standing";"0";"5";"Non"
"994";"football:1601548:1:Home:4:public-demo-replay-2026-10-08";"Virtus Entella — Juve Stabia";"Serie B";"Résultat du match";"Virtus Entella gagne";"2.11";"Pinnacle";"2";"3";"recent_results | standing";"0";"5";"Non"
"995";"football:1601548:1:Home:5:public-demo-replay-2026-10-08";"Virtus Entella — Juve Stabia";"Serie B";"Résultat du match";"Virtus Entella gagne";"2";"SBO";"2";"3";"recent_results | standing";"0";"5";"Non"
"996";"football:1601548:1:Home:7:public-demo-replay-2026-10-08";"Virtus Entella — Juve Stabia";"Serie B";"Résultat du match";"Virtus Entella gagne";"2.05";"William Hill";"2";"3";"recent_results | standing";"0";"5";"Non"
"997";"football:1601548:1:Home:8:public-demo-replay-2026-10-08";"Virtus Entella — Juve Stabia";"Serie B";"Résultat du match";"Virtus Entella gagne";"1.95";"Bet365";"2";"3";"recent_results | standing";"0";"5";"Non"
"998";"football:1601548:12:Home/Draw:11:public-demo-replay-2026-10-08";"Virtus Entella — Juve Stabia";"Serie B";"Double chance";"Virtus Entella ou nul";"1.2";"1xBet";"2";"3";"recent_results | standing";"0";"5";"Non"
"999";"football:1601548:12:Home/Draw:2:public-demo-replay-2026-10-08";"Virtus Entella — Juve Stabia";"Serie B";"Double chance";"Virtus Entella ou nul";"1.2";"Marathonbet";"2";"3";"recent_results | standing";"0";"5";"Non"
"1000";"football:1601548:12:Home/Draw:3:public-demo-replay-2026-10-08";"Virtus Entella — Juve Stabia";"Serie B";"Double chance";"Virtus Entella ou nul";"1.29";"Betfair";"2";"3";"recent_results | standing";"0";"5";"Non"
"1001";"football:1601548:12:Home/Draw:32:public-demo-replay-2026-10-08";"Virtus Entella — Juve Stabia";"Serie B";"Double chance";"Virtus Entella ou nul";"1.24";"Betano";"2";"3";"recent_results | standing";"0";"5";"Non"
"1002";"football:1601548:12:Home/Draw:36:public-demo-replay-2026-10-08";"Virtus Entella — Juve Stabia";"Serie B";"Double chance";"Virtus Entella ou nul";"1.25";"BetVictor";"2";"3";"recent_results | standing";"0";"5";"Non"
"1003";"football:1601548:12:Home/Draw:5:public-demo-replay-2026-10-08";"Virtus Entella — Juve Stabia";"Serie B";"Double chance";"Virtus Entella ou nul";"1.2";"SBO";"2";"3";"recent_results | standing";"0";"5";"Non"
"1004";"football:1601548:12:Home/Draw:7:public-demo-replay-2026-10-08";"Virtus Entella — Juve Stabia";"Serie B";"Double chance";"Virtus Entella ou nul";"1.29";"William Hill";"2";"3";"recent_results | standing";"0";"5";"Non"
"1005";"football:1601548:12:Home/Draw:8:public-demo-replay-2026-10-08";"Virtus Entella — Juve Stabia";"Serie B";"Double chance";"Virtus Entella ou nul";"1.25";"Bet365";"2";"3";"recent_results | standing";"0";"5";"Non"
"1006";"football:1556672:1:Away:11:public-demo-replay-2026-10-08";"Falkirk — Dundee";"Premiership";"Résultat du match";"Dundee gagne";"3.5";"1xBet";"2";"3";"recent_results | standing";"0";"5";"Non"
"1007";"football:1556672:1:Away:2:public-demo-replay-2026-10-08";"Falkirk — Dundee";"Premiership";"Résultat du match";"Dundee gagne";"3.5";"Marathonbet";"2";"3";"recent_results | standing";"0";"5";"Non"
"1008";"football:1556672:1:Away:32:public-demo-replay-2026-10-08";"Falkirk — Dundee";"Premiership";"Résultat du match";"Dundee gagne";"3.5";"Betano";"2";"3";"recent_results | standing";"0";"5";"Non"
"1009";"football:1556672:1:Away:36:public-demo-replay-2026-10-08";"Falkirk — Dundee";"Premiership";"Résultat du match";"Dundee gagne";"3.3";"BetVictor";"2";"3";"recent_results | standing";"0";"5";"Non"
"1010";"football:1556672:1:Away:4:public-demo-replay-2026-10-08";"Falkirk — Dundee";"Premiership";"Résultat du match";"Dundee gagne";"3.61";"Pinnacle";"2";"3";"recent_results | standing";"0";"5";"Non"
"1011";"football:1556672:1:Away:5:public-demo-replay-2026-10-08";"Falkirk — Dundee";"Premiership";"Résultat du match";"Dundee gagne";"3.04";"SBO";"2";"3";"recent_results | standing";"0";"5";"Non"
"1012";"football:1556672:1:Away:7:public-demo-replay-2026-10-08";"Falkirk — Dundee";"Premiership";"Résultat du match";"Dundee gagne";"3.4";"William Hill";"2";"3";"recent_results | standing";"0";"5";"Non"
"1013";"football:1556672:1:Away:8:public-demo-replay-2026-10-08";"Falkirk — Dundee";"Premiership";"Résultat du match";"Dundee gagne";"3.2";"Bet365";"2";"3";"recent_results | standing";"0";"5";"Non"
"1014";"football:1556672:1:Home:11:public-demo-replay-2026-10-08";"Falkirk — Dundee";"Premiership";"Résultat du match";"Falkirk gagne";"2.01";"1xBet";"1";"4";"recent_results";"0";"5";"Non"
"1015";"football:1556672:1:Home:2:public-demo-replay-2026-10-08";"Falkirk — Dundee";"Premiership";"Résultat du match";"Falkirk gagne";"1.99";"Marathonbet";"1";"4";"recent_results";"0";"5";"Non"
"1016";"football:1556672:1:Home:32:public-demo-replay-2026-10-08";"Falkirk — Dundee";"Premiership";"Résultat du match";"Falkirk gagne";"2.05";"Betano";"1";"4";"recent_results";"0";"5";"Non"
"1017";"football:1556672:1:Home:36:public-demo-replay-2026-10-08";"Falkirk — Dundee";"Premiership";"Résultat du match";"Falkirk gagne";"2";"BetVictor";"1";"4";"recent_results";"0";"5";"Non"
"1018";"football:1556672:1:Home:4:public-demo-replay-2026-10-08";"Falkirk — Dundee";"Premiership";"Résultat du match";"Falkirk gagne";"2.01";"Pinnacle";"1";"4";"recent_results";"0";"5";"Non"
"1019";"football:1556672:1:Home:5:public-demo-replay-2026-10-08";"Falkirk — Dundee";"Premiership";"Résultat du match";"Falkirk gagne";"2.01";"SBO";"1";"4";"recent_results";"0";"5";"Non"
"1020";"football:1556672:1:Home:7:public-demo-replay-2026-10-08";"Falkirk — Dundee";"Premiership";"Résultat du match";"Falkirk gagne";"2.05";"William Hill";"1";"4";"recent_results";"0";"5";"Non"
"1021";"football:1556672:1:Home:8:public-demo-replay-2026-10-08";"Falkirk — Dundee";"Premiership";"Résultat du match";"Falkirk gagne";"2.1";"Bet365";"1";"4";"recent_results";"0";"5";"Non"
"1022";"football:1556672:12:Draw/Away:11:public-demo-replay-2026-10-08";"Falkirk — Dundee";"Premiership";"Double chance";"Dundee ou nul";"1.75";"1xBet";"2";"3";"recent_results | standing";"0";"5";"Non"
"1023";"football:1556672:12:Draw/Away:2:public-demo-replay-2026-10-08";"Falkirk — Dundee";"Premiership";"Double chance";"Dundee ou nul";"1.75";"Marathonbet";"2";"3";"recent_results | standing";"0";"5";"Non"
"1024";"football:1556672:12:Draw/Away:32:public-demo-replay-2026-10-08";"Falkirk — Dundee";"Premiership";"Double chance";"Dundee ou nul";"1.8";"Betano";"2";"3";"recent_results | standing";"0";"5";"Non"
"1025";"football:1556672:12:Draw/Away:36:public-demo-replay-2026-10-08";"Falkirk — Dundee";"Premiership";"Double chance";"Dundee ou nul";"1.7";"BetVictor";"2";"3";"recent_results | standing";"0";"5";"Non"
"1026";"football:1556672:12:Draw/Away:5:public-demo-replay-2026-10-08";"Falkirk — Dundee";"Premiership";"Double chance";"Dundee ou nul";"1.74";"SBO";"2";"3";"recent_results | standing";"0";"5";"Non"
"1027";"football:1556672:12:Draw/Away:7:public-demo-replay-2026-10-08";"Falkirk — Dundee";"Premiership";"Double chance";"Dundee ou nul";"1.73";"William Hill";"2";"3";"recent_results | standing";"0";"5";"Non"
"1028";"football:1556672:12:Draw/Away:8:public-demo-replay-2026-10-08";"Falkirk — Dundee";"Premiership";"Double chance";"Dundee ou nul";"1.7";"Bet365";"2";"3";"recent_results | standing";"0";"5";"Non"
"1029";"football:1556672:12:Home/Draw:11:public-demo-replay-2026-10-08";"Falkirk — Dundee";"Premiership";"Double chance";"Falkirk ou nul";"1.27";"1xBet";"1";"4";"recent_results";"0";"5";"Non"
"1030";"football:1556672:12:Home/Draw:2:public-demo-replay-2026-10-08";"Falkirk — Dundee";"Premiership";"Double chance";"Falkirk ou nul";"1.27";"Marathonbet";"1";"4";"recent_results";"0";"5";"Non"
"1031";"football:1556672:12:Home/Draw:32:public-demo-replay-2026-10-08";"Falkirk — Dundee";"Premiership";"Double chance";"Falkirk ou nul";"1.33";"Betano";"1";"4";"recent_results";"0";"5";"Non"
"1032";"football:1556672:12:Home/Draw:36:public-demo-replay-2026-10-08";"Falkirk — Dundee";"Premiership";"Double chance";"Falkirk ou nul";"1.29";"BetVictor";"1";"4";"recent_results";"0";"5";"Non"
"1033";"football:1556672:12:Home/Draw:5:public-demo-replay-2026-10-08";"Falkirk — Dundee";"Premiership";"Double chance";"Falkirk ou nul";"1.23";"SBO";"1";"4";"recent_results";"0";"5";"Non"
"1034";"football:1556672:12:Home/Draw:7:public-demo-replay-2026-10-08";"Falkirk — Dundee";"Premiership";"Double chance";"Falkirk ou nul";"1.3";"William Hill";"1";"4";"recent_results";"0";"5";"Non"
"1035";"football:1556672:12:Home/Draw:8:public-demo-replay-2026-10-08";"Falkirk — Dundee";"Premiership";"Double chance";"Falkirk ou nul";"1.36";"Bet365";"1";"4";"recent_results";"0";"5";"Non"
"1036";"football:1556675:1:Away:11:public-demo-replay-2026-10-08";"Rangers — Kilmarnock";"Premiership";"Résultat du match";"Kilmarnock gagne";"15";"1xBet";"1";"12";"recent_results";"0";"5";"Non"
"1037";"football:1556675:1:Away:2:public-demo-replay-2026-10-08";"Rangers — Kilmarnock";"Premiership";"Résultat du match";"Kilmarnock gagne";"15.25";"Marathonbet";"1";"12";"recent_results";"0";"5";"Non"
"1038";"football:1556675:1:Away:32:public-demo-replay-2026-10-08";"Rangers — Kilmarnock";"Premiership";"Résultat du match";"Kilmarnock gagne";"14.5";"Betano";"1";"12";"recent_results";"0";"5";"Non"
"1039";"football:1556675:1:Away:36:public-demo-replay-2026-10-08";"Rangers — Kilmarnock";"Premiership";"Résultat du match";"Kilmarnock gagne";"15";"BetVictor";"1";"12";"recent_results";"0";"5";"Non"
"1040";"football:1556675:1:Away:4:public-demo-replay-2026-10-08";"Rangers — Kilmarnock";"Premiership";"Résultat du match";"Kilmarnock gagne";"14.28";"Pinnacle";"1";"12";"recent_results";"0";"5";"Non"
"1041";"football:1556675:1:Away:5:public-demo-replay-2026-10-08";"Rangers — Kilmarnock";"Premiership";"Résultat du match";"Kilmarnock gagne";"10.6";"SBO";"1";"12";"recent_results";"0";"5";"Non"
"1042";"football:1556675:1:Away:7:public-demo-replay-2026-10-08";"Rangers — Kilmarnock";"Premiership";"Résultat du match";"Kilmarnock gagne";"15";"William Hill";"1";"12";"recent_results";"0";"5";"Non"
"1043";"football:1556675:1:Away:8:public-demo-replay-2026-10-08";"Rangers — Kilmarnock";"Premiership";"Résultat du match";"Kilmarnock gagne";"19";"Bet365";"1";"12";"recent_results";"0";"5";"Non"
"1044";"football:1556675:12:Draw/Away:11:public-demo-replay-2026-10-08";"Rangers — Kilmarnock";"Premiership";"Double chance";"Kilmarnock ou nul";"5.4";"1xBet";"1";"12";"recent_results";"0";"5";"Non"
"1045";"football:1556675:12:Draw/Away:2:public-demo-replay-2026-10-08";"Rangers — Kilmarnock";"Premiership";"Double chance";"Kilmarnock ou nul";"5.4";"Marathonbet";"1";"12";"recent_results";"0";"5";"Non"
"1046";"football:1556675:12:Draw/Away:32:public-demo-replay-2026-10-08";"Rangers — Kilmarnock";"Premiership";"Double chance";"Kilmarnock ou nul";"5.4";"Betano";"1";"12";"recent_results";"0";"5";"Non"
"1047";"football:1556675:12:Draw/Away:7:public-demo-replay-2026-10-08";"Rangers — Kilmarnock";"Premiership";"Double chance";"Kilmarnock ou nul";"5";"William Hill";"1";"12";"recent_results";"0";"5";"Non"
"1048";"football:1556675:12:Draw/Away:8:public-demo-replay-2026-10-08";"Rangers — Kilmarnock";"Premiership";"Double chance";"Kilmarnock ou nul";"7";"Bet365";"1";"12";"recent_results";"0";"5";"Non"
"1049";"football:1557419:1:Home:11:public-demo-replay-2026-10-08";"Chelsea — Bournemouth";"Premier League";"Résultat du match";"Chelsea gagne";"1.79";"1xBet";"2";"7";"recent_results | standing";"0";"5";"Non"
"1050";"football:1557419:1:Home:2:public-demo-replay-2026-10-08";"Chelsea — Bournemouth";"Premier League";"Résultat du match";"Chelsea gagne";"1.74";"Marathonbet";"2";"7";"recent_results | standing";"0";"5";"Non"
"1051";"football:1557419:1:Home:3:public-demo-replay-2026-10-08";"Chelsea — Bournemouth";"Premier League";"Résultat du match";"Chelsea gagne";"1.67";"Betfair";"2";"7";"recent_results | standing";"0";"5";"Non"
"1052";"football:1557419:1:Home:32:public-demo-replay-2026-10-08";"Chelsea — Bournemouth";"Premier League";"Résultat du match";"Chelsea gagne";"1.72";"Betano";"2";"7";"recent_results | standing";"0";"5";"Non"
"1053";"football:1557419:1:Home:36:public-demo-replay-2026-10-08";"Chelsea — Bournemouth";"Premier League";"Résultat du match";"Chelsea gagne";"1.67";"BetVictor";"2";"7";"recent_results | standing";"0";"5";"Non"
"1054";"football:1557419:1:Home:4:public-demo-replay-2026-10-08";"Chelsea — Bournemouth";"Premier League";"Résultat du match";"Chelsea gagne";"1.73";"Pinnacle";"2";"7";"recent_results | standing";"0";"5";"Non"
"1055";"football:1557419:1:Home:5:public-demo-replay-2026-10-08";"Chelsea — Bournemouth";"Premier League";"Résultat du match";"Chelsea gagne";"1.65";"SBO";"2";"7";"recent_results | standing";"0";"5";"Non"
"1056";"football:1557419:1:Home:7:public-demo-replay-2026-10-08";"Chelsea — Bournemouth";"Premier League";"Résultat du match";"Chelsea gagne";"1.73";"William Hill";"2";"7";"recent_results | standing";"0";"5";"Non"
"1057";"football:1557419:1:Home:8:public-demo-replay-2026-10-08";"Chelsea — Bournemouth";"Premier League";"Résultat du match";"Chelsea gagne";"1.65";"Bet365";"2";"7";"recent_results | standing";"0";"5";"Non"
"1058";"football:1557419:12:Home/Draw:11:public-demo-replay-2026-10-08";"Chelsea — Bournemouth";"Premier League";"Double chance";"Chelsea ou nul";"1.24";"1xBet";"2";"7";"recent_results | standing";"0";"5";"Non"
"1059";"football:1557419:12:Home/Draw:2:public-demo-replay-2026-10-08";"Chelsea — Bournemouth";"Premier League";"Double chance";"Chelsea ou nul";"1.23";"Marathonbet";"2";"7";"recent_results | standing";"0";"5";"Non"
"1060";"football:1557419:12:Home/Draw:3:public-demo-replay-2026-10-08";"Chelsea — Bournemouth";"Premier League";"Double chance";"Chelsea ou nul";"1.17";"Betfair";"2";"7";"recent_results | standing";"0";"5";"Non"
"1061";"football:1557419:12:Home/Draw:32:public-demo-replay-2026-10-08";"Chelsea — Bournemouth";"Premier League";"Double chance";"Chelsea ou nul";"1.23";"Betano";"2";"7";"recent_results | standing";"0";"5";"Non"
"1062";"football:1557419:12:Home/Draw:36:public-demo-replay-2026-10-08";"Chelsea — Bournemouth";"Premier League";"Double chance";"Chelsea ou nul";"1.2";"BetVictor";"2";"7";"recent_results | standing";"0";"5";"Non"
"1063";"football:1557419:12:Home/Draw:5:public-demo-replay-2026-10-08";"Chelsea — Bournemouth";"Premier League";"Double chance";"Chelsea ou nul";"1.15";"SBO";"2";"7";"recent_results | standing";"0";"5";"Non"
"1064";"football:1557419:12:Home/Draw:7:public-demo-replay-2026-10-08";"Chelsea — Bournemouth";"Premier League";"Double chance";"Chelsea ou nul";"1.22";"William Hill";"2";"7";"recent_results | standing";"0";"5";"Non"
"1065";"football:1557419:12:Home/Draw:8:public-demo-replay-2026-10-08";"Chelsea — Bournemouth";"Premier League";"Double chance";"Chelsea ou nul";"1.18";"Bet365";"2";"7";"recent_results | standing";"0";"5";"Non"
"1066";"football:1557423:1:Home:11:public-demo-replay-2026-10-08";"Ipswich — Fulham";"Premier League";"Résultat du match";"Ipswich gagne";"2.9";"1xBet";"2";"5";"recent_results | standing";"0";"5";"Non"
"1067";"football:1557423:1:Home:2:public-demo-replay-2026-10-08";"Ipswich — Fulham";"Premier League";"Résultat du match";"Ipswich gagne";"2.82";"Marathonbet";"2";"5";"recent_results | standing";"0";"5";"Non"
"1068";"football:1557423:1:Home:3:public-demo-replay-2026-10-08";"Ipswich — Fulham";"Premier League";"Résultat du match";"Ipswich gagne";"2.8";"Betfair";"2";"5";"recent_results | standing";"0";"5";"Non"
"1069";"football:1557423:1:Home:32:public-demo-replay-2026-10-08";"Ipswich — Fulham";"Premier League";"Résultat du match";"Ipswich gagne";"2.7";"Betano";"2";"5";"recent_results | standing";"0";"5";"Non"
"1070";"football:1557423:1:Home:36:public-demo-replay-2026-10-08";"Ipswich — Fulham";"Premier League";"Résultat du match";"Ipswich gagne";"2.7";"BetVictor";"2";"5";"recent_results | standing";"0";"5";"Non"
"1071";"football:1557423:1:Home:4:public-demo-replay-2026-10-08";"Ipswich — Fulham";"Premier League";"Résultat du match";"Ipswich gagne";"2.85";"Pinnacle";"2";"5";"recent_results | standing";"0";"5";"Non"
"1072";"football:1557423:1:Home:5:public-demo-replay-2026-10-08";"Ipswich — Fulham";"Premier League";"Résultat du match";"Ipswich gagne";"2.58";"SBO";"2";"5";"recent_results | standing";"0";"5";"Non"
"1073";"football:1557423:1:Home:7:public-demo-replay-2026-10-08";"Ipswich — Fulham";"Premier League";"Résultat du match";"Ipswich gagne";"2.75";"William Hill";"2";"5";"recent_results | standing";"0";"5";"Non"
"1074";"football:1557423:1:Home:8:public-demo-replay-2026-10-08";"Ipswich — Fulham";"Premier League";"Résultat du match";"Ipswich gagne";"2.8";"Bet365";"2";"5";"recent_results | standing";"0";"5";"Non"
"1075";"football:1557423:12:Home/Draw:11:public-demo-replay-2026-10-08";"Ipswich — Fulham";"Premier League";"Double chance";"Ipswich ou nul";"1.59";"1xBet";"2";"5";"recent_results | standing";"0";"5";"Non"
"1076";"football:1557423:12:Home/Draw:2:public-demo-replay-2026-10-08";"Ipswich — Fulham";"Premier League";"Double chance";"Ipswich ou nul";"1.58";"Marathonbet";"2";"5";"recent_results | standing";"0";"5";"Non"
"1077";"football:1557423:12:Home/Draw:3:public-demo-replay-2026-10-08";"Ipswich — Fulham";"Premier League";"Double chance";"Ipswich ou nul";"1.5";"Betfair";"2";"5";"recent_results | standing";"0";"5";"Non"
"1078";"football:1557423:12:Home/Draw:32:public-demo-replay-2026-10-08";"Ipswich — Fulham";"Premier League";"Double chance";"Ipswich ou nul";"1.53";"Betano";"2";"5";"recent_results | standing";"0";"5";"Non"
"1079";"football:1557423:12:Home/Draw:36:public-demo-replay-2026-10-08";"Ipswich — Fulham";"Premier League";"Double chance";"Ipswich ou nul";"1.5";"BetVictor";"2";"5";"recent_results | standing";"0";"5";"Non"
"1080";"football:1557423:12:Home/Draw:5:public-demo-replay-2026-10-08";"Ipswich — Fulham";"Premier League";"Double chance";"Ipswich ou nul";"1.49";"SBO";"2";"5";"recent_results | standing";"0";"5";"Non"
"1081";"football:1557423:12:Home/Draw:7:public-demo-replay-2026-10-08";"Ipswich — Fulham";"Premier League";"Double chance";"Ipswich ou nul";"1.53";"William Hill";"2";"5";"recent_results | standing";"0";"5";"Non"
"1082";"football:1557423:12:Home/Draw:8:public-demo-replay-2026-10-08";"Ipswich — Fulham";"Premier League";"Double chance";"Ipswich ou nul";"1.5";"Bet365";"2";"5";"recent_results | standing";"0";"5";"Non"
"1083";"football:1563180:1:Home:11:public-demo-replay-2026-10-08";"Bolton — Stoke City";"Championship";"Résultat du match";"Bolton gagne";"2.71";"1xBet";"1";"6";"recent_results";"0";"5";"Non"
"1084";"football:1563180:1:Home:2:public-demo-replay-2026-10-08";"Bolton — Stoke City";"Championship";"Résultat du match";"Bolton gagne";"2.71";"Marathonbet";"1";"6";"recent_results";"0";"5";"Non"
"1085";"football:1563180:1:Home:3:public-demo-replay-2026-10-08";"Bolton — Stoke City";"Championship";"Résultat du match";"Bolton gagne";"2.63";"Betfair";"1";"6";"recent_results";"0";"5";"Non"
"1086";"football:1563180:1:Home:32:public-demo-replay-2026-10-08";"Bolton — Stoke City";"Championship";"Résultat du match";"Bolton gagne";"2.75";"Betano";"1";"6";"recent_results";"0";"5";"Non"
"1087";"football:1563180:1:Home:36:public-demo-replay-2026-10-08";"Bolton — Stoke City";"Championship";"Résultat du match";"Bolton gagne";"2.63";"BetVictor";"1";"6";"recent_results";"0";"5";"Non"
"1088";"football:1563180:1:Home:4:public-demo-replay-2026-10-08";"Bolton — Stoke City";"Championship";"Résultat du match";"Bolton gagne";"2.78";"Pinnacle";"1";"6";"recent_results";"0";"5";"Non"
"1089";"football:1563180:1:Home:5:public-demo-replay-2026-10-08";"Bolton — Stoke City";"Championship";"Résultat du match";"Bolton gagne";"2.54";"SBO";"1";"6";"recent_results";"0";"5";"Non"
"1090";"football:1563180:1:Home:7:public-demo-replay-2026-10-08";"Bolton — Stoke City";"Championship";"Résultat du match";"Bolton gagne";"2.62";"William Hill";"1";"6";"recent_results";"0";"5";"Non"
"1091";"football:1563180:1:Home:8:public-demo-replay-2026-10-08";"Bolton — Stoke City";"Championship";"Résultat du match";"Bolton gagne";"2.7";"Bet365";"1";"6";"recent_results";"0";"5";"Non"
"1092";"football:1563180:1:Home:9:public-demo-replay-2026-10-08";"Bolton — Stoke City";"Championship";"Résultat du match";"Bolton gagne";"2.75";"Dafabet";"1";"6";"recent_results";"0";"5";"Non"
"1093";"football:1563180:12:Home/Draw:11:public-demo-replay-2026-10-08";"Bolton — Stoke City";"Championship";"Double chance";"Bolton ou nul";"1.49";"1xBet";"1";"6";"recent_results";"0";"5";"Non"
"1094";"football:1563180:12:Home/Draw:2:public-demo-replay-2026-10-08";"Bolton — Stoke City";"Championship";"Double chance";"Bolton ou nul";"1.49";"Marathonbet";"1";"6";"recent_results";"0";"5";"Non"
"1095";"football:1563180:12:Home/Draw:3:public-demo-replay-2026-10-08";"Bolton — Stoke City";"Championship";"Double chance";"Bolton ou nul";"1.44";"Betfair";"1";"6";"recent_results";"0";"5";"Non"
"1096";"football:1563180:12:Home/Draw:32:public-demo-replay-2026-10-08";"Bolton — Stoke City";"Championship";"Double chance";"Bolton ou nul";"1.53";"Betano";"1";"6";"recent_results";"0";"5";"Non"
"1097";"football:1563180:12:Home/Draw:36:public-demo-replay-2026-10-08";"Bolton — Stoke City";"Championship";"Double chance";"Bolton ou nul";"1.47";"BetVictor";"1";"6";"recent_results";"0";"5";"Non"
"1098";"football:1563180:12:Home/Draw:5:public-demo-replay-2026-10-08";"Bolton — Stoke City";"Championship";"Double chance";"Bolton ou nul";"1.47";"SBO";"1";"6";"recent_results";"0";"5";"Non"
"1099";"football:1563180:12:Home/Draw:7:public-demo-replay-2026-10-08";"Bolton — Stoke City";"Championship";"Double chance";"Bolton ou nul";"1.44";"William Hill";"1";"6";"recent_results";"0";"5";"Non"
"1100";"football:1563180:12:Home/Draw:8:public-demo-replay-2026-10-08";"Bolton — Stoke City";"Championship";"Double chance";"Bolton ou nul";"1.5";"Bet365";"1";"6";"recent_results";"0";"5";"Non"
"1101";"football:1638644:1:Home:11:public-demo-replay-2026-10-08";"Thor Akureyri — IBV Vestmannaeyjar";"Úrvalsdeild";"Résultat du match";"Thor Akureyri gagne";"2.82";"1xBet";"2";"5";"recent_results | standing";"0";"5";"Non"
"1102";"football:1638644:1:Home:2:public-demo-replay-2026-10-08";"Thor Akureyri — IBV Vestmannaeyjar";"Úrvalsdeild";"Résultat du match";"Thor Akureyri gagne";"2.8";"Marathonbet";"2";"5";"recent_results | standing";"0";"5";"Non"
"1103";"football:1638644:1:Home:3:public-demo-replay-2026-10-08";"Thor Akureyri — IBV Vestmannaeyjar";"Úrvalsdeild";"Résultat du match";"Thor Akureyri gagne";"2.63";"Betfair";"2";"5";"recent_results | standing";"0";"5";"Non"
"1104";"football:1638644:1:Home:32:public-demo-replay-2026-10-08";"Thor Akureyri — IBV Vestmannaeyjar";"Úrvalsdeild";"Résultat du match";"Thor Akureyri gagne";"2.72";"Betano";"2";"5";"recent_results | standing";"0";"5";"Non"
"1105";"football:1638644:1:Home:4:public-demo-replay-2026-10-08";"Thor Akureyri — IBV Vestmannaeyjar";"Úrvalsdeild";"Résultat du match";"Thor Akureyri gagne";"2.89";"Pinnacle";"2";"5";"recent_results | standing";"0";"5";"Non"
"1106";"football:1638644:1:Home:5:public-demo-replay-2026-10-08";"Thor Akureyri — IBV Vestmannaeyjar";"Úrvalsdeild";"Résultat du match";"Thor Akureyri gagne";"2.46";"SBO";"2";"5";"recent_results | standing";"0";"5";"Non"
"1107";"football:1638644:1:Home:7:public-demo-replay-2026-10-08";"Thor Akureyri — IBV Vestmannaeyjar";"Úrvalsdeild";"Résultat du match";"Thor Akureyri gagne";"2.75";"William Hill";"2";"5";"recent_results | standing";"0";"5";"Non"
"1108";"football:1638644:1:Home:8:public-demo-replay-2026-10-08";"Thor Akureyri — IBV Vestmannaeyjar";"Úrvalsdeild";"Résultat du match";"Thor Akureyri gagne";"2.7";"Bet365";"2";"5";"recent_results | standing";"0";"5";"Non"
"1109";"football:1638644:1:Home:9:public-demo-replay-2026-10-08";"Thor Akureyri — IBV Vestmannaeyjar";"Úrvalsdeild";"Résultat du match";"Thor Akureyri gagne";"2.7";"Dafabet";"2";"5";"recent_results | standing";"0";"5";"Non"
"1110";"football:1638644:12:Home/Draw:11:public-demo-replay-2026-10-08";"Thor Akureyri — IBV Vestmannaeyjar";"Úrvalsdeild";"Double chance";"Thor Akureyri ou nul";"1.56";"1xBet";"2";"5";"recent_results | standing";"0";"5";"Non"
"1111";"football:1638644:12:Home/Draw:2:public-demo-replay-2026-10-08";"Thor Akureyri — IBV Vestmannaeyjar";"Úrvalsdeild";"Double chance";"Thor Akureyri ou nul";"1.56";"Marathonbet";"2";"5";"recent_results | standing";"0";"5";"Non"
"1112";"football:1638644:12:Home/Draw:3:public-demo-replay-2026-10-08";"Thor Akureyri — IBV Vestmannaeyjar";"Úrvalsdeild";"Double chance";"Thor Akureyri ou nul";"1.53";"Betfair";"2";"5";"recent_results | standing";"0";"5";"Non"
"1113";"football:1638644:12:Home/Draw:32:public-demo-replay-2026-10-08";"Thor Akureyri — IBV Vestmannaeyjar";"Úrvalsdeild";"Double chance";"Thor Akureyri ou nul";"1.57";"Betano";"2";"5";"recent_results | standing";"0";"5";"Non"
"1114";"football:1638644:12:Home/Draw:5:public-demo-replay-2026-10-08";"Thor Akureyri — IBV Vestmannaeyjar";"Úrvalsdeild";"Double chance";"Thor Akureyri ou nul";"1.49";"SBO";"2";"5";"recent_results | standing";"0";"5";"Non"
"1115";"football:1638644:12:Home/Draw:7:public-demo-replay-2026-10-08";"Thor Akureyri — IBV Vestmannaeyjar";"Úrvalsdeild";"Double chance";"Thor Akureyri ou nul";"1.53";"William Hill";"2";"5";"recent_results | standing";"0";"5";"Non"
"1116";"football:1638644:12:Home/Draw:8:public-demo-replay-2026-10-08";"Thor Akureyri — IBV Vestmannaeyjar";"Úrvalsdeild";"Double chance";"Thor Akureyri ou nul";"1.57";"Bet365";"2";"5";"recent_results | standing";"0";"5";"Non"
"1117";"football:1638645:1:Home:11:public-demo-replay-2026-10-08";"Valur Reykjavik — FH hafnarfjordur";"Úrvalsdeild";"Résultat du match";"Valur Reykjavik gagne";"2.19";"1xBet";"1";"4";"standing";"0";"5";"Non"
"1118";"football:1638645:1:Home:2:public-demo-replay-2026-10-08";"Valur Reykjavik — FH hafnarfjordur";"Úrvalsdeild";"Résultat du match";"Valur Reykjavik gagne";"2.17";"Marathonbet";"1";"4";"standing";"0";"5";"Non"
"1119";"football:1638645:1:Home:3:public-demo-replay-2026-10-08";"Valur Reykjavik — FH hafnarfjordur";"Úrvalsdeild";"Résultat du match";"Valur Reykjavik gagne";"2.1";"Betfair";"1";"4";"standing";"0";"5";"Non"
"1120";"football:1638645:1:Home:32:public-demo-replay-2026-10-08";"Valur Reykjavik — FH hafnarfjordur";"Úrvalsdeild";"Résultat du match";"Valur Reykjavik gagne";"2.2";"Betano";"1";"4";"standing";"0";"5";"Non"
"1121";"football:1638645:1:Home:4:public-demo-replay-2026-10-08";"Valur Reykjavik — FH hafnarfjordur";"Úrvalsdeild";"Résultat du match";"Valur Reykjavik gagne";"2.2";"Pinnacle";"1";"4";"standing";"0";"5";"Non"
"1122";"football:1638645:1:Home:5:public-demo-replay-2026-10-08";"Valur Reykjavik — FH hafnarfjordur";"Úrvalsdeild";"Résultat du match";"Valur Reykjavik gagne";"2.08";"SBO";"1";"4";"standing";"0";"5";"Non"
"1123";"football:1638645:1:Home:7:public-demo-replay-2026-10-08";"Valur Reykjavik — FH hafnarfjordur";"Úrvalsdeild";"Résultat du match";"Valur Reykjavik gagne";"2.15";"William Hill";"1";"4";"standing";"0";"5";"Non"
"1124";"football:1638645:1:Home:8:public-demo-replay-2026-10-08";"Valur Reykjavik — FH hafnarfjordur";"Úrvalsdeild";"Résultat du match";"Valur Reykjavik gagne";"2.15";"Bet365";"1";"4";"standing";"0";"5";"Non"
"1125";"football:1638645:1:Home:9:public-demo-replay-2026-10-08";"Valur Reykjavik — FH hafnarfjordur";"Úrvalsdeild";"Résultat du match";"Valur Reykjavik gagne";"2.17";"Dafabet";"1";"4";"standing";"0";"5";"Non"
"1126";"football:1638645:12:Home/Draw:11:public-demo-replay-2026-10-08";"Valur Reykjavik — FH hafnarfjordur";"Úrvalsdeild";"Double chance";"Valur Reykjavik ou nul";"1.41";"1xBet";"1";"4";"standing";"0";"5";"Non"
"1127";"football:1638645:12:Home/Draw:2:public-demo-replay-2026-10-08";"Valur Reykjavik — FH hafnarfjordur";"Úrvalsdeild";"Double chance";"Valur Reykjavik ou nul";"1.41";"Marathonbet";"1";"4";"standing";"0";"5";"Non"
"1128";"football:1638645:12:Home/Draw:3:public-demo-replay-2026-10-08";"Valur Reykjavik — FH hafnarfjordur";"Úrvalsdeild";"Double chance";"Valur Reykjavik ou nul";"1.4";"Betfair";"1";"4";"standing";"0";"5";"Non"
"1129";"football:1638645:12:Home/Draw:32:public-demo-replay-2026-10-08";"Valur Reykjavik — FH hafnarfjordur";"Úrvalsdeild";"Double chance";"Valur Reykjavik ou nul";"1.47";"Betano";"1";"4";"standing";"0";"5";"Non"
"1130";"football:1638645:12:Home/Draw:5:public-demo-replay-2026-10-08";"Valur Reykjavik — FH hafnarfjordur";"Úrvalsdeild";"Double chance";"Valur Reykjavik ou nul";"1.4";"SBO";"1";"4";"standing";"0";"5";"Non"
"1131";"football:1638645:12:Home/Draw:7:public-demo-replay-2026-10-08";"Valur Reykjavik — FH hafnarfjordur";"Úrvalsdeild";"Double chance";"Valur Reykjavik ou nul";"1.4";"William Hill";"1";"4";"standing";"0";"5";"Non"
"1132";"football:1638645:12:Home/Draw:8:public-demo-replay-2026-10-08";"Valur Reykjavik — FH hafnarfjordur";"Úrvalsdeild";"Double chance";"Valur Reykjavik ou nul";"1.4";"Bet365";"1";"4";"standing";"0";"5";"Non"
"1133";"football:1565267:1:Away:11:public-demo-replay-2026-10-08";"FC Botosani — Uta Arad";"Liga I";"Résultat du match";"Uta Arad gagne";"2.7";"1xBet";"2";"5";"recent_results | standing";"0";"5";"Non"
"1134";"football:1565267:1:Away:2:public-demo-replay-2026-10-08";"FC Botosani — Uta Arad";"Liga I";"Résultat du match";"Uta Arad gagne";"2.7";"Marathonbet";"2";"5";"recent_results | standing";"0";"5";"Non"
"1135";"football:1565267:1:Away:3:public-demo-replay-2026-10-08";"FC Botosani — Uta Arad";"Liga I";"Résultat du match";"Uta Arad gagne";"2.88";"Betfair";"2";"5";"recent_results | standing";"0";"5";"Non"
"1136";"football:1565267:1:Away:32:public-demo-replay-2026-10-08";"FC Botosani — Uta Arad";"Liga I";"Résultat du match";"Uta Arad gagne";"2.85";"Betano";"2";"5";"recent_results | standing";"0";"5";"Non"
"1137";"football:1565267:1:Away:36:public-demo-replay-2026-10-08";"FC Botosani — Uta Arad";"Liga I";"Résultat du match";"Uta Arad gagne";"2.75";"BetVictor";"2";"5";"recent_results | standing";"0";"5";"Non"
"1138";"football:1565267:1:Away:4:public-demo-replay-2026-10-08";"FC Botosani — Uta Arad";"Liga I";"Résultat du match";"Uta Arad gagne";"2.68";"Pinnacle";"2";"5";"recent_results | standing";"0";"5";"Non"
"1139";"football:1565267:1:Away:5:public-demo-replay-2026-10-08";"FC Botosani — Uta Arad";"Liga I";"Résultat du match";"Uta Arad gagne";"2.68";"SBO";"2";"5";"recent_results | standing";"0";"5";"Non"
"1140";"football:1565267:1:Away:7:public-demo-replay-2026-10-08";"FC Botosani — Uta Arad";"Liga I";"Résultat du match";"Uta Arad gagne";"2.62";"William Hill";"2";"5";"recent_results | standing";"0";"5";"Non"
"1141";"football:1565267:1:Away:8:public-demo-replay-2026-10-08";"FC Botosani — Uta Arad";"Liga I";"Résultat du match";"Uta Arad gagne";"2.8";"Bet365";"2";"5";"recent_results | standing";"0";"5";"Non"
"1142";"football:1565267:1:Away:9:public-demo-replay-2026-10-08";"FC Botosani — Uta Arad";"Liga I";"Résultat du match";"Uta Arad gagne";"2.85";"Dafabet";"2";"5";"recent_results | standing";"0";"5";"Non"
"1143";"football:1565267:12:Draw/Away:11:public-demo-replay-2026-10-08";"FC Botosani — Uta Arad";"Liga I";"Double chance";"Uta Arad ou nul";"1.52";"1xBet";"2";"5";"recent_results | standing";"0";"5";"Non"
"1144";"football:1565267:12:Draw/Away:2:public-demo-replay-2026-10-08";"FC Botosani — Uta Arad";"Liga I";"Double chance";"Uta Arad ou nul";"1.52";"Marathonbet";"2";"5";"recent_results | standing";"0";"5";"Non"
"1145";"football:1565267:12:Draw/Away:3:public-demo-replay-2026-10-08";"FC Botosani — Uta Arad";"Liga I";"Double chance";"Uta Arad ou nul";"1.62";"Betfair";"2";"5";"recent_results | standing";"0";"5";"Non"
"1146";"football:1565267:12:Draw/Away:32:public-demo-replay-2026-10-08";"FC Botosani — Uta Arad";"Liga I";"Double chance";"Uta Arad ou nul";"1.62";"Betano";"2";"5";"recent_results | standing";"0";"5";"Non"
"1147";"football:1565267:12:Draw/Away:36:public-demo-replay-2026-10-08";"FC Botosani — Uta Arad";"Liga I";"Double chance";"Uta Arad ou nul";"1.53";"BetVictor";"2";"5";"recent_results | standing";"0";"5";"Non"
"1148";"football:1565267:12:Draw/Away:5:public-demo-replay-2026-10-08";"FC Botosani — Uta Arad";"Liga I";"Double chance";"Uta Arad ou nul";"1.51";"SBO";"2";"5";"recent_results | standing";"0";"5";"Non"
"1149";"football:1565267:12:Draw/Away:7:public-demo-replay-2026-10-08";"FC Botosani — Uta Arad";"Liga I";"Double chance";"Uta Arad ou nul";"1.57";"William Hill";"2";"5";"recent_results | standing";"0";"5";"Non"
"1150";"football:1565267:12:Draw/Away:8:public-demo-replay-2026-10-08";"FC Botosani — Uta Arad";"Liga I";"Double chance";"Uta Arad ou nul";"1.57";"Bet365";"2";"5";"recent_results | standing";"0";"5";"Non"
"1151";"football:1569964:1:Home:11:public-demo-replay-2026-10-08";"AD Ceuta FC — Sabadell";"Segunda División";"Résultat du match";"AD Ceuta FC gagne";"3.48";"1xBet";"1";"11";"recent_results";"0";"5";"Non"
"1152";"football:1569964:1:Home:2:public-demo-replay-2026-10-08";"AD Ceuta FC — Sabadell";"Segunda División";"Résultat du match";"AD Ceuta FC gagne";"3.38";"Marathonbet";"1";"11";"recent_results";"0";"5";"Non"
"1153";"football:1569964:1:Home:3:public-demo-replay-2026-10-08";"AD Ceuta FC — Sabadell";"Segunda División";"Résultat du match";"AD Ceuta FC gagne";"3.25";"Betfair";"1";"11";"recent_results";"0";"5";"Non"
"1154";"football:1569964:1:Home:32:public-demo-replay-2026-10-08";"AD Ceuta FC — Sabadell";"Segunda División";"Résultat du match";"AD Ceuta FC gagne";"3.45";"Betano";"1";"11";"recent_results";"0";"5";"Non"
"1155";"football:1569964:1:Home:36:public-demo-replay-2026-10-08";"AD Ceuta FC — Sabadell";"Segunda División";"Résultat du match";"AD Ceuta FC gagne";"3.3";"BetVictor";"1";"11";"recent_results";"0";"5";"Non"
"1156";"football:1569964:1:Home:4:public-demo-replay-2026-10-08";"AD Ceuta FC — Sabadell";"Segunda División";"Résultat du match";"AD Ceuta FC gagne";"3.51";"Pinnacle";"1";"11";"recent_results";"0";"5";"Non"
"1157";"football:1569964:1:Home:5:public-demo-replay-2026-10-08";"AD Ceuta FC — Sabadell";"Segunda División";"Résultat du match";"AD Ceuta FC gagne";"2.94";"SBO";"1";"11";"recent_results";"0";"5";"Non"
"1158";"football:1569964:1:Home:7:public-demo-replay-2026-10-08";"AD Ceuta FC — Sabadell";"Segunda División";"Résultat du match";"AD Ceuta FC gagne";"3.25";"William Hill";"1";"11";"recent_results";"0";"5";"Non"
"1159";"football:1569964:1:Home:8:public-demo-replay-2026-10-08";"AD Ceuta FC — Sabadell";"Segunda División";"Résultat du match";"AD Ceuta FC gagne";"3.5";"Bet365";"1";"11";"recent_results";"0";"5";"Non"
"1160";"football:1569964:1:Home:9:public-demo-replay-2026-10-08";"AD Ceuta FC — Sabadell";"Segunda División";"Résultat du match";"AD Ceuta FC gagne";"3.45";"Dafabet";"1";"11";"recent_results";"0";"5";"Non"
"1161";"football:1569964:12:Home/Draw:11:public-demo-replay-2026-10-08";"AD Ceuta FC — Sabadell";"Segunda División";"Double chance";"AD Ceuta FC ou nul";"1.73";"1xBet";"1";"11";"recent_results";"0";"5";"Non"
"1162";"football:1569964:12:Home/Draw:2:public-demo-replay-2026-10-08";"AD Ceuta FC — Sabadell";"Segunda División";"Double chance";"AD Ceuta FC ou nul";"1.7";"Marathonbet";"1";"11";"recent_results";"0";"5";"Non"
"1163";"football:1569964:12:Home/Draw:3:public-demo-replay-2026-10-08";"AD Ceuta FC — Sabadell";"Segunda División";"Double chance";"AD Ceuta FC ou nul";"1.67";"Betfair";"1";"11";"recent_results";"0";"5";"Non"
"1164";"football:1569964:12:Home/Draw:32:public-demo-replay-2026-10-08";"AD Ceuta FC — Sabadell";"Segunda División";"Double chance";"AD Ceuta FC ou nul";"1.7";"Betano";"1";"11";"recent_results";"0";"5";"Non"
"1165";"football:1569964:12:Home/Draw:36:public-demo-replay-2026-10-08";"AD Ceuta FC — Sabadell";"Segunda División";"Double chance";"AD Ceuta FC ou nul";"1.65";"BetVictor";"1";"11";"recent_results";"0";"5";"Non"
"1166";"football:1569964:12:Home/Draw:5:public-demo-replay-2026-10-08";"AD Ceuta FC — Sabadell";"Segunda División";"Double chance";"AD Ceuta FC ou nul";"1.68";"SBO";"1";"11";"recent_results";"0";"5";"Non"
"1167";"football:1569964:12:Home/Draw:7:public-demo-replay-2026-10-08";"AD Ceuta FC — Sabadell";"Segunda División";"Double chance";"AD Ceuta FC ou nul";"1.73";"William Hill";"1";"11";"recent_results";"0";"5";"Non"
"1168";"football:1569964:12:Home/Draw:8:public-demo-replay-2026-10-08";"AD Ceuta FC — Sabadell";"Segunda División";"Double chance";"AD Ceuta FC ou nul";"1.73";"Bet365";"1";"11";"recent_results";"0";"5";"Non"
"1169";"football:1552182:1:Home:11:public-demo-replay-2026-10-08";"GO Ahead Eagles — Sparta Rotterdam";"Eredivisie";"Résultat du match";"GO Ahead Eagles gagne";"1.78";"1xBet";"2";"5";"recent_results | standing";"0";"5";"Non"
"1170";"football:1552182:1:Home:2:public-demo-replay-2026-10-08";"GO Ahead Eagles — Sparta Rotterdam";"Eredivisie";"Résultat du match";"GO Ahead Eagles gagne";"1.73";"Marathonbet";"2";"5";"recent_results | standing";"0";"5";"Non"
"1171";"football:1552182:1:Home:3:public-demo-replay-2026-10-08";"GO Ahead Eagles — Sparta Rotterdam";"Eredivisie";"Résultat du match";"GO Ahead Eagles gagne";"1.75";"Betfair";"2";"5";"recent_results | standing";"0";"5";"Non"
"1172";"football:1552182:1:Home:32:public-demo-replay-2026-10-08";"GO Ahead Eagles — Sparta Rotterdam";"Eredivisie";"Résultat du match";"GO Ahead Eagles gagne";"1.78";"Betano";"2";"5";"recent_results | standing";"0";"5";"Non"
"1173";"football:1552182:1:Home:36:public-demo-replay-2026-10-08";"GO Ahead Eagles — Sparta Rotterdam";"Eredivisie";"Résultat du match";"GO Ahead Eagles gagne";"1.75";"BetVictor";"2";"5";"recent_results | standing";"0";"5";"Non"
"1174";"football:1552182:1:Home:4:public-demo-replay-2026-10-08";"GO Ahead Eagles — Sparta Rotterdam";"Eredivisie";"Résultat du match";"GO Ahead Eagles gagne";"1.78";"Pinnacle";"2";"5";"recent_results | standing";"0";"5";"Non"
"1175";"football:1552182:1:Home:5:public-demo-replay-2026-10-08";"GO Ahead Eagles — Sparta Rotterdam";"Eredivisie";"Résultat du match";"GO Ahead Eagles gagne";"1.72";"SBO";"2";"5";"recent_results | standing";"0";"5";"Non"
"1176";"football:1552182:1:Home:7:public-demo-replay-2026-10-08";"GO Ahead Eagles — Sparta Rotterdam";"Eredivisie";"Résultat du match";"GO Ahead Eagles gagne";"1.75";"William Hill";"2";"5";"recent_results | standing";"0";"5";"Non"
"1177";"football:1552182:1:Home:8:public-demo-replay-2026-10-08";"GO Ahead Eagles — Sparta Rotterdam";"Eredivisie";"Résultat du match";"GO Ahead Eagles gagne";"1.75";"Bet365";"2";"5";"recent_results | standing";"0";"5";"Non"
"1178";"football:1552182:12:Home/Draw:11:public-demo-replay-2026-10-08";"GO Ahead Eagles — Sparta Rotterdam";"Eredivisie";"Double chance";"GO Ahead Eagles ou nul";"1.23";"1xBet";"2";"5";"recent_results | standing";"0";"5";"Non"
"1179";"football:1552182:12:Home/Draw:2:public-demo-replay-2026-10-08";"GO Ahead Eagles — Sparta Rotterdam";"Eredivisie";"Double chance";"GO Ahead Eagles ou nul";"1.2";"Marathonbet";"2";"5";"recent_results | standing";"0";"5";"Non"
"1180";"football:1552182:12:Home/Draw:3:public-demo-replay-2026-10-08";"GO Ahead Eagles — Sparta Rotterdam";"Eredivisie";"Double chance";"GO Ahead Eagles ou nul";"1.22";"Betfair";"2";"5";"recent_results | standing";"0";"5";"Non"
"1181";"football:1552182:12:Home/Draw:32:public-demo-replay-2026-10-08";"GO Ahead Eagles — Sparta Rotterdam";"Eredivisie";"Double chance";"GO Ahead Eagles ou nul";"1.25";"Betano";"2";"5";"recent_results | standing";"0";"5";"Non"
"1182";"football:1552182:12:Home/Draw:36:public-demo-replay-2026-10-08";"GO Ahead Eagles — Sparta Rotterdam";"Eredivisie";"Double chance";"GO Ahead Eagles ou nul";"1.25";"BetVictor";"2";"5";"recent_results | standing";"0";"5";"Non"
"1183";"football:1552182:12:Home/Draw:5:public-demo-replay-2026-10-08";"GO Ahead Eagles — Sparta Rotterdam";"Eredivisie";"Double chance";"GO Ahead Eagles ou nul";"1.17";"SBO";"2";"5";"recent_results | standing";"0";"5";"Non"
"1184";"football:1552182:12:Home/Draw:7:public-demo-replay-2026-10-08";"GO Ahead Eagles — Sparta Rotterdam";"Eredivisie";"Double chance";"GO Ahead Eagles ou nul";"1.25";"William Hill";"2";"5";"recent_results | standing";"0";"5";"Non"
"1185";"football:1552182:12:Home/Draw:8:public-demo-replay-2026-10-08";"GO Ahead Eagles — Sparta Rotterdam";"Eredivisie";"Double chance";"GO Ahead Eagles ou nul";"1.22";"Bet365";"2";"5";"recent_results | standing";"0";"5";"Non"
"1186";"football:1603036:1:Home:11:public-demo-replay-2026-10-08";"Al-Ettifaq — Al Khaleej Saihat";"Pro League";"Résultat du match";"Al-Ettifaq gagne";"1.99";"1xBet";"2";"3";"recent_results | standing";"0";"5";"Non"
"1187";"football:1603036:1:Home:2:public-demo-replay-2026-10-08";"Al-Ettifaq — Al Khaleej Saihat";"Pro League";"Résultat du match";"Al-Ettifaq gagne";"1.9";"Marathonbet";"2";"3";"recent_results | standing";"0";"5";"Non"
"1188";"football:1603036:1:Home:3:public-demo-replay-2026-10-08";"Al-Ettifaq — Al Khaleej Saihat";"Pro League";"Résultat du match";"Al-Ettifaq gagne";"1.95";"Betfair";"2";"3";"recent_results | standing";"0";"5";"Non"
"1189";"football:1603036:1:Home:32:public-demo-replay-2026-10-08";"Al-Ettifaq — Al Khaleej Saihat";"Pro League";"Résultat du match";"Al-Ettifaq gagne";"1.98";"Betano";"2";"3";"recent_results | standing";"0";"5";"Non"
"1190";"football:1603036:1:Home:4:public-demo-replay-2026-10-08";"Al-Ettifaq — Al Khaleej Saihat";"Pro League";"Résultat du match";"Al-Ettifaq gagne";"1.96";"Pinnacle";"2";"3";"recent_results | standing";"0";"5";"Non"
"1191";"football:1603036:1:Home:5:public-demo-replay-2026-10-08";"Al-Ettifaq — Al Khaleej Saihat";"Pro League";"Résultat du match";"Al-Ettifaq gagne";"1.93";"SBO";"2";"3";"recent_results | standing";"0";"5";"Non"
"1192";"football:1603036:1:Home:7:public-demo-replay-2026-10-08";"Al-Ettifaq — Al Khaleej Saihat";"Pro League";"Résultat du match";"Al-Ettifaq gagne";"1.95";"William Hill";"2";"3";"recent_results | standing";"0";"5";"Non"
"1193";"football:1603036:1:Home:8:public-demo-replay-2026-10-08";"Al-Ettifaq — Al Khaleej Saihat";"Pro League";"Résultat du match";"Al-Ettifaq gagne";"1.91";"Bet365";"2";"3";"recent_results | standing";"0";"5";"Non"
"1194";"football:1603036:1:Home:9:public-demo-replay-2026-10-08";"Al-Ettifaq — Al Khaleej Saihat";"Pro League";"Résultat du match";"Al-Ettifaq gagne";"2.01";"Dafabet";"2";"3";"recent_results | standing";"0";"5";"Non"
"1195";"football:1603036:12:Home/Draw:11:public-demo-replay-2026-10-08";"Al-Ettifaq — Al Khaleej Saihat";"Pro League";"Double chance";"Al-Ettifaq ou nul";"1.27";"1xBet";"2";"3";"recent_results | standing";"0";"5";"Non"
"1196";"football:1603036:12:Home/Draw:2:public-demo-replay-2026-10-08";"Al-Ettifaq — Al Khaleej Saihat";"Pro League";"Double chance";"Al-Ettifaq ou nul";"1.23";"Marathonbet";"2";"3";"recent_results | standing";"0";"5";"Non"
"1197";"football:1603036:12:Home/Draw:3:public-demo-replay-2026-10-08";"Al-Ettifaq — Al Khaleej Saihat";"Pro League";"Double chance";"Al-Ettifaq ou nul";"1.29";"Betfair";"2";"3";"recent_results | standing";"0";"5";"Non"
"1198";"football:1603036:12:Home/Draw:32:public-demo-replay-2026-10-08";"Al-Ettifaq — Al Khaleej Saihat";"Pro League";"Double chance";"Al-Ettifaq ou nul";"1.31";"Betano";"2";"3";"recent_results | standing";"0";"5";"Non"
"1199";"football:1603036:12:Home/Draw:5:public-demo-replay-2026-10-08";"Al-Ettifaq — Al Khaleej Saihat";"Pro League";"Double chance";"Al-Ettifaq ou nul";"1.2";"SBO";"2";"3";"recent_results | standing";"0";"5";"Non"
"1200";"football:1603036:12:Home/Draw:7:public-demo-replay-2026-10-08";"Al-Ettifaq — Al Khaleej Saihat";"Pro League";"Double chance";"Al-Ettifaq ou nul";"1.25";"William Hill";"2";"3";"recent_results | standing";"0";"5";"Non"
"1201";"football:1603036:12:Home/Draw:8:public-demo-replay-2026-10-08";"Al-Ettifaq — Al Khaleej Saihat";"Pro League";"Double chance";"Al-Ettifaq ou nul";"1.3";"Bet365";"2";"3";"recent_results | standing";"0";"5";"Non"
"1202";"football:1561938:1:Home:11:public-demo-replay-2026-10-08";"Grazer AK — Red Bull Salzburg";"Bundesliga";"Résultat du match";"Grazer AK gagne";"5.81";"1xBet";"1";"11";"recent_results";"0";"5";"Non"
"1203";"football:1561938:1:Home:2:public-demo-replay-2026-10-08";"Grazer AK — Red Bull Salzburg";"Bundesliga";"Résultat du match";"Grazer AK gagne";"5.8";"Marathonbet";"1";"11";"recent_results";"0";"5";"Non"
"1204";"football:1561938:1:Home:32:public-demo-replay-2026-10-08";"Grazer AK — Red Bull Salzburg";"Bundesliga";"Résultat du match";"Grazer AK gagne";"5.7";"Betano";"1";"11";"recent_results";"0";"5";"Non"
"1205";"football:1561938:1:Home:36:public-demo-replay-2026-10-08";"Grazer AK — Red Bull Salzburg";"Bundesliga";"Résultat du match";"Grazer AK gagne";"5.75";"BetVictor";"1";"11";"recent_results";"0";"5";"Non"
"1206";"football:1561938:1:Home:4:public-demo-replay-2026-10-08";"Grazer AK — Red Bull Salzburg";"Bundesliga";"Résultat du match";"Grazer AK gagne";"5.67";"Pinnacle";"1";"11";"recent_results";"0";"5";"Non"
"1207";"football:1561938:1:Home:5:public-demo-replay-2026-10-08";"Grazer AK — Red Bull Salzburg";"Bundesliga";"Résultat du match";"Grazer AK gagne";"5.22";"SBO";"1";"11";"recent_results";"0";"5";"Non"
"1208";"football:1561938:1:Home:7:public-demo-replay-2026-10-08";"Grazer AK — Red Bull Salzburg";"Bundesliga";"Résultat du match";"Grazer AK gagne";"5.5";"William Hill";"1";"11";"recent_results";"0";"5";"Non"
"1209";"football:1561938:1:Home:8:public-demo-replay-2026-10-08";"Grazer AK — Red Bull Salzburg";"Bundesliga";"Résultat du match";"Grazer AK gagne";"6";"Bet365";"1";"11";"recent_results";"0";"5";"Non"
"1210";"football:1561938:12:Home/Draw:11:public-demo-replay-2026-10-08";"Grazer AK — Red Bull Salzburg";"Bundesliga";"Double chance";"Grazer AK ou nul";"2.6";"1xBet";"1";"11";"recent_results";"0";"5";"Non"
"1211";"football:1561938:12:Home/Draw:2:public-demo-replay-2026-10-08";"Grazer AK — Red Bull Salzburg";"Bundesliga";"Double chance";"Grazer AK ou nul";"2.6";"Marathonbet";"1";"11";"recent_results";"0";"5";"Non"
"1212";"football:1561938:12:Home/Draw:32:public-demo-replay-2026-10-08";"Grazer AK — Red Bull Salzburg";"Bundesliga";"Double chance";"Grazer AK ou nul";"2.72";"Betano";"1";"11";"recent_results";"0";"5";"Non"
"1213";"football:1561938:12:Home/Draw:36:public-demo-replay-2026-10-08";"Grazer AK — Red Bull Salzburg";"Bundesliga";"Double chance";"Grazer AK ou nul";"2.55";"BetVictor";"1";"11";"recent_results";"0";"5";"Non"
"1214";"football:1561938:12:Home/Draw:5:public-demo-replay-2026-10-08";"Grazer AK — Red Bull Salzburg";"Bundesliga";"Double chance";"Grazer AK ou nul";"2.5";"SBO";"1";"11";"recent_results";"0";"5";"Non"
"1215";"football:1561938:12:Home/Draw:7:public-demo-replay-2026-10-08";"Grazer AK — Red Bull Salzburg";"Bundesliga";"Double chance";"Grazer AK ou nul";"2.5";"William Hill";"1";"11";"recent_results";"0";"5";"Non"
"1216";"football:1561938:12:Home/Draw:8:public-demo-replay-2026-10-08";"Grazer AK — Red Bull Salzburg";"Bundesliga";"Double chance";"Grazer AK ou nul";"2.62";"Bet365";"1";"11";"recent_results";"0";"5";"Non"
"1217";"football:1552776:5:Under 2.5:11:public-demo-replay-2026-10-08";"Lille — Le Havre";"Ligue 1";"Plus/Moins de buts";"Moins de 2,5 buts";"2.3";"1xBet";"1";"6";"recent_results";"0";"5";"Non"
"1218";"football:1552776:5:Under 2.5:2:public-demo-replay-2026-10-08";"Lille — Le Havre";"Ligue 1";"Plus/Moins de buts";"Moins de 2,5 buts";"2.23";"Marathonbet";"1";"6";"recent_results";"0";"5";"Non"
"1219";"football:1552776:5:Under 2.5:3:public-demo-replay-2026-10-08";"Lille — Le Havre";"Ligue 1";"Plus/Moins de buts";"Moins de 2,5 buts";"2.25";"Betfair";"1";"6";"recent_results";"0";"5";"Non"
"1220";"football:1552776:5:Under 2.5:32:public-demo-replay-2026-10-08";"Lille — Le Havre";"Ligue 1";"Plus/Moins de buts";"Moins de 2,5 buts";"2.27";"Betano";"1";"6";"recent_results";"0";"5";"Non"
"1221";"football:1552776:5:Under 2.5:36:public-demo-replay-2026-10-08";"Lille — Le Havre";"Ligue 1";"Plus/Moins de buts";"Moins de 2,5 buts";"2.17";"BetVictor";"1";"6";"recent_results";"0";"5";"Non"
"1222";"football:1552776:5:Under 2.5:4:public-demo-replay-2026-10-08";"Lille — Le Havre";"Ligue 1";"Plus/Moins de buts";"Moins de 2,5 buts";"2.35";"Pinnacle";"1";"6";"recent_results";"0";"5";"Non"
"1223";"football:1552776:5:Under 2.5:8:public-demo-replay-2026-10-08";"Lille — Le Havre";"Ligue 1";"Plus/Moins de buts";"Moins de 2,5 buts";"2.3";"Bet365";"1";"6";"recent_results";"0";"5";"Non"
"1224";"football:1601549:1:Away:11:public-demo-replay-2026-10-08";"Vicenza Virtus — Pisa";"Serie B";"Résultat du match";"Pisa gagne";"2.35";"1xBet";"2";"4";"recent_results | standing";"0";"5";"Non"
"1225";"football:1601549:1:Away:2:public-demo-replay-2026-10-08";"Vicenza Virtus — Pisa";"Serie B";"Résultat du match";"Pisa gagne";"2.33";"Marathonbet";"2";"4";"recent_results | standing";"0";"5";"Non"
"1226";"football:1601549:1:Away:3:public-demo-replay-2026-10-08";"Vicenza Virtus — Pisa";"Serie B";"Résultat du match";"Pisa gagne";"2.25";"Betfair";"2";"4";"recent_results | standing";"0";"5";"Non"
"1227";"football:1601549:1:Away:32:public-demo-replay-2026-10-08";"Vicenza Virtus — Pisa";"Serie B";"Résultat du match";"Pisa gagne";"2.37";"Betano";"2";"4";"recent_results | standing";"0";"5";"Non"
"1228";"football:1601549:1:Away:36:public-demo-replay-2026-10-08";"Vicenza Virtus — Pisa";"Serie B";"Résultat du match";"Pisa gagne";"2.25";"BetVictor";"2";"4";"recent_results | standing";"0";"5";"Non"
"1229";"football:1601549:1:Away:4:public-demo-replay-2026-10-08";"Vicenza Virtus — Pisa";"Serie B";"Résultat du match";"Pisa gagne";"2.35";"Pinnacle";"2";"4";"recent_results | standing";"0";"5";"Non"
"1230";"football:1601549:1:Away:5:public-demo-replay-2026-10-08";"Vicenza Virtus — Pisa";"Serie B";"Résultat du match";"Pisa gagne";"2.17";"SBO";"2";"4";"recent_results | standing";"0";"5";"Non"
"1231";"football:1601549:1:Away:7:public-demo-replay-2026-10-08";"Vicenza Virtus — Pisa";"Serie B";"Résultat du match";"Pisa gagne";"2.3";"William Hill";"2";"4";"recent_results | standing";"0";"5";"Non"
"1232";"football:1601549:1:Away:8:public-demo-replay-2026-10-08";"Vicenza Virtus — Pisa";"Serie B";"Résultat du match";"Pisa gagne";"2.25";"Bet365";"2";"4";"recent_results | standing";"0";"5";"Non"
"1233";"football:1601549:12:Draw/Away:11:public-demo-replay-2026-10-08";"Vicenza Virtus — Pisa";"Serie B";"Double chance";"Pisa ou nul";"1.38";"1xBet";"2";"4";"recent_results | standing";"0";"5";"Non"
"1234";"football:1601549:12:Draw/Away:2:public-demo-replay-2026-10-08";"Vicenza Virtus — Pisa";"Serie B";"Double chance";"Pisa ou nul";"1.38";"Marathonbet";"2";"4";"recent_results | standing";"0";"5";"Non"
"1235";"football:1601549:12:Draw/Away:3:public-demo-replay-2026-10-08";"Vicenza Virtus — Pisa";"Serie B";"Double chance";"Pisa ou nul";"1.4";"Betfair";"2";"4";"recent_results | standing";"0";"5";"Non"
"1236";"football:1601549:12:Draw/Away:32:public-demo-replay-2026-10-08";"Vicenza Virtus — Pisa";"Serie B";"Double chance";"Pisa ou nul";"1.42";"Betano";"2";"4";"recent_results | standing";"0";"5";"Non"
"1237";"football:1601549:12:Draw/Away:36:public-demo-replay-2026-10-08";"Vicenza Virtus — Pisa";"Serie B";"Double chance";"Pisa ou nul";"1.36";"BetVictor";"2";"4";"recent_results | standing";"0";"5";"Non"
"1238";"football:1601549:12:Draw/Away:5:public-demo-replay-2026-10-08";"Vicenza Virtus — Pisa";"Serie B";"Double chance";"Pisa ou nul";"1.33";"SBO";"2";"4";"recent_results | standing";"0";"5";"Non"
"1239";"football:1601549:12:Draw/Away:7:public-demo-replay-2026-10-08";"Vicenza Virtus — Pisa";"Serie B";"Double chance";"Pisa ou nul";"1.4";"William Hill";"2";"4";"recent_results | standing";"0";"5";"Non"
"1240";"football:1601549:12:Draw/Away:8:public-demo-replay-2026-10-08";"Vicenza Virtus — Pisa";"Serie B";"Double chance";"Pisa ou nul";"1.4";"Bet365";"2";"4";"recent_results | standing";"0";"5";"Non"
"1241";"football:1555402:1:Home:11:public-demo-replay-2026-10-08";"FC Zurich — FC Thun";"Super League";"Résultat du match";"FC Zurich gagne";"2.66";"1xBet";"2";"7";"recent_results | standing";"0";"5";"Non"
"1242";"football:1555402:1:Home:2:public-demo-replay-2026-10-08";"FC Zurich — FC Thun";"Super League";"Résultat du match";"FC Zurich gagne";"2.65";"Marathonbet";"2";"7";"recent_results | standing";"0";"5";"Non"
"1243";"football:1555402:1:Home:3:public-demo-replay-2026-10-08";"FC Zurich — FC Thun";"Super League";"Résultat du match";"FC Zurich gagne";"2.55";"Betfair";"2";"7";"recent_results | standing";"0";"5";"Non"
"1244";"football:1555402:1:Home:32:public-demo-replay-2026-10-08";"FC Zurich — FC Thun";"Super League";"Résultat du match";"FC Zurich gagne";"2.7";"Betano";"2";"7";"recent_results | standing";"0";"5";"Non"
"1245";"football:1555402:1:Home:36:public-demo-replay-2026-10-08";"FC Zurich — FC Thun";"Super League";"Résultat du match";"FC Zurich gagne";"2.63";"BetVictor";"2";"7";"recent_results | standing";"0";"5";"Non"
"1246";"football:1555402:1:Home:4:public-demo-replay-2026-10-08";"FC Zurich — FC Thun";"Super League";"Résultat du match";"FC Zurich gagne";"2.81";"Pinnacle";"2";"7";"recent_results | standing";"0";"5";"Non"
"1247";"football:1555402:1:Home:5:public-demo-replay-2026-10-08";"FC Zurich — FC Thun";"Super League";"Résultat du match";"FC Zurich gagne";"2.43";"SBO";"2";"7";"recent_results | standing";"0";"5";"Non"
"1248";"football:1555402:1:Home:7:public-demo-replay-2026-10-08";"FC Zurich — FC Thun";"Super League";"Résultat du match";"FC Zurich gagne";"2.7";"William Hill";"2";"7";"recent_results | standing";"0";"5";"Non"
"1249";"football:1555402:1:Home:8:public-demo-replay-2026-10-08";"FC Zurich — FC Thun";"Super League";"Résultat du match";"FC Zurich gagne";"2.5";"Bet365";"2";"7";"recent_results | standing";"0";"5";"Non"
"1250";"football:1555402:12:Home/Draw:11:public-demo-replay-2026-10-08";"FC Zurich — FC Thun";"Super League";"Double chance";"FC Zurich ou nul";"1.61";"1xBet";"2";"7";"recent_results | standing";"0";"5";"Non"
"1251";"football:1555402:12:Home/Draw:2:public-demo-replay-2026-10-08";"FC Zurich — FC Thun";"Super League";"Double chance";"FC Zurich ou nul";"1.61";"Marathonbet";"2";"7";"recent_results | standing";"0";"5";"Non"
"1252";"football:1555402:12:Home/Draw:3:public-demo-replay-2026-10-08";"FC Zurich — FC Thun";"Super League";"Double chance";"FC Zurich ou nul";"1.62";"Betfair";"2";"7";"recent_results | standing";"0";"5";"Non"
"1253";"football:1555402:12:Home/Draw:32:public-demo-replay-2026-10-08";"FC Zurich — FC Thun";"Super League";"Double chance";"FC Zurich ou nul";"1.65";"Betano";"2";"7";"recent_results | standing";"0";"5";"Non"
"1254";"football:1555402:12:Home/Draw:36:public-demo-replay-2026-10-08";"FC Zurich — FC Thun";"Super League";"Double chance";"FC Zurich ou nul";"1.57";"BetVictor";"2";"7";"recent_results | standing";"0";"5";"Non"
"1255";"football:1555402:12:Home/Draw:5:public-demo-replay-2026-10-08";"FC Zurich — FC Thun";"Super League";"Double chance";"FC Zurich ou nul";"1.52";"SBO";"2";"7";"recent_results | standing";"0";"5";"Non"
"1256";"football:1555402:12:Home/Draw:7:public-demo-replay-2026-10-08";"FC Zurich — FC Thun";"Super League";"Double chance";"FC Zurich ou nul";"1.6";"William Hill";"2";"7";"recent_results | standing";"0";"5";"Non"
"1257";"football:1555402:12:Home/Draw:8:public-demo-replay-2026-10-08";"FC Zurich — FC Thun";"Super League";"Double chance";"FC Zurich ou nul";"1.57";"Bet365";"2";"7";"recent_results | standing";"0";"5";"Non"
"1258";"football:1557425:1:Home:11:public-demo-replay-2026-10-08";"Manchester United — Tottenham";"Premier League";"Résultat du match";"Manchester United gagne";"1.76";"1xBet";"2";"4";"recent_results | standing";"0";"5";"Non"
"1259";"football:1557425:1:Home:2:public-demo-replay-2026-10-08";"Manchester United — Tottenham";"Premier League";"Résultat du match";"Manchester United gagne";"1.71";"Marathonbet";"2";"4";"recent_results | standing";"0";"5";"Non"
"1260";"football:1557425:1:Home:3:public-demo-replay-2026-10-08";"Manchester United — Tottenham";"Premier League";"Résultat du match";"Manchester United gagne";"1.67";"Betfair";"2";"4";"recent_results | standing";"0";"5";"Non"
"1261";"football:1557425:1:Home:32:public-demo-replay-2026-10-08";"Manchester United — Tottenham";"Premier League";"Résultat du match";"Manchester United gagne";"1.72";"Betano";"2";"4";"recent_results | standing";"0";"5";"Non"
"1262";"football:1557425:1:Home:36:public-demo-replay-2026-10-08";"Manchester United — Tottenham";"Premier League";"Résultat du match";"Manchester United gagne";"1.67";"BetVictor";"2";"4";"recent_results | standing";"0";"5";"Non"
"1263";"football:1557425:1:Home:4:public-demo-replay-2026-10-08";"Manchester United — Tottenham";"Premier League";"Résultat du match";"Manchester United gagne";"1.74";"Pinnacle";"2";"4";"recent_results | standing";"0";"5";"Non"
"1264";"football:1557425:1:Home:5:public-demo-replay-2026-10-08";"Manchester United — Tottenham";"Premier League";"Résultat du match";"Manchester United gagne";"1.68";"SBO";"2";"4";"recent_results | standing";"0";"5";"Non"
"1265";"football:1557425:1:Home:7:public-demo-replay-2026-10-08";"Manchester United — Tottenham";"Premier League";"Résultat du match";"Manchester United gagne";"1.7";"William Hill";"2";"4";"recent_results | standing";"0";"5";"Non"
"1266";"football:1557425:1:Home:8:public-demo-replay-2026-10-08";"Manchester United — Tottenham";"Premier League";"Résultat du match";"Manchester United gagne";"1.7";"Bet365";"2";"4";"recent_results | standing";"0";"5";"Non"
"1267";"football:1557425:12:Home/Draw:11:public-demo-replay-2026-10-08";"Manchester United — Tottenham";"Premier League";"Double chance";"Manchester United ou nul";"1.23";"1xBet";"2";"4";"recent_results | standing";"0";"5";"Non"
"1268";"football:1557425:12:Home/Draw:2:public-demo-replay-2026-10-08";"Manchester United — Tottenham";"Premier League";"Double chance";"Manchester United ou nul";"1.22";"Marathonbet";"2";"4";"recent_results | standing";"0";"5";"Non"
"1269";"football:1557425:12:Home/Draw:3:public-demo-replay-2026-10-08";"Manchester United — Tottenham";"Premier League";"Double chance";"Manchester United ou nul";"1.17";"Betfair";"2";"4";"recent_results | standing";"0";"5";"Non"
"1270";"football:1557425:12:Home/Draw:32:public-demo-replay-2026-10-08";"Manchester United — Tottenham";"Premier League";"Double chance";"Manchester United ou nul";"1.23";"Betano";"2";"4";"recent_results | standing";"0";"5";"Non"
"1271";"football:1557425:12:Home/Draw:36:public-demo-replay-2026-10-08";"Manchester United — Tottenham";"Premier League";"Double chance";"Manchester United ou nul";"1.2";"BetVictor";"2";"4";"recent_results | standing";"0";"5";"Non"
"1272";"football:1557425:12:Home/Draw:5:public-demo-replay-2026-10-08";"Manchester United — Tottenham";"Premier League";"Double chance";"Manchester United ou nul";"1.16";"SBO";"2";"4";"recent_results | standing";"0";"5";"Non"
"1273";"football:1557425:12:Home/Draw:7:public-demo-replay-2026-10-08";"Manchester United — Tottenham";"Premier League";"Double chance";"Manchester United ou nul";"1.2";"William Hill";"2";"4";"recent_results | standing";"0";"5";"Non"
"1274";"football:1557425:12:Home/Draw:8:public-demo-replay-2026-10-08";"Manchester United — Tottenham";"Premier League";"Double chance";"Manchester United ou nul";"1.18";"Bet365";"2";"4";"recent_results | standing";"0";"5";"Non"
"1275";"football:1565265:1:Away:11:public-demo-replay-2026-10-08";"Farul Constanta — Petrolul Ploiesti";"Liga I";"Résultat du match";"Petrolul Ploiesti gagne";"3.6";"1xBet";"2";"3";"recent_results | standing";"0";"5";"Non"
"1276";"football:1565265:1:Away:2:public-demo-replay-2026-10-08";"Farul Constanta — Petrolul Ploiesti";"Liga I";"Résultat du match";"Petrolul Ploiesti gagne";"3.58";"Marathonbet";"2";"3";"recent_results | standing";"0";"5";"Non"
"1277";"football:1565265:1:Away:3:public-demo-replay-2026-10-08";"Farul Constanta — Petrolul Ploiesti";"Liga I";"Résultat du match";"Petrolul Ploiesti gagne";"3.8";"Betfair";"2";"3";"recent_results | standing";"0";"5";"Non"
"1278";"football:1565265:1:Away:32:public-demo-replay-2026-10-08";"Farul Constanta — Petrolul Ploiesti";"Liga I";"Résultat du match";"Petrolul Ploiesti gagne";"3.8";"Betano";"2";"3";"recent_results | standing";"0";"5";"Non"
"1279";"football:1565265:1:Away:36:public-demo-replay-2026-10-08";"Farul Constanta — Petrolul Ploiesti";"Liga I";"Résultat du match";"Petrolul Ploiesti gagne";"3.75";"BetVictor";"2";"3";"recent_results | standing";"0";"5";"Non"
"1280";"football:1565265:1:Away:4:public-demo-replay-2026-10-08";"Farul Constanta — Petrolul Ploiesti";"Liga I";"Résultat du match";"Petrolul Ploiesti gagne";"3.85";"Pinnacle";"2";"3";"recent_results | standing";"0";"5";"Non"
"1281";"football:1565265:1:Away:5:public-demo-replay-2026-10-08";"Farul Constanta — Petrolul Ploiesti";"Liga I";"Résultat du match";"Petrolul Ploiesti gagne";"3.3";"SBO";"2";"3";"recent_results | standing";"0";"5";"Non"
"1282";"football:1565265:1:Away:7:public-demo-replay-2026-10-08";"Farul Constanta — Petrolul Ploiesti";"Liga I";"Résultat du match";"Petrolul Ploiesti gagne";"3.6";"William Hill";"2";"3";"recent_results | standing";"0";"5";"Non"
"1283";"football:1565265:1:Away:8:public-demo-replay-2026-10-08";"Farul Constanta — Petrolul Ploiesti";"Liga I";"Résultat du match";"Petrolul Ploiesti gagne";"3.7";"Bet365";"2";"3";"recent_results | standing";"0";"5";"Non"
"1284";"football:1565265:1:Away:9:public-demo-replay-2026-10-08";"Farul Constanta — Petrolul Ploiesti";"Liga I";"Résultat du match";"Petrolul Ploiesti gagne";"3.7";"Dafabet";"2";"3";"recent_results | standing";"0";"5";"Non"
"1285";"football:1565265:12:Draw/Away:11:public-demo-replay-2026-10-08";"Farul Constanta — Petrolul Ploiesti";"Liga I";"Double chance";"Petrolul Ploiesti ou nul";"1.79";"1xBet";"2";"3";"recent_results | standing";"0";"5";"Non"
"1286";"football:1565265:12:Draw/Away:2:public-demo-replay-2026-10-08";"Farul Constanta — Petrolul Ploiesti";"Liga I";"Double chance";"Petrolul Ploiesti ou nul";"1.79";"Marathonbet";"2";"3";"recent_results | standing";"0";"5";"Non"
"1287";"football:1565265:12:Draw/Away:3:public-demo-replay-2026-10-08";"Farul Constanta — Petrolul Ploiesti";"Liga I";"Double chance";"Petrolul Ploiesti ou nul";"1.83";"Betfair";"2";"3";"recent_results | standing";"0";"5";"Non"
"1288";"football:1565265:12:Draw/Away:32:public-demo-replay-2026-10-08";"Farul Constanta — Petrolul Ploiesti";"Liga I";"Double chance";"Petrolul Ploiesti ou nul";"1.93";"Betano";"2";"3";"recent_results | standing";"0";"5";"Non"
"1289";"football:1565265:12:Draw/Away:36:public-demo-replay-2026-10-08";"Farul Constanta — Petrolul Ploiesti";"Liga I";"Double chance";"Petrolul Ploiesti ou nul";"1.83";"BetVictor";"2";"3";"recent_results | standing";"0";"5";"Non"
"1290";"football:1565265:12:Draw/Away:5:public-demo-replay-2026-10-08";"Farul Constanta — Petrolul Ploiesti";"Liga I";"Double chance";"Petrolul Ploiesti ou nul";"1.92";"SBO";"2";"3";"recent_results | standing";"0";"5";"Non"
"1291";"football:1565265:12:Draw/Away:7:public-demo-replay-2026-10-08";"Farul Constanta — Petrolul Ploiesti";"Liga I";"Double chance";"Petrolul Ploiesti ou nul";"1.83";"William Hill";"2";"3";"recent_results | standing";"0";"5";"Non"
"1292";"football:1565265:12:Draw/Away:8:public-demo-replay-2026-10-08";"Farul Constanta — Petrolul Ploiesti";"Liga I";"Double chance";"Petrolul Ploiesti ou nul";"1.83";"Bet365";"2";"3";"recent_results | standing";"0";"5";"Non"
"1293";"football:1565266:5:Under 2.5:11:public-demo-replay-2026-10-08";"Arges Pitesti — CFR 1907 Cluj";"Liga I";"Plus/Moins de buts";"Moins de 2,5 buts";"1.64";"1xBet";"1";"7";"recent_results";"0";"10";"Non"
"1294";"football:1565266:5:Under 2.5:2:public-demo-replay-2026-10-08";"Arges Pitesti — CFR 1907 Cluj";"Liga I";"Plus/Moins de buts";"Moins de 2,5 buts";"1.64";"Marathonbet";"1";"7";"recent_results";"0";"10";"Non"
"1295";"football:1565266:5:Under 2.5:32:public-demo-replay-2026-10-08";"Arges Pitesti — CFR 1907 Cluj";"Liga I";"Plus/Moins de buts";"Moins de 2,5 buts";"1.67";"Betano";"1";"7";"recent_results";"0";"10";"Non"
"1296";"football:1565270:1:Home:11:public-demo-replay-2026-10-08";"Universitatea Cluj — Rapid";"Liga I";"Résultat du match";"Universitatea Cluj gagne";"2.55";"1xBet";"1";"8";"recent_results";"0";"5";"Non"
"1297";"football:1565270:1:Home:2:public-demo-replay-2026-10-08";"Universitatea Cluj — Rapid";"Liga I";"Résultat du match";"Universitatea Cluj gagne";"2.55";"Marathonbet";"1";"8";"recent_results";"0";"5";"Non"
"1298";"football:1565270:1:Home:3:public-demo-replay-2026-10-08";"Universitatea Cluj — Rapid";"Liga I";"Résultat du match";"Universitatea Cluj gagne";"2.5";"Betfair";"1";"8";"recent_results";"0";"5";"Non"
"1299";"football:1565270:1:Home:32:public-demo-replay-2026-10-08";"Universitatea Cluj — Rapid";"Liga I";"Résultat du match";"Universitatea Cluj gagne";"2.55";"Betano";"1";"8";"recent_results";"0";"5";"Non"
"1300";"football:1565270:1:Home:9:public-demo-replay-2026-10-08";"Universitatea Cluj — Rapid";"Liga I";"Résultat du match";"Universitatea Cluj gagne";"2.55";"Dafabet";"1";"8";"recent_results";"0";"5";"Non"
"1301";"football:1565270:12:Home/Draw:11:public-demo-replay-2026-10-08";"Universitatea Cluj — Rapid";"Liga I";"Double chance";"Universitatea Cluj ou nul";"1.42";"1xBet";"1";"8";"recent_results";"0";"5";"Non"
"1302";"football:1565270:12:Home/Draw:2:public-demo-replay-2026-10-08";"Universitatea Cluj — Rapid";"Liga I";"Double chance";"Universitatea Cluj ou nul";"1.42";"Marathonbet";"1";"8";"recent_results";"0";"5";"Non"
"1303";"football:1565270:12:Home/Draw:3:public-demo-replay-2026-10-08";"Universitatea Cluj — Rapid";"Liga I";"Double chance";"Universitatea Cluj ou nul";"1.44";"Betfair";"1";"8";"recent_results";"0";"5";"Non"
"1304";"football:1565270:12:Home/Draw:32:public-demo-replay-2026-10-08";"Universitatea Cluj — Rapid";"Liga I";"Double chance";"Universitatea Cluj ou nul";"1.45";"Betano";"1";"8";"recent_results";"0";"5";"Non"
"1305";"football:1561937:1:Away:11:public-demo-replay-2026-10-08";"Austria Vienna — Sturm Graz";"Bundesliga";"Résultat du match";"Sturm Graz gagne";"2.1";"1xBet";"1";"4";"standing";"0";"5";"Non"
"1306";"football:1561937:1:Away:2:public-demo-replay-2026-10-08";"Austria Vienna — Sturm Graz";"Bundesliga";"Résultat du match";"Sturm Graz gagne";"2.08";"Marathonbet";"1";"4";"standing";"0";"5";"Non"
"1307";"football:1561937:1:Away:3:public-demo-replay-2026-10-08";"Austria Vienna — Sturm Graz";"Bundesliga";"Résultat du match";"Sturm Graz gagne";"2.05";"Betfair";"1";"4";"standing";"0";"5";"Non"
"1308";"football:1561937:1:Away:32:public-demo-replay-2026-10-08";"Austria Vienna — Sturm Graz";"Bundesliga";"Résultat du match";"Sturm Graz gagne";"2.22";"Betano";"1";"4";"standing";"0";"5";"Non"
"1309";"football:1561937:1:Away:36:public-demo-replay-2026-10-08";"Austria Vienna — Sturm Graz";"Bundesliga";"Résultat du match";"Sturm Graz gagne";"2.1";"BetVictor";"1";"4";"standing";"0";"5";"Non"
"1310";"football:1561937:1:Away:4:public-demo-replay-2026-10-08";"Austria Vienna — Sturm Graz";"Bundesliga";"Résultat du match";"Sturm Graz gagne";"2.11";"Pinnacle";"1";"4";"standing";"0";"5";"Non"
"1311";"football:1561937:1:Away:5:public-demo-replay-2026-10-08";"Austria Vienna — Sturm Graz";"Bundesliga";"Résultat du match";"Sturm Graz gagne";"2.14";"SBO";"1";"4";"standing";"0";"5";"Non"
"1312";"football:1561937:1:Away:7:public-demo-replay-2026-10-08";"Austria Vienna — Sturm Graz";"Bundesliga";"Résultat du match";"Sturm Graz gagne";"2.1";"William Hill";"1";"4";"standing";"0";"5";"Non"
"1313";"football:1561937:1:Away:8:public-demo-replay-2026-10-08";"Austria Vienna — Sturm Graz";"Bundesliga";"Résultat du match";"Sturm Graz gagne";"2.1";"Bet365";"1";"4";"standing";"0";"5";"Non"
"1314";"football:1561937:1:Home:11:public-demo-replay-2026-10-08";"Austria Vienna — Sturm Graz";"Bundesliga";"Résultat du match";"Austria Vienna gagne";"3.24";"1xBet";"1";"4";"recent_results";"0";"5";"Non"
"1315";"football:1561937:1:Home:2:public-demo-replay-2026-10-08";"Austria Vienna — Sturm Graz";"Bundesliga";"Résultat du match";"Austria Vienna gagne";"3.24";"Marathonbet";"1";"4";"recent_results";"0";"5";"Non"
"1316";"football:1561937:1:Home:3:public-demo-replay-2026-10-08";"Austria Vienna — Sturm Graz";"Bundesliga";"Résultat du match";"Austria Vienna gagne";"3.25";"Betfair";"1";"4";"recent_results";"0";"5";"Non"
"1317";"football:1561937:1:Home:32:public-demo-replay-2026-10-08";"Austria Vienna — Sturm Graz";"Bundesliga";"Résultat du match";"Austria Vienna gagne";"3";"Betano";"1";"4";"recent_results";"0";"5";"Non"
"1318";"football:1561937:1:Home:36:public-demo-replay-2026-10-08";"Austria Vienna — Sturm Graz";"Bundesliga";"Résultat du match";"Austria Vienna gagne";"3.13";"BetVictor";"1";"4";"recent_results";"0";"5";"Non"
"1319";"football:1561937:1:Home:4:public-demo-replay-2026-10-08";"Austria Vienna — Sturm Graz";"Bundesliga";"Résultat du match";"Austria Vienna gagne";"3.34";"Pinnacle";"1";"4";"recent_results";"0";"5";"Non"
"1320";"football:1561937:1:Home:5:public-demo-replay-2026-10-08";"Austria Vienna — Sturm Graz";"Bundesliga";"Résultat du match";"Austria Vienna gagne";"2.85";"SBO";"1";"4";"recent_results";"0";"5";"Non"
"1321";"football:1561937:1:Home:7:public-demo-replay-2026-10-08";"Austria Vienna — Sturm Graz";"Bundesliga";"Résultat du match";"Austria Vienna gagne";"3.2";"William Hill";"1";"4";"recent_results";"0";"5";"Non"
"1322";"football:1561937:1:Home:8:public-demo-replay-2026-10-08";"Austria Vienna — Sturm Graz";"Bundesliga";"Résultat du match";"Austria Vienna gagne";"3.1";"Bet365";"1";"4";"recent_results";"0";"5";"Non"
"1323";"football:1561937:12:Draw/Away:11:public-demo-replay-2026-10-08";"Austria Vienna — Sturm Graz";"Bundesliga";"Double chance";"Sturm Graz ou nul";"1.31";"1xBet";"1";"4";"standing";"0";"5";"Non"
"1324";"football:1561937:12:Draw/Away:2:public-demo-replay-2026-10-08";"Austria Vienna — Sturm Graz";"Bundesliga";"Double chance";"Sturm Graz ou nul";"1.31";"Marathonbet";"1";"4";"standing";"0";"5";"Non"
"1325";"football:1561937:12:Draw/Away:3:public-demo-replay-2026-10-08";"Austria Vienna — Sturm Graz";"Bundesliga";"Double chance";"Sturm Graz ou nul";"1.33";"Betfair";"1";"4";"standing";"0";"5";"Non"
"1326";"football:1561937:12:Draw/Away:32:public-demo-replay-2026-10-08";"Austria Vienna — Sturm Graz";"Bundesliga";"Double chance";"Sturm Graz ou nul";"1.4";"Betano";"1";"4";"standing";"0";"5";"Non"
"1327";"football:1561937:12:Draw/Away:36:public-demo-replay-2026-10-08";"Austria Vienna — Sturm Graz";"Bundesliga";"Double chance";"Sturm Graz ou nul";"1.33";"BetVictor";"1";"4";"standing";"0";"5";"Non"
"1328";"football:1561937:12:Draw/Away:5:public-demo-replay-2026-10-08";"Austria Vienna — Sturm Graz";"Bundesliga";"Double chance";"Sturm Graz ou nul";"1.29";"SBO";"1";"4";"standing";"0";"5";"Non"
"1329";"football:1561937:12:Draw/Away:7:public-demo-replay-2026-10-08";"Austria Vienna — Sturm Graz";"Bundesliga";"Double chance";"Sturm Graz ou nul";"1.3";"William Hill";"1";"4";"standing";"0";"5";"Non"
"1330";"football:1561937:12:Draw/Away:8:public-demo-replay-2026-10-08";"Austria Vienna — Sturm Graz";"Bundesliga";"Double chance";"Sturm Graz ou nul";"1.36";"Bet365";"1";"4";"standing";"0";"5";"Non"
"1331";"football:1561937:12:Home/Draw:11:public-demo-replay-2026-10-08";"Austria Vienna — Sturm Graz";"Bundesliga";"Double chance";"Austria Vienna ou nul";"1.69";"1xBet";"1";"4";"recent_results";"0";"5";"Non"
"1332";"football:1561937:12:Home/Draw:2:public-demo-replay-2026-10-08";"Austria Vienna — Sturm Graz";"Bundesliga";"Double chance";"Austria Vienna ou nul";"1.69";"Marathonbet";"1";"4";"recent_results";"0";"5";"Non"
"1333";"football:1561937:12:Home/Draw:3:public-demo-replay-2026-10-08";"Austria Vienna — Sturm Graz";"Bundesliga";"Double chance";"Austria Vienna ou nul";"1.73";"Betfair";"1";"4";"recent_results";"0";"5";"Non"
"1334";"football:1561937:12:Home/Draw:32:public-demo-replay-2026-10-08";"Austria Vienna — Sturm Graz";"Bundesliga";"Double chance";"Austria Vienna ou nul";"1.67";"Betano";"1";"4";"recent_results";"0";"5";"Non"
"1335";"football:1561937:12:Home/Draw:36:public-demo-replay-2026-10-08";"Austria Vienna — Sturm Graz";"Bundesliga";"Double chance";"Austria Vienna ou nul";"1.65";"BetVictor";"1";"4";"recent_results";"0";"5";"Non"
"1336";"football:1561937:12:Home/Draw:5:public-demo-replay-2026-10-08";"Austria Vienna — Sturm Graz";"Bundesliga";"Double chance";"Austria Vienna ou nul";"1.67";"SBO";"1";"4";"recent_results";"0";"5";"Non"
"1337";"football:1561937:12:Home/Draw:7:public-demo-replay-2026-10-08";"Austria Vienna — Sturm Graz";"Bundesliga";"Double chance";"Austria Vienna ou nul";"1.67";"William Hill";"1";"4";"recent_results";"0";"5";"Non"
"1338";"football:1561937:12:Home/Draw:8:public-demo-replay-2026-10-08";"Austria Vienna — Sturm Graz";"Bundesliga";"Double chance";"Austria Vienna ou nul";"1.73";"Bet365";"1";"4";"recent_results";"0";"5";"Non"
"1339";"football:1601543:1:Home:11:public-demo-replay-2026-10-08";"Arezzo — Cremonese";"Serie B";"Résultat du match";"Arezzo gagne";"2.94";"1xBet";"2";"2";"recent_results | standing";"0";"5";"Non"
"1340";"football:1601543:1:Home:2:public-demo-replay-2026-10-08";"Arezzo — Cremonese";"Serie B";"Résultat du match";"Arezzo gagne";"2.92";"Marathonbet";"2";"2";"recent_results | standing";"0";"5";"Non"
"1341";"football:1601543:1:Home:3:public-demo-replay-2026-10-08";"Arezzo — Cremonese";"Serie B";"Résultat du match";"Arezzo gagne";"2.88";"Betfair";"2";"2";"recent_results | standing";"0";"5";"Non"
"1342";"football:1601543:1:Home:32:public-demo-replay-2026-10-08";"Arezzo — Cremonese";"Serie B";"Résultat du match";"Arezzo gagne";"3";"Betano";"2";"2";"recent_results | standing";"0";"5";"Non"
"1343";"football:1601543:1:Home:36:public-demo-replay-2026-10-08";"Arezzo — Cremonese";"Serie B";"Résultat du match";"Arezzo gagne";"2.88";"BetVictor";"2";"2";"recent_results | standing";"0";"5";"Non"
"1344";"football:1601543:1:Home:4:public-demo-replay-2026-10-08";"Arezzo — Cremonese";"Serie B";"Résultat du match";"Arezzo gagne";"3.14";"Pinnacle";"2";"2";"recent_results | standing";"0";"5";"Non"
"1345";"football:1601543:1:Home:5:public-demo-replay-2026-10-08";"Arezzo — Cremonese";"Serie B";"Résultat du match";"Arezzo gagne";"2.63";"SBO";"2";"2";"recent_results | standing";"0";"5";"Non"
"1346";"football:1601543:1:Home:7:public-demo-replay-2026-10-08";"Arezzo — Cremonese";"Serie B";"Résultat du match";"Arezzo gagne";"3";"William Hill";"2";"2";"recent_results | standing";"0";"5";"Non"
"1347";"football:1601543:1:Home:8:public-demo-replay-2026-10-08";"Arezzo — Cremonese";"Serie B";"Résultat du match";"Arezzo gagne";"3";"Bet365";"2";"2";"recent_results | standing";"0";"5";"Non"
"1348";"football:1601543:12:Home/Draw:11:public-demo-replay-2026-10-08";"Arezzo — Cremonese";"Serie B";"Double chance";"Arezzo ou nul";"1.51";"1xBet";"2";"2";"recent_results | standing";"0";"5";"Non"
"1349";"football:1601543:12:Home/Draw:2:public-demo-replay-2026-10-08";"Arezzo — Cremonese";"Serie B";"Double chance";"Arezzo ou nul";"1.51";"Marathonbet";"2";"2";"recent_results | standing";"0";"5";"Non"
"1350";"football:1601543:12:Home/Draw:3:public-demo-replay-2026-10-08";"Arezzo — Cremonese";"Serie B";"Double chance";"Arezzo ou nul";"1.53";"Betfair";"2";"2";"recent_results | standing";"0";"5";"Non"
"1351";"football:1601543:12:Home/Draw:32:public-demo-replay-2026-10-08";"Arezzo — Cremonese";"Serie B";"Double chance";"Arezzo ou nul";"1.55";"Betano";"2";"2";"recent_results | standing";"0";"5";"Non"
"1352";"football:1601543:12:Home/Draw:36:public-demo-replay-2026-10-08";"Arezzo — Cremonese";"Serie B";"Double chance";"Arezzo ou nul";"1.5";"BetVictor";"2";"2";"recent_results | standing";"0";"5";"Non"
"1353";"football:1601543:12:Home/Draw:5:public-demo-replay-2026-10-08";"Arezzo — Cremonese";"Serie B";"Double chance";"Arezzo ou nul";"1.47";"SBO";"2";"2";"recent_results | standing";"0";"5";"Non"
"1354";"football:1601543:12:Home/Draw:7:public-demo-replay-2026-10-08";"Arezzo — Cremonese";"Serie B";"Double chance";"Arezzo ou nul";"1.55";"William Hill";"2";"2";"recent_results | standing";"0";"5";"Non"
"1355";"football:1601543:12:Home/Draw:8:public-demo-replay-2026-10-08";"Arezzo — Cremonese";"Serie B";"Double chance";"Arezzo ou nul";"1.53";"Bet365";"2";"2";"recent_results | standing";"0";"5";"Non"
"1356";"football:1603040:1:Home:11:public-demo-replay-2026-10-08";"Al-Hilal Saudi FC — Al-Ittihad FC";"Pro League";"Résultat du match";"Al-Hilal Saudi FC gagne";"1.24";"1xBet";"1";"11";"standing";"0";"5";"Non"
"1357";"football:1603040:1:Home:2:public-demo-replay-2026-10-08";"Al-Hilal Saudi FC — Al-Ittihad FC";"Pro League";"Résultat du match";"Al-Hilal Saudi FC gagne";"1.22";"Marathonbet";"1";"11";"standing";"0";"5";"Non"
"1358";"football:1603040:1:Home:3:public-demo-replay-2026-10-08";"Al-Hilal Saudi FC — Al-Ittihad FC";"Pro League";"Résultat du match";"Al-Hilal Saudi FC gagne";"1.25";"Betfair";"1";"11";"standing";"0";"5";"Non"
"1359";"football:1603040:1:Home:32:public-demo-replay-2026-10-08";"Al-Hilal Saudi FC — Al-Ittihad FC";"Pro League";"Résultat du match";"Al-Hilal Saudi FC gagne";"1.32";"Betano";"1";"11";"standing";"0";"5";"Non"
"1360";"football:1603040:1:Home:4:public-demo-replay-2026-10-08";"Al-Hilal Saudi FC — Al-Ittihad FC";"Pro League";"Résultat du match";"Al-Hilal Saudi FC gagne";"1.27";"Pinnacle";"1";"11";"standing";"0";"5";"Non"
"1361";"football:1603040:1:Home:5:public-demo-replay-2026-10-08";"Al-Hilal Saudi FC — Al-Ittihad FC";"Pro League";"Résultat du match";"Al-Hilal Saudi FC gagne";"1.27";"SBO";"1";"11";"standing";"0";"5";"Non"
"1362";"football:1603040:1:Home:7:public-demo-replay-2026-10-08";"Al-Hilal Saudi FC — Al-Ittihad FC";"Pro League";"Résultat du match";"Al-Hilal Saudi FC gagne";"1.25";"William Hill";"1";"11";"standing";"0";"5";"Non"
"1363";"football:1603040:1:Home:8:public-demo-replay-2026-10-08";"Al-Hilal Saudi FC — Al-Ittihad FC";"Pro League";"Résultat du match";"Al-Hilal Saudi FC gagne";"1.28";"Bet365";"1";"11";"standing";"0";"5";"Non"
"1364";"football:1603040:12:Home/Draw:11:public-demo-replay-2026-10-08";"Al-Hilal Saudi FC — Al-Ittihad FC";"Pro League";"Double chance";"Al-Hilal Saudi FC ou nul";"1.04";"1xBet";"1";"11";"standing";"0";"5";"Non"
"1365";"football:1603040:12:Home/Draw:2:public-demo-replay-2026-10-08";"Al-Hilal Saudi FC — Al-Ittihad FC";"Pro League";"Double chance";"Al-Hilal Saudi FC ou nul";"1.01";"Marathonbet";"1";"11";"standing";"0";"5";"Non"
"1366";"football:1603040:12:Home/Draw:3:public-demo-replay-2026-10-08";"Al-Hilal Saudi FC — Al-Ittihad FC";"Pro League";"Double chance";"Al-Hilal Saudi FC ou nul";"1.06";"Betfair";"1";"11";"standing";"0";"5";"Non"
"1367";"football:1603040:12:Home/Draw:32:public-demo-replay-2026-10-08";"Al-Hilal Saudi FC — Al-Ittihad FC";"Pro League";"Double chance";"Al-Hilal Saudi FC ou nul";"1.1";"Betano";"1";"11";"standing";"0";"5";"Non"
"1368";"football:1603040:12:Home/Draw:5:public-demo-replay-2026-10-08";"Al-Hilal Saudi FC — Al-Ittihad FC";"Pro League";"Double chance";"Al-Hilal Saudi FC ou nul";"1.03";"SBO";"1";"11";"standing";"0";"5";"Non"
"1369";"football:1603040:12:Home/Draw:7:public-demo-replay-2026-10-08";"Al-Hilal Saudi FC — Al-Ittihad FC";"Pro League";"Double chance";"Al-Hilal Saudi FC ou nul";"1.08";"William Hill";"1";"11";"standing";"0";"5";"Non"
"1370";"football:1603040:12:Home/Draw:8:public-demo-replay-2026-10-08";"Al-Hilal Saudi FC — Al-Ittihad FC";"Pro League";"Double chance";"Al-Hilal Saudi FC ou nul";"1.08";"Bet365";"1";"11";"standing";"0";"5";"Non"
"1371";"football:1550144:1:Away:11:public-demo-replay-2026-10-08";"Napoli — Frosinone";"Serie A";"Résultat du match";"Frosinone gagne";"7";"1xBet";"2";"4";"recent_results | standing";"0";"5";"Non"
"1372";"football:1550144:1:Away:2:public-demo-replay-2026-10-08";"Napoli — Frosinone";"Serie A";"Résultat du match";"Frosinone gagne";"6.8";"Marathonbet";"2";"4";"recent_results | standing";"0";"5";"Non"
"1373";"football:1550144:1:Away:3:public-demo-replay-2026-10-08";"Napoli — Frosinone";"Serie A";"Résultat du match";"Frosinone gagne";"6.5";"Betfair";"2";"4";"recent_results | standing";"0";"5";"Non"
"1374";"football:1550144:1:Away:32:public-demo-replay-2026-10-08";"Napoli — Frosinone";"Serie A";"Résultat du match";"Frosinone gagne";"6.5";"Betano";"2";"4";"recent_results | standing";"0";"5";"Non"
"1375";"football:1550144:1:Away:36:public-demo-replay-2026-10-08";"Napoli — Frosinone";"Serie A";"Résultat du match";"Frosinone gagne";"6.5";"BetVictor";"2";"4";"recent_results | standing";"0";"5";"Non"
"1376";"football:1550144:1:Away:4:public-demo-replay-2026-10-08";"Napoli — Frosinone";"Serie A";"Résultat du match";"Frosinone gagne";"6.29";"Pinnacle";"2";"4";"recent_results | standing";"0";"5";"Non"
"1377";"football:1550144:1:Away:5:public-demo-replay-2026-10-08";"Napoli — Frosinone";"Serie A";"Résultat du match";"Frosinone gagne";"5.61";"SBO";"2";"4";"recent_results | standing";"0";"5";"Non"
"1378";"football:1550144:1:Away:7:public-demo-replay-2026-10-08";"Napoli — Frosinone";"Serie A";"Résultat du match";"Frosinone gagne";"6";"William Hill";"2";"4";"recent_results | standing";"0";"5";"Non"
"1379";"football:1550144:1:Away:8:public-demo-replay-2026-10-08";"Napoli — Frosinone";"Serie A";"Résultat du match";"Frosinone gagne";"6.25";"Bet365";"2";"4";"recent_results | standing";"0";"5";"Non"
"1380";"football:1550144:1:Home:11:public-demo-replay-2026-10-08";"Napoli — Frosinone";"Serie A";"Résultat du match";"Napoli gagne";"1.49";"1xBet";"1";"5";"recent_results";"0";"5";"Non"
"1381";"football:1550144:1:Home:2:public-demo-replay-2026-10-08";"Napoli — Frosinone";"Serie A";"Résultat du match";"Napoli gagne";"1.44";"Marathonbet";"1";"5";"recent_results";"0";"5";"Non"
"1382";"football:1550144:1:Home:3:public-demo-replay-2026-10-08";"Napoli — Frosinone";"Serie A";"Résultat du match";"Napoli gagne";"1.44";"Betfair";"1";"5";"recent_results";"0";"5";"Non"
"1383";"football:1550144:1:Home:32:public-demo-replay-2026-10-08";"Napoli — Frosinone";"Serie A";"Résultat du match";"Napoli gagne";"1.47";"Betano";"1";"5";"recent_results";"0";"5";"Non"
"1384";"football:1550144:1:Home:36:public-demo-replay-2026-10-08";"Napoli — Frosinone";"Serie A";"Résultat du match";"Napoli gagne";"1.4";"BetVictor";"1";"5";"recent_results";"0";"5";"Non"
"1385";"football:1550144:1:Home:4:public-demo-replay-2026-10-08";"Napoli — Frosinone";"Serie A";"Résultat du match";"Napoli gagne";"1.47";"Pinnacle";"1";"5";"recent_results";"0";"5";"Non"
"1386";"football:1550144:1:Home:5:public-demo-replay-2026-10-08";"Napoli — Frosinone";"Serie A";"Résultat du match";"Napoli gagne";"1.39";"SBO";"1";"5";"recent_results";"0";"5";"Non"
"1387";"football:1550144:1:Home:7:public-demo-replay-2026-10-08";"Napoli — Frosinone";"Serie A";"Résultat du match";"Napoli gagne";"1.44";"William Hill";"1";"5";"recent_results";"0";"5";"Non"
"1388";"football:1550144:1:Home:8:public-demo-replay-2026-10-08";"Napoli — Frosinone";"Serie A";"Résultat du match";"Napoli gagne";"1.42";"Bet365";"1";"5";"recent_results";"0";"5";"Non"
"1389";"football:1550144:12:Draw/Away:11:public-demo-replay-2026-10-08";"Napoli — Frosinone";"Serie A";"Double chance";"Frosinone ou nul";"2.83";"1xBet";"2";"4";"recent_results | standing";"0";"5";"Non"
"1390";"football:1550144:12:Draw/Away:2:public-demo-replay-2026-10-08";"Napoli — Frosinone";"Serie A";"Double chance";"Frosinone ou nul";"2.84";"Marathonbet";"2";"4";"recent_results | standing";"0";"5";"Non"
"1391";"football:1550144:12:Draw/Away:3:public-demo-replay-2026-10-08";"Napoli — Frosinone";"Serie A";"Double chance";"Frosinone ou nul";"2.7";"Betfair";"2";"4";"recent_results | standing";"0";"5";"Non"
"1392";"football:1550144:12:Draw/Away:32:public-demo-replay-2026-10-08";"Napoli — Frosinone";"Serie A";"Double chance";"Frosinone ou nul";"2.8";"Betano";"2";"4";"recent_results | standing";"0";"5";"Non"
"1393";"football:1550144:12:Draw/Away:36:public-demo-replay-2026-10-08";"Napoli — Frosinone";"Serie A";"Double chance";"Frosinone ou nul";"2.7";"BetVictor";"2";"4";"recent_results | standing";"0";"5";"Non"
"1394";"football:1550144:12:Draw/Away:5:public-demo-replay-2026-10-08";"Napoli — Frosinone";"Serie A";"Double chance";"Frosinone ou nul";"2.65";"SBO";"2";"4";"recent_results | standing";"0";"5";"Non"
"1395";"football:1550144:12:Draw/Away:7:public-demo-replay-2026-10-08";"Napoli — Frosinone";"Serie A";"Double chance";"Frosinone ou nul";"2.7";"William Hill";"2";"4";"recent_results | standing";"0";"5";"Non"
"1396";"football:1550144:12:Draw/Away:8:public-demo-replay-2026-10-08";"Napoli — Frosinone";"Serie A";"Double chance";"Frosinone ou nul";"2.75";"Bet365";"2";"4";"recent_results | standing";"0";"5";"Non"
"1397";"football:1550144:12:Home/Draw:11:public-demo-replay-2026-10-08";"Napoli — Frosinone";"Serie A";"Double chance";"Napoli ou nul";"1.12";"1xBet";"1";"5";"recent_results";"0";"5";"Non"
"1398";"football:1550144:12:Home/Draw:2:public-demo-replay-2026-10-08";"Napoli — Frosinone";"Serie A";"Double chance";"Napoli ou nul";"1.11";"Marathonbet";"1";"5";"recent_results";"0";"5";"Non"
"1399";"football:1550144:12:Home/Draw:3:public-demo-replay-2026-10-08";"Napoli — Frosinone";"Serie A";"Double chance";"Napoli ou nul";"1.08";"Betfair";"1";"5";"recent_results";"0";"5";"Non"
"1400";"football:1550144:12:Home/Draw:32:public-demo-replay-2026-10-08";"Napoli — Frosinone";"Serie A";"Double chance";"Napoli ou nul";"1.13";"Betano";"1";"5";"recent_results";"0";"5";"Non"
"1401";"football:1550144:12:Home/Draw:36:public-demo-replay-2026-10-08";"Napoli — Frosinone";"Serie A";"Double chance";"Napoli ou nul";"1.13";"BetVictor";"1";"5";"recent_results";"0";"5";"Non"
"1402";"football:1550144:12:Home/Draw:5:public-demo-replay-2026-10-08";"Napoli — Frosinone";"Serie A";"Double chance";"Napoli ou nul";"1.09";"SBO";"1";"5";"recent_results";"0";"5";"Non"
"1403";"football:1550144:12:Home/Draw:7:public-demo-replay-2026-10-08";"Napoli — Frosinone";"Serie A";"Double chance";"Napoli ou nul";"1.11";"William Hill";"1";"5";"recent_results";"0";"5";"Non"
"1404";"football:1550144:12:Home/Draw:8:public-demo-replay-2026-10-08";"Napoli — Frosinone";"Serie A";"Double chance";"Napoli ou nul";"1.12";"Bet365";"1";"5";"recent_results";"0";"5";"Non"
"1405";"football:1552777:5:Under 2.5:11:public-demo-replay-2026-10-08";"Lorient — Paris FC";"Ligue 1";"Plus/Moins de buts";"Moins de 2,5 buts";"1.92";"1xBet";"1";"7";"recent_results";"0";"5";"Non"
"1406";"football:1552777:5:Under 2.5:2:public-demo-replay-2026-10-08";"Lorient — Paris FC";"Ligue 1";"Plus/Moins de buts";"Moins de 2,5 buts";"1.86";"Marathonbet";"1";"7";"recent_results";"0";"5";"Non"
"1407";"football:1552777:5:Under 2.5:3:public-demo-replay-2026-10-08";"Lorient — Paris FC";"Ligue 1";"Plus/Moins de buts";"Moins de 2,5 buts";"1.8";"Betfair";"1";"7";"recent_results";"0";"5";"Non"
"1408";"football:1552777:5:Under 2.5:32:public-demo-replay-2026-10-08";"Lorient — Paris FC";"Ligue 1";"Plus/Moins de buts";"Moins de 2,5 buts";"1.91";"Betano";"1";"7";"recent_results";"0";"5";"Non"
"1409";"football:1552777:5:Under 2.5:36:public-demo-replay-2026-10-08";"Lorient — Paris FC";"Ligue 1";"Plus/Moins de buts";"Moins de 2,5 buts";"1.8";"BetVictor";"1";"7";"recent_results";"0";"5";"Non"
"1410";"football:1552777:5:Under 2.5:4:public-demo-replay-2026-10-08";"Lorient — Paris FC";"Ligue 1";"Plus/Moins de buts";"Moins de 2,5 buts";"1.86";"Pinnacle";"1";"7";"recent_results";"0";"5";"Non"
"1411";"football:1552777:5:Under 2.5:5:public-demo-replay-2026-10-08";"Lorient — Paris FC";"Ligue 1";"Plus/Moins de buts";"Moins de 2,5 buts";"1.88";"SBO";"1";"7";"recent_results";"0";"5";"Non"
"1412";"football:1552777:5:Under 2.5:8:public-demo-replay-2026-10-08";"Lorient — Paris FC";"Ligue 1";"Plus/Moins de buts";"Moins de 2,5 buts";"1.91";"Bet365";"1";"7";"recent_results";"0";"5";"Non"
"1413";"football:1552778:1:Away:11:public-demo-replay-2026-10-08";"Monaco — Toulouse";"Ligue 1";"Résultat du match";"Toulouse gagne";"5.44";"1xBet";"1";"10";"recent_results";"0";"5";"Non"
"1414";"football:1552778:1:Away:2:public-demo-replay-2026-10-08";"Monaco — Toulouse";"Ligue 1";"Résultat du match";"Toulouse gagne";"5.3";"Marathonbet";"1";"10";"recent_results";"0";"5";"Non"
"1415";"football:1552778:1:Away:3:public-demo-replay-2026-10-08";"Monaco — Toulouse";"Ligue 1";"Résultat du match";"Toulouse gagne";"5";"Betfair";"1";"10";"recent_results";"0";"5";"Non"
"1416";"football:1552778:1:Away:32:public-demo-replay-2026-10-08";"Monaco — Toulouse";"Ligue 1";"Résultat du match";"Toulouse gagne";"4.9";"Betano";"1";"10";"recent_results";"0";"5";"Non"
"1417";"football:1552778:1:Away:36:public-demo-replay-2026-10-08";"Monaco — Toulouse";"Ligue 1";"Résultat du match";"Toulouse gagne";"5";"BetVictor";"1";"10";"recent_results";"0";"5";"Non"
"1418";"football:1552778:1:Away:4:public-demo-replay-2026-10-08";"Monaco — Toulouse";"Ligue 1";"Résultat du match";"Toulouse gagne";"5.25";"Pinnacle";"1";"10";"recent_results";"0";"5";"Non"
"1419";"football:1552778:1:Away:5:public-demo-replay-2026-10-08";"Monaco — Toulouse";"Ligue 1";"Résultat du match";"Toulouse gagne";"4.6";"SBO";"1";"10";"recent_results";"0";"5";"Non"
"1420";"football:1552778:1:Away:7:public-demo-replay-2026-10-08";"Monaco — Toulouse";"Ligue 1";"Résultat du match";"Toulouse gagne";"4.75";"William Hill";"1";"10";"recent_results";"0";"5";"Non"
"1421";"football:1552778:1:Away:8:public-demo-replay-2026-10-08";"Monaco — Toulouse";"Ligue 1";"Résultat du match";"Toulouse gagne";"5.5";"Bet365";"1";"10";"recent_results";"0";"5";"Non"
"1422";"football:1552778:12:Draw/Away:11:public-demo-replay-2026-10-08";"Monaco — Toulouse";"Ligue 1";"Double chance";"Toulouse ou nul";"2.39";"1xBet";"1";"10";"recent_results";"0";"5";"Non"
"1423";"football:1552778:12:Draw/Away:2:public-demo-replay-2026-10-08";"Monaco — Toulouse";"Ligue 1";"Double chance";"Toulouse ou nul";"2.4";"Marathonbet";"1";"10";"recent_results";"0";"5";"Non"
"1424";"football:1552778:12:Draw/Away:3:public-demo-replay-2026-10-08";"Monaco — Toulouse";"Ligue 1";"Double chance";"Toulouse ou nul";"2.3";"Betfair";"1";"10";"recent_results";"0";"5";"Non"
"1425";"football:1552778:12:Draw/Away:32:public-demo-replay-2026-10-08";"Monaco — Toulouse";"Ligue 1";"Double chance";"Toulouse ou nul";"2.32";"Betano";"1";"10";"recent_results";"0";"5";"Non"
"1426";"football:1552778:12:Draw/Away:36:public-demo-replay-2026-10-08";"Monaco — Toulouse";"Ligue 1";"Double chance";"Toulouse ou nul";"2.25";"BetVictor";"1";"10";"recent_results";"0";"5";"Non"
"1427";"football:1552778:12:Draw/Away:5:public-demo-replay-2026-10-08";"Monaco — Toulouse";"Ligue 1";"Double chance";"Toulouse ou nul";"2.22";"SBO";"1";"10";"recent_results";"0";"5";"Non"
"1428";"football:1552778:12:Draw/Away:7:public-demo-replay-2026-10-08";"Monaco — Toulouse";"Ligue 1";"Double chance";"Toulouse ou nul";"2.25";"William Hill";"1";"10";"recent_results";"0";"5";"Non"
"1429";"football:1552778:12:Draw/Away:8:public-demo-replay-2026-10-08";"Monaco — Toulouse";"Ligue 1";"Double chance";"Toulouse ou nul";"2.3";"Bet365";"1";"10";"recent_results";"0";"5";"Non"
"1430";"football:1552183:1:Home:11:public-demo-replay-2026-10-08";"Ajax — NEC Nijmegen";"Eredivisie";"Résultat du match";"Ajax gagne";"1.31";"1xBet";"2";"4";"recent_results | standing";"0";"5";"Non"
"1431";"football:1552183:1:Home:2:public-demo-replay-2026-10-08";"Ajax — NEC Nijmegen";"Eredivisie";"Résultat du match";"Ajax gagne";"1.28";"Marathonbet";"2";"4";"recent_results | standing";"0";"5";"Non"
"1432";"football:1552183:1:Home:3:public-demo-replay-2026-10-08";"Ajax — NEC Nijmegen";"Eredivisie";"Résultat du match";"Ajax gagne";"1.25";"Betfair";"2";"4";"recent_results | standing";"0";"5";"Non"
"1433";"football:1552183:1:Home:32:public-demo-replay-2026-10-08";"Ajax — NEC Nijmegen";"Eredivisie";"Résultat du match";"Ajax gagne";"1.34";"Betano";"2";"4";"recent_results | standing";"0";"5";"Non"
"1434";"football:1552183:1:Home:36:public-demo-replay-2026-10-08";"Ajax — NEC Nijmegen";"Eredivisie";"Résultat du match";"Ajax gagne";"1.29";"BetVictor";"2";"4";"recent_results | standing";"0";"5";"Non"
"1435";"football:1552183:1:Home:4:public-demo-replay-2026-10-08";"Ajax — NEC Nijmegen";"Eredivisie";"Résultat du match";"Ajax gagne";"1.32";"Pinnacle";"2";"4";"recent_results | standing";"0";"5";"Non"
"1436";"football:1552183:1:Home:5:public-demo-replay-2026-10-08";"Ajax — NEC Nijmegen";"Eredivisie";"Résultat du match";"Ajax gagne";"1.27";"SBO";"2";"4";"recent_results | standing";"0";"5";"Non"
"1437";"football:1552183:1:Home:7:public-demo-replay-2026-10-08";"Ajax — NEC Nijmegen";"Eredivisie";"Résultat du match";"Ajax gagne";"1.3";"William Hill";"2";"4";"recent_results | standing";"0";"5";"Non"
"1438";"football:1552183:1:Home:8:public-demo-replay-2026-10-08";"Ajax — NEC Nijmegen";"Eredivisie";"Résultat du match";"Ajax gagne";"1.3";"Bet365";"2";"4";"recent_results | standing";"0";"5";"Non"
"1439";"football:1552183:12:Home/Draw:11:public-demo-replay-2026-10-08";"Ajax — NEC Nijmegen";"Eredivisie";"Double chance";"Ajax ou nul";"1.05";"1xBet";"2";"4";"recent_results | standing";"0";"5";"Non"
"1440";"football:1552183:12:Home/Draw:2:public-demo-replay-2026-10-08";"Ajax — NEC Nijmegen";"Eredivisie";"Double chance";"Ajax ou nul";"1.04";"Marathonbet";"2";"4";"recent_results | standing";"0";"5";"Non"
"1441";"football:1552183:12:Home/Draw:3:public-demo-replay-2026-10-08";"Ajax — NEC Nijmegen";"Eredivisie";"Double chance";"Ajax ou nul";"1.06";"Betfair";"2";"4";"recent_results | standing";"0";"5";"Non"
"1442";"football:1552183:12:Home/Draw:32:public-demo-replay-2026-10-08";"Ajax — NEC Nijmegen";"Eredivisie";"Double chance";"Ajax ou nul";"1.1";"Betano";"2";"4";"recent_results | standing";"0";"5";"Non"
"1443";"football:1552183:12:Home/Draw:36:public-demo-replay-2026-10-08";"Ajax — NEC Nijmegen";"Eredivisie";"Double chance";"Ajax ou nul";"1.09";"BetVictor";"2";"4";"recent_results | standing";"0";"5";"Non"
"1444";"football:1552183:12:Home/Draw:5:public-demo-replay-2026-10-08";"Ajax — NEC Nijmegen";"Eredivisie";"Double chance";"Ajax ou nul";"1.04";"SBO";"2";"4";"recent_results | standing";"0";"5";"Non"
"1445";"football:1552183:12:Home/Draw:7:public-demo-replay-2026-10-08";"Ajax — NEC Nijmegen";"Eredivisie";"Double chance";"Ajax ou nul";"1.08";"William Hill";"2";"4";"recent_results | standing";"0";"5";"Non"
"1446";"football:1552183:12:Home/Draw:8:public-demo-replay-2026-10-08";"Ajax — NEC Nijmegen";"Eredivisie";"Double chance";"Ajax ou nul";"1.07";"Bet365";"2";"4";"recent_results | standing";"0";"5";"Non"
"1447";"football:1638629:1:Away:11:public-demo-replay-2026-10-08";"Fram Reykjavik — KR Reykjavik";"Úrvalsdeild";"Résultat du match";"KR Reykjavik gagne";"2.45";"1xBet";"1";"4";"recent_results";"0";"5";"Non"
"1448";"football:1638629:1:Away:2:public-demo-replay-2026-10-08";"Fram Reykjavik — KR Reykjavik";"Úrvalsdeild";"Résultat du match";"KR Reykjavik gagne";"2.45";"Marathonbet";"1";"4";"recent_results";"0";"5";"Non"
"1449";"football:1638629:1:Away:3:public-demo-replay-2026-10-08";"Fram Reykjavik — KR Reykjavik";"Úrvalsdeild";"Résultat du match";"KR Reykjavik gagne";"2.38";"Betfair";"1";"4";"recent_results";"0";"5";"Non"
"1450";"football:1638629:1:Away:32:public-demo-replay-2026-10-08";"Fram Reykjavik — KR Reykjavik";"Úrvalsdeild";"Résultat du match";"KR Reykjavik gagne";"2.4";"Betano";"1";"4";"recent_results";"0";"5";"Non"
"1451";"football:1638629:1:Away:4:public-demo-replay-2026-10-08";"Fram Reykjavik — KR Reykjavik";"Úrvalsdeild";"Résultat du match";"KR Reykjavik gagne";"2.5";"Pinnacle";"1";"4";"recent_results";"0";"5";"Non"
"1452";"football:1638629:1:Away:5:public-demo-replay-2026-10-08";"Fram Reykjavik — KR Reykjavik";"Úrvalsdeild";"Résultat du match";"KR Reykjavik gagne";"2.23";"SBO";"1";"4";"recent_results";"0";"5";"Non"
"1453";"football:1638629:1:Away:7:public-demo-replay-2026-10-08";"Fram Reykjavik — KR Reykjavik";"Úrvalsdeild";"Résultat du match";"KR Reykjavik gagne";"2.4";"William Hill";"1";"4";"recent_results";"0";"5";"Non"
"1454";"football:1638629:1:Away:8:public-demo-replay-2026-10-08";"Fram Reykjavik — KR Reykjavik";"Úrvalsdeild";"Résultat du match";"KR Reykjavik gagne";"2.45";"Bet365";"1";"4";"recent_results";"0";"5";"Non"
"1455";"football:1638629:1:Away:9:public-demo-replay-2026-10-08";"Fram Reykjavik — KR Reykjavik";"Úrvalsdeild";"Résultat du match";"KR Reykjavik gagne";"2.4";"Dafabet";"1";"4";"recent_results";"0";"5";"Non"
"1456";"football:1638629:1:Home:11:public-demo-replay-2026-10-08";"Fram Reykjavik — KR Reykjavik";"Úrvalsdeild";"Résultat du match";"Fram Reykjavik gagne";"2.25";"1xBet";"1";"4";"standing";"0";"5";"Non"
"1457";"football:1638629:1:Home:2:public-demo-replay-2026-10-08";"Fram Reykjavik — KR Reykjavik";"Úrvalsdeild";"Résultat du match";"Fram Reykjavik gagne";"2.25";"Marathonbet";"1";"4";"standing";"0";"5";"Non"
"1458";"football:1638629:1:Home:3:public-demo-replay-2026-10-08";"Fram Reykjavik — KR Reykjavik";"Úrvalsdeild";"Résultat du match";"Fram Reykjavik gagne";"2.2";"Betfair";"1";"4";"standing";"0";"5";"Non"
"1459";"football:1638629:1:Home:32:public-demo-replay-2026-10-08";"Fram Reykjavik — KR Reykjavik";"Úrvalsdeild";"Résultat du match";"Fram Reykjavik gagne";"2.32";"Betano";"1";"4";"standing";"0";"5";"Non"
"1460";"football:1638629:1:Home:4:public-demo-replay-2026-10-08";"Fram Reykjavik — KR Reykjavik";"Úrvalsdeild";"Résultat du match";"Fram Reykjavik gagne";"2.26";"Pinnacle";"1";"4";"standing";"0";"5";"Non"
"1461";"football:1638629:1:Home:5:public-demo-replay-2026-10-08";"Fram Reykjavik — KR Reykjavik";"Úrvalsdeild";"Résultat du match";"Fram Reykjavik gagne";"2.23";"SBO";"1";"4";"standing";"0";"5";"Non"
"1462";"football:1638629:1:Home:7:public-demo-replay-2026-10-08";"Fram Reykjavik — KR Reykjavik";"Úrvalsdeild";"Résultat du match";"Fram Reykjavik gagne";"2.2";"William Hill";"1";"4";"standing";"0";"5";"Non"
"1463";"football:1638629:1:Home:8:public-demo-replay-2026-10-08";"Fram Reykjavik — KR Reykjavik";"Úrvalsdeild";"Résultat du match";"Fram Reykjavik gagne";"2.15";"Bet365";"1";"4";"standing";"0";"5";"Non"
"1464";"football:1638629:1:Home:9:public-demo-replay-2026-10-08";"Fram Reykjavik — KR Reykjavik";"Úrvalsdeild";"Résultat du match";"Fram Reykjavik gagne";"2.33";"Dafabet";"1";"4";"standing";"0";"5";"Non"
"1465";"football:1638629:12:Draw/Away:11:public-demo-replay-2026-10-08";"Fram Reykjavik — KR Reykjavik";"Úrvalsdeild";"Double chance";"KR Reykjavik ou nul";"1.56";"1xBet";"1";"4";"recent_results";"0";"5";"Non"
"1466";"football:1638629:12:Draw/Away:2:public-demo-replay-2026-10-08";"Fram Reykjavik — KR Reykjavik";"Úrvalsdeild";"Double chance";"KR Reykjavik ou nul";"1.56";"Marathonbet";"1";"4";"recent_results";"0";"5";"Non"
"1467";"football:1638629:12:Draw/Away:3:public-demo-replay-2026-10-08";"Fram Reykjavik — KR Reykjavik";"Úrvalsdeild";"Double chance";"KR Reykjavik ou nul";"1.57";"Betfair";"1";"4";"recent_results";"0";"5";"Non"
"1468";"football:1638629:12:Draw/Away:32:public-demo-replay-2026-10-08";"Fram Reykjavik — KR Reykjavik";"Úrvalsdeild";"Double chance";"KR Reykjavik ou nul";"1.6";"Betano";"1";"4";"recent_results";"0";"5";"Non"
"1469";"football:1638629:12:Draw/Away:5:public-demo-replay-2026-10-08";"Fram Reykjavik — KR Reykjavik";"Úrvalsdeild";"Double chance";"KR Reykjavik ou nul";"1.51";"SBO";"1";"4";"recent_results";"0";"5";"Non"
"1470";"football:1638629:12:Draw/Away:7:public-demo-replay-2026-10-08";"Fram Reykjavik — KR Reykjavik";"Úrvalsdeild";"Double chance";"KR Reykjavik ou nul";"1.6";"William Hill";"1";"4";"recent_results";"0";"5";"Non"
"1471";"football:1638629:12:Draw/Away:8:public-demo-replay-2026-10-08";"Fram Reykjavik — KR Reykjavik";"Úrvalsdeild";"Double chance";"KR Reykjavik ou nul";"1.57";"Bet365";"1";"4";"recent_results";"0";"5";"Non"
"1472";"football:1638629:12:Home/Draw:11:public-demo-replay-2026-10-08";"Fram Reykjavik — KR Reykjavik";"Úrvalsdeild";"Double chance";"Fram Reykjavik ou nul";"1.48";"1xBet";"1";"4";"standing";"0";"5";"Non"
"1473";"football:1638629:12:Home/Draw:2:public-demo-replay-2026-10-08";"Fram Reykjavik — KR Reykjavik";"Úrvalsdeild";"Double chance";"Fram Reykjavik ou nul";"1.48";"Marathonbet";"1";"4";"standing";"0";"5";"Non"
"1474";"football:1638629:12:Home/Draw:3:public-demo-replay-2026-10-08";"Fram Reykjavik — KR Reykjavik";"Úrvalsdeild";"Double chance";"Fram Reykjavik ou nul";"1.5";"Betfair";"1";"4";"standing";"0";"5";"Non"
"1475";"football:1638629:12:Home/Draw:32:public-demo-replay-2026-10-08";"Fram Reykjavik — KR Reykjavik";"Úrvalsdeild";"Double chance";"Fram Reykjavik ou nul";"1.57";"Betano";"1";"4";"standing";"0";"5";"Non"
"1476";"football:1638629:12:Home/Draw:5:public-demo-replay-2026-10-08";"Fram Reykjavik — KR Reykjavik";"Úrvalsdeild";"Double chance";"Fram Reykjavik ou nul";"1.51";"SBO";"1";"4";"standing";"0";"5";"Non"
"1477";"football:1638629:12:Home/Draw:7:public-demo-replay-2026-10-08";"Fram Reykjavik — KR Reykjavik";"Úrvalsdeild";"Double chance";"Fram Reykjavik ou nul";"1.5";"William Hill";"1";"4";"standing";"0";"5";"Non"
"1478";"football:1638629:12:Home/Draw:8:public-demo-replay-2026-10-08";"Fram Reykjavik — KR Reykjavik";"Úrvalsdeild";"Double chance";"Fram Reykjavik ou nul";"1.44";"Bet365";"1";"4";"standing";"0";"5";"Non"
"1479";"football:1493181:1:Away:11:public-demo-replay-2026-10-08";"Union Santa Fe — Defensa Y Justicia";"Liga Profesional Argentina";"Résultat du match";"Defensa Y Justicia gagne";"3.49";"1xBet";"3";"7";"recent_results | standing";"1";"5";"Non"
"1480";"football:1493181:1:Away:2:public-demo-replay-2026-10-08";"Union Santa Fe — Defensa Y Justicia";"Liga Profesional Argentina";"Résultat du match";"Defensa Y Justicia gagne";"3.42";"Marathonbet";"3";"7";"recent_results | standing";"1";"5";"Non"
"1481";"football:1493181:1:Away:3:public-demo-replay-2026-10-08";"Union Santa Fe — Defensa Y Justicia";"Liga Profesional Argentina";"Résultat du match";"Defensa Y Justicia gagne";"3.3";"Betfair";"3";"7";"recent_results | standing";"1";"5";"Non"
"1482";"football:1493181:1:Away:32:public-demo-replay-2026-10-08";"Union Santa Fe — Defensa Y Justicia";"Liga Profesional Argentina";"Résultat du match";"Defensa Y Justicia gagne";"3.55";"Betano";"3";"7";"recent_results | standing";"1";"5";"Non"
"1483";"football:1493181:1:Away:36:public-demo-replay-2026-10-08";"Union Santa Fe — Defensa Y Justicia";"Liga Profesional Argentina";"Résultat du match";"Defensa Y Justicia gagne";"3.4";"BetVictor";"3";"7";"recent_results | standing";"1";"5";"Non"
"1484";"football:1493181:1:Away:4:public-demo-replay-2026-10-08";"Union Santa Fe — Defensa Y Justicia";"Liga Profesional Argentina";"Résultat du match";"Defensa Y Justicia gagne";"3.4";"Pinnacle";"3";"7";"recent_results | standing";"1";"5";"Non"
"1485";"football:1493181:1:Away:5:public-demo-replay-2026-10-08";"Union Santa Fe — Defensa Y Justicia";"Liga Profesional Argentina";"Résultat du match";"Defensa Y Justicia gagne";"2.98";"SBO";"3";"7";"recent_results | standing";"1";"5";"Non"
"1486";"football:1493181:1:Away:7:public-demo-replay-2026-10-08";"Union Santa Fe — Defensa Y Justicia";"Liga Profesional Argentina";"Résultat du match";"Defensa Y Justicia gagne";"3.3";"William Hill";"3";"7";"recent_results | standing";"1";"5";"Non"
"1487";"football:1493181:1:Away:8:public-demo-replay-2026-10-08";"Union Santa Fe — Defensa Y Justicia";"Liga Profesional Argentina";"Résultat du match";"Defensa Y Justicia gagne";"3.6";"Bet365";"3";"7";"recent_results | standing";"1";"5";"Non"
"1488";"football:1493181:1:Away:9:public-demo-replay-2026-10-08";"Union Santa Fe — Defensa Y Justicia";"Liga Profesional Argentina";"Résultat du match";"Defensa Y Justicia gagne";"3.3";"Dafabet";"3";"7";"recent_results | standing";"1";"5";"Non"
"1489";"football:1493181:12:Draw/Away:11:public-demo-replay-2026-10-08";"Union Santa Fe — Defensa Y Justicia";"Liga Profesional Argentina";"Double chance";"Defensa Y Justicia ou nul";"1.65";"1xBet";"3";"7";"recent_results | standing";"1";"5";"Non"
"1490";"football:1493181:12:Draw/Away:2:public-demo-replay-2026-10-08";"Union Santa Fe — Defensa Y Justicia";"Liga Profesional Argentina";"Double chance";"Defensa Y Justicia ou nul";"1.64";"Marathonbet";"3";"7";"recent_results | standing";"1";"5";"Non"
"1491";"football:1493181:12:Draw/Away:3:public-demo-replay-2026-10-08";"Union Santa Fe — Defensa Y Justicia";"Liga Profesional Argentina";"Double chance";"Defensa Y Justicia ou nul";"1.67";"Betfair";"3";"7";"recent_results | standing";"1";"5";"Non"
"1492";"football:1493181:12:Draw/Away:32:public-demo-replay-2026-10-08";"Union Santa Fe — Defensa Y Justicia";"Liga Profesional Argentina";"Double chance";"Defensa Y Justicia ou nul";"1.7";"Betano";"3";"7";"recent_results | standing";"1";"5";"Non"
"1493";"football:1493181:12:Draw/Away:36:public-demo-replay-2026-10-08";"Union Santa Fe — Defensa Y Justicia";"Liga Profesional Argentina";"Double chance";"Defensa Y Justicia ou nul";"1.62";"BetVictor";"3";"7";"recent_results | standing";"1";"5";"Non"
"1494";"football:1493181:12:Draw/Away:5:public-demo-replay-2026-10-08";"Union Santa Fe — Defensa Y Justicia";"Liga Profesional Argentina";"Double chance";"Defensa Y Justicia ou nul";"1.66";"SBO";"3";"7";"recent_results | standing";"1";"5";"Non"
"1495";"football:1493181:12:Draw/Away:7:public-demo-replay-2026-10-08";"Union Santa Fe — Defensa Y Justicia";"Liga Profesional Argentina";"Double chance";"Defensa Y Justicia ou nul";"1.67";"William Hill";"3";"7";"recent_results | standing";"1";"5";"Non"
"1496";"football:1493181:12:Draw/Away:8:public-demo-replay-2026-10-08";"Union Santa Fe — Defensa Y Justicia";"Liga Profesional Argentina";"Double chance";"Defensa Y Justicia ou nul";"1.67";"Bet365";"3";"7";"recent_results | standing";"1";"5";"Non"
"1497";"football:1550986:1:Away:11:public-demo-replay-2026-10-08";"Tigres UANL — Toluca";"Liga MX";"Résultat du match";"Toluca gagne";"2.29";"1xBet";"3";"3";"recent_results | standing";"1";"5";"Non"
"1498";"football:1550986:1:Away:2:public-demo-replay-2026-10-08";"Tigres UANL — Toluca";"Liga MX";"Résultat du match";"Toluca gagne";"2.27";"Marathonbet";"3";"3";"recent_results | standing";"1";"5";"Non"
"1499";"football:1550986:1:Away:3:public-demo-replay-2026-10-08";"Tigres UANL — Toluca";"Liga MX";"Résultat du match";"Toluca gagne";"2.3";"Betfair";"3";"3";"recent_results | standing";"1";"5";"Non"
"1500";"football:1550986:1:Away:32:public-demo-replay-2026-10-08";"Tigres UANL — Toluca";"Liga MX";"Résultat du match";"Toluca gagne";"2.27";"Betano";"3";"3";"recent_results | standing";"1";"5";"Non"
"1501";"football:1550986:1:Away:36:public-demo-replay-2026-10-08";"Tigres UANL — Toluca";"Liga MX";"Résultat du match";"Toluca gagne";"2.2";"BetVictor";"3";"3";"recent_results | standing";"1";"5";"Non"
"1502";"football:1550986:1:Away:4:public-demo-replay-2026-10-08";"Tigres UANL — Toluca";"Liga MX";"Résultat du match";"Toluca gagne";"2.25";"Pinnacle";"3";"3";"recent_results | standing";"1";"5";"Non"
"1503";"football:1550986:1:Away:7:public-demo-replay-2026-10-08";"Tigres UANL — Toluca";"Liga MX";"Résultat du match";"Toluca gagne";"2.15";"William Hill";"3";"3";"recent_results | standing";"1";"5";"Non"
"1504";"football:1550986:1:Away:8:public-demo-replay-2026-10-08";"Tigres UANL — Toluca";"Liga MX";"Résultat du match";"Toluca gagne";"2.25";"Bet365";"3";"3";"recent_results | standing";"1";"5";"Non"
"1505";"football:1550986:1:Away:9:public-demo-replay-2026-10-08";"Tigres UANL — Toluca";"Liga MX";"Résultat du match";"Toluca gagne";"2.26";"Dafabet";"3";"3";"recent_results | standing";"1";"5";"Non"
"1506";"football:1550986:12:Draw/Away:11:public-demo-replay-2026-10-08";"Tigres UANL — Toluca";"Liga MX";"Double chance";"Toluca ou nul";"1.37";"1xBet";"3";"3";"recent_results | standing";"1";"5";"Non"
"1507";"football:1550986:12:Draw/Away:2:public-demo-replay-2026-10-08";"Tigres UANL — Toluca";"Liga MX";"Double chance";"Toluca ou nul";"1.37";"Marathonbet";"3";"3";"recent_results | standing";"1";"5";"Non"
"1508";"football:1550986:12:Draw/Away:3:public-demo-replay-2026-10-08";"Tigres UANL — Toluca";"Liga MX";"Double chance";"Toluca ou nul";"1.4";"Betfair";"3";"3";"recent_results | standing";"1";"5";"Non"
"1509";"football:1550986:12:Draw/Away:32:public-demo-replay-2026-10-08";"Tigres UANL — Toluca";"Liga MX";"Double chance";"Toluca ou nul";"1.42";"Betano";"3";"3";"recent_results | standing";"1";"5";"Non"
"1510";"football:1550986:12:Draw/Away:36:public-demo-replay-2026-10-08";"Tigres UANL — Toluca";"Liga MX";"Double chance";"Toluca ou nul";"1.36";"BetVictor";"3";"3";"recent_results | standing";"1";"5";"Non"
"1511";"football:1550986:12:Draw/Away:7:public-demo-replay-2026-10-08";"Tigres UANL — Toluca";"Liga MX";"Double chance";"Toluca ou nul";"1.36";"William Hill";"3";"3";"recent_results | standing";"1";"5";"Non"
"1512";"football:1550986:12:Draw/Away:8:public-demo-replay-2026-10-08";"Tigres UANL — Toluca";"Liga MX";"Double chance";"Toluca ou nul";"1.4";"Bet365";"3";"3";"recent_results | standing";"1";"5";"Non"
"1513";"football:1556081:1:Away:11:public-demo-replay-2026-10-08";"Avispa Fukuoka — Fagiano Okayama";"J1 League";"Résultat du match";"Fagiano Okayama gagne";"2.45";"1xBet";"3";"4";"recent_results | standing";"1";"5";"Non"
"1514";"football:1556081:1:Away:2:public-demo-replay-2026-10-08";"Avispa Fukuoka — Fagiano Okayama";"J1 League";"Résultat du match";"Fagiano Okayama gagne";"2.39";"Marathonbet";"3";"4";"recent_results | standing";"1";"5";"Non"
"1515";"football:1556081:1:Away:3:public-demo-replay-2026-10-08";"Avispa Fukuoka — Fagiano Okayama";"J1 League";"Résultat du match";"Fagiano Okayama gagne";"2.38";"Betfair";"3";"4";"recent_results | standing";"1";"5";"Non"
"1516";"football:1556081:1:Away:32:public-demo-replay-2026-10-08";"Avispa Fukuoka — Fagiano Okayama";"J1 League";"Résultat du match";"Fagiano Okayama gagne";"2.37";"Betano";"3";"4";"recent_results | standing";"1";"5";"Non"
"1517";"football:1556081:1:Away:36:public-demo-replay-2026-10-08";"Avispa Fukuoka — Fagiano Okayama";"J1 League";"Résultat du match";"Fagiano Okayama gagne";"2.38";"BetVictor";"3";"4";"recent_results | standing";"1";"5";"Non"
"1518";"football:1556081:1:Away:4:public-demo-replay-2026-10-08";"Avispa Fukuoka — Fagiano Okayama";"J1 League";"Résultat du match";"Fagiano Okayama gagne";"2.5";"Pinnacle";"3";"4";"recent_results | standing";"1";"5";"Non"
"1519";"football:1556081:1:Away:5:public-demo-replay-2026-10-08";"Avispa Fukuoka — Fagiano Okayama";"J1 League";"Résultat du match";"Fagiano Okayama gagne";"2.21";"SBO";"3";"4";"recent_results | standing";"1";"5";"Non"
"1520";"football:1556081:1:Away:7:public-demo-replay-2026-10-08";"Avispa Fukuoka — Fagiano Okayama";"J1 League";"Résultat du match";"Fagiano Okayama gagne";"2.4";"William Hill";"3";"4";"recent_results | standing";"1";"5";"Non"
"1521";"football:1556081:1:Away:8:public-demo-replay-2026-10-08";"Avispa Fukuoka — Fagiano Okayama";"J1 League";"Résultat du match";"Fagiano Okayama gagne";"2.3";"Bet365";"3";"4";"recent_results | standing";"1";"5";"Non"
"1522";"football:1556081:1:Away:9:public-demo-replay-2026-10-08";"Avispa Fukuoka — Fagiano Okayama";"J1 League";"Résultat du match";"Fagiano Okayama gagne";"2.4";"Dafabet";"3";"4";"recent_results | standing";"1";"5";"Non"
"1523";"football:1556081:12:Draw/Away:11:public-demo-replay-2026-10-08";"Avispa Fukuoka — Fagiano Okayama";"J1 League";"Double chance";"Fagiano Okayama ou nul";"1.36";"1xBet";"3";"4";"recent_results | standing";"1";"5";"Non"
"1524";"football:1556081:12:Draw/Away:2:public-demo-replay-2026-10-08";"Avispa Fukuoka — Fagiano Okayama";"J1 League";"Double chance";"Fagiano Okayama ou nul";"1.33";"Marathonbet";"3";"4";"recent_results | standing";"1";"5";"Non"
"1525";"football:1556081:12:Draw/Away:3:public-demo-replay-2026-10-08";"Avispa Fukuoka — Fagiano Okayama";"J1 League";"Double chance";"Fagiano Okayama ou nul";"1.33";"Betfair";"3";"4";"recent_results | standing";"1";"5";"Non"
"1526";"football:1556081:12:Draw/Away:32:public-demo-replay-2026-10-08";"Avispa Fukuoka — Fagiano Okayama";"J1 League";"Double chance";"Fagiano Okayama ou nul";"1.37";"Betano";"3";"4";"recent_results | standing";"1";"5";"Non"
"1527";"football:1556081:12:Draw/Away:36:public-demo-replay-2026-10-08";"Avispa Fukuoka — Fagiano Okayama";"J1 League";"Double chance";"Fagiano Okayama ou nul";"1.33";"BetVictor";"3";"4";"recent_results | standing";"1";"5";"Non"
"1528";"football:1556081:12:Draw/Away:5:public-demo-replay-2026-10-08";"Avispa Fukuoka — Fagiano Okayama";"J1 League";"Double chance";"Fagiano Okayama ou nul";"1.3";"SBO";"3";"4";"recent_results | standing";"1";"5";"Non"
"1529";"football:1556081:12:Draw/Away:7:public-demo-replay-2026-10-08";"Avispa Fukuoka — Fagiano Okayama";"J1 League";"Double chance";"Fagiano Okayama ou nul";"1.35";"William Hill";"3";"4";"recent_results | standing";"1";"5";"Non"
"1530";"football:1556081:12:Draw/Away:8:public-demo-replay-2026-10-08";"Avispa Fukuoka — Fagiano Okayama";"J1 League";"Double chance";"Fagiano Okayama ou nul";"1.36";"Bet365";"3";"4";"recent_results | standing";"1";"5";"Non"
"1531";"football:1507080:1:Home:11:public-demo-replay-2026-10-08";"Gimcheon Sangmu FC — FC Anyang";"K League 1";"Résultat du match";"Gimcheon Sangmu FC gagne";"1.86";"1xBet";"2";"5";"recent_results";"1";"5";"Non"
"1532";"football:1507080:1:Home:2:public-demo-replay-2026-10-08";"Gimcheon Sangmu FC — FC Anyang";"K League 1";"Résultat du match";"Gimcheon Sangmu FC gagne";"1.84";"Marathonbet";"2";"5";"recent_results";"1";"5";"Non"
"1533";"football:1507080:1:Home:3:public-demo-replay-2026-10-08";"Gimcheon Sangmu FC — FC Anyang";"K League 1";"Résultat du match";"Gimcheon Sangmu FC gagne";"1.91";"Betfair";"2";"5";"recent_results";"1";"5";"Non"
"1534";"football:1507080:1:Home:32:public-demo-replay-2026-10-08";"Gimcheon Sangmu FC — FC Anyang";"K League 1";"Résultat du match";"Gimcheon Sangmu FC gagne";"1.9";"Betano";"2";"5";"recent_results";"1";"5";"Non"
"1535";"football:1507080:1:Home:36:public-demo-replay-2026-10-08";"Gimcheon Sangmu FC — FC Anyang";"K League 1";"Résultat du match";"Gimcheon Sangmu FC gagne";"1.9";"BetVictor";"2";"5";"recent_results";"1";"5";"Non"
"1536";"football:1507080:1:Home:4:public-demo-replay-2026-10-08";"Gimcheon Sangmu FC — FC Anyang";"K League 1";"Résultat du match";"Gimcheon Sangmu FC gagne";"1.93";"Pinnacle";"2";"5";"recent_results";"1";"5";"Non"
"1537";"football:1507080:1:Home:5:public-demo-replay-2026-10-08";"Gimcheon Sangmu FC — FC Anyang";"K League 1";"Résultat du match";"Gimcheon Sangmu FC gagne";"1.84";"SBO";"2";"5";"recent_results";"1";"5";"Non"
"1538";"football:1507080:1:Home:7:public-demo-replay-2026-10-08";"Gimcheon Sangmu FC — FC Anyang";"K League 1";"Résultat du match";"Gimcheon Sangmu FC gagne";"1.91";"William Hill";"2";"5";"recent_results";"1";"5";"Non"
"1539";"football:1507080:1:Home:8:public-demo-replay-2026-10-08";"Gimcheon Sangmu FC — FC Anyang";"K League 1";"Résultat du match";"Gimcheon Sangmu FC gagne";"1.85";"Bet365";"2";"5";"recent_results";"1";"5";"Non"
"1540";"football:1507080:1:Home:9:public-demo-replay-2026-10-08";"Gimcheon Sangmu FC — FC Anyang";"K League 1";"Résultat du match";"Gimcheon Sangmu FC gagne";"1.98";"Dafabet";"2";"5";"recent_results";"1";"5";"Non"
"1541";"football:1507080:12:Home/Draw:11:public-demo-replay-2026-10-08";"Gimcheon Sangmu FC — FC Anyang";"K League 1";"Double chance";"Gimcheon Sangmu FC ou nul";"1.23";"1xBet";"2";"5";"recent_results";"1";"5";"Non"
"1542";"football:1507080:12:Home/Draw:2:public-demo-replay-2026-10-08";"Gimcheon Sangmu FC — FC Anyang";"K League 1";"Double chance";"Gimcheon Sangmu FC ou nul";"1.23";"Marathonbet";"2";"5";"recent_results";"1";"5";"Non"
"1543";"football:1507080:12:Home/Draw:3:public-demo-replay-2026-10-08";"Gimcheon Sangmu FC — FC Anyang";"K League 1";"Double chance";"Gimcheon Sangmu FC ou nul";"1.25";"Betfair";"2";"5";"recent_results";"1";"5";"Non"
"1544";"football:1507080:12:Home/Draw:32:public-demo-replay-2026-10-08";"Gimcheon Sangmu FC — FC Anyang";"K League 1";"Double chance";"Gimcheon Sangmu FC ou nul";"1.29";"Betano";"2";"5";"recent_results";"1";"5";"Non"
"1545";"football:1507080:12:Home/Draw:36:public-demo-replay-2026-10-08";"Gimcheon Sangmu FC — FC Anyang";"K League 1";"Double chance";"Gimcheon Sangmu FC ou nul";"1.25";"BetVictor";"2";"5";"recent_results";"1";"5";"Non"
"1546";"football:1507080:12:Home/Draw:5:public-demo-replay-2026-10-08";"Gimcheon Sangmu FC — FC Anyang";"K League 1";"Double chance";"Gimcheon Sangmu FC ou nul";"1.17";"SBO";"2";"5";"recent_results";"1";"5";"Non"
"1547";"football:1507080:12:Home/Draw:7:public-demo-replay-2026-10-08";"Gimcheon Sangmu FC — FC Anyang";"K League 1";"Double chance";"Gimcheon Sangmu FC ou nul";"1.25";"William Hill";"2";"5";"recent_results";"1";"5";"Non"
"1548";"football:1507080:12:Home/Draw:8:public-demo-replay-2026-10-08";"Gimcheon Sangmu FC — FC Anyang";"K League 1";"Double chance";"Gimcheon Sangmu FC ou nul";"1.25";"Bet365";"2";"5";"recent_results";"1";"5";"Non"
"1549";"football:1556088:1:Away:11:public-demo-replay-2026-10-08";"Kyoto Sanga — Machida Zelvia";"J1 League";"Résultat du match";"Machida Zelvia gagne";"1.95";"1xBet";"3";"3";"recent_results | standing";"1";"5";"Non"
"1550";"football:1556088:1:Away:2:public-demo-replay-2026-10-08";"Kyoto Sanga — Machida Zelvia";"J1 League";"Résultat du match";"Machida Zelvia gagne";"1.9";"Marathonbet";"3";"3";"recent_results | standing";"1";"5";"Non"
"1551";"football:1556088:1:Away:3:public-demo-replay-2026-10-08";"Kyoto Sanga — Machida Zelvia";"J1 League";"Résultat du match";"Machida Zelvia gagne";"1.91";"Betfair";"3";"3";"recent_results | standing";"1";"5";"Non"
"1552";"football:1556088:1:Away:32:public-demo-replay-2026-10-08";"Kyoto Sanga — Machida Zelvia";"J1 League";"Résultat du match";"Machida Zelvia gagne";"2.02";"Betano";"3";"3";"recent_results | standing";"1";"5";"Non"
"1553";"football:1556088:1:Away:36:public-demo-replay-2026-10-08";"Kyoto Sanga — Machida Zelvia";"J1 League";"Résultat du match";"Machida Zelvia gagne";"1.9";"BetVictor";"3";"3";"recent_results | standing";"1";"5";"Non"
"1554";"football:1556088:1:Away:4:public-demo-replay-2026-10-08";"Kyoto Sanga — Machida Zelvia";"J1 League";"Résultat du match";"Machida Zelvia gagne";"1.93";"Pinnacle";"3";"3";"recent_results | standing";"1";"5";"Non"
"1555";"football:1556088:1:Away:5:public-demo-replay-2026-10-08";"Kyoto Sanga — Machida Zelvia";"J1 League";"Résultat du match";"Machida Zelvia gagne";"1.92";"SBO";"3";"3";"recent_results | standing";"1";"5";"Non"
"1556";"football:1556088:1:Away:7:public-demo-replay-2026-10-08";"Kyoto Sanga — Machida Zelvia";"J1 League";"Résultat du match";"Machida Zelvia gagne";"1.91";"William Hill";"3";"3";"recent_results | standing";"1";"5";"Non"
"1557";"football:1556088:1:Away:8:public-demo-replay-2026-10-08";"Kyoto Sanga — Machida Zelvia";"J1 League";"Résultat du match";"Machida Zelvia gagne";"1.9";"Bet365";"3";"3";"recent_results | standing";"1";"5";"Non"
"1558";"football:1556088:1:Away:9:public-demo-replay-2026-10-08";"Kyoto Sanga — Machida Zelvia";"J1 League";"Résultat du match";"Machida Zelvia gagne";"1.95";"Dafabet";"3";"3";"recent_results | standing";"1";"5";"Non"
"1559";"football:1556088:12:Draw/Away:11:public-demo-replay-2026-10-08";"Kyoto Sanga — Machida Zelvia";"J1 League";"Double chance";"Machida Zelvia ou nul";"1.29";"1xBet";"3";"3";"recent_results | standing";"1";"5";"Non"
"1560";"football:1556088:12:Draw/Away:2:public-demo-replay-2026-10-08";"Kyoto Sanga — Machida Zelvia";"J1 League";"Double chance";"Machida Zelvia ou nul";"1.27";"Marathonbet";"3";"3";"recent_results | standing";"1";"5";"Non"
"1561";"football:1556088:12:Draw/Away:3:public-demo-replay-2026-10-08";"Kyoto Sanga — Machida Zelvia";"J1 League";"Double chance";"Machida Zelvia ou nul";"1.25";"Betfair";"3";"3";"recent_results | standing";"1";"5";"Non"
"1562";"football:1556088:12:Draw/Away:32:public-demo-replay-2026-10-08";"Kyoto Sanga — Machida Zelvia";"J1 League";"Double chance";"Machida Zelvia ou nul";"1.33";"Betano";"3";"3";"recent_results | standing";"1";"5";"Non"
"1563";"football:1556088:12:Draw/Away:36:public-demo-replay-2026-10-08";"Kyoto Sanga — Machida Zelvia";"J1 League";"Double chance";"Machida Zelvia ou nul";"1.25";"BetVictor";"3";"3";"recent_results | standing";"1";"5";"Non"
"1564";"football:1556088:12:Draw/Away:5:public-demo-replay-2026-10-08";"Kyoto Sanga — Machida Zelvia";"J1 League";"Double chance";"Machida Zelvia ou nul";"1.19";"SBO";"3";"3";"recent_results | standing";"1";"5";"Non"
"1565";"football:1556088:12:Draw/Away:7:public-demo-replay-2026-10-08";"Kyoto Sanga — Machida Zelvia";"J1 League";"Double chance";"Machida Zelvia ou nul";"1.29";"William Hill";"3";"3";"recent_results | standing";"1";"5";"Non"
"1566";"football:1556088:12:Draw/Away:8:public-demo-replay-2026-10-08";"Kyoto Sanga — Machida Zelvia";"J1 League";"Double chance";"Machida Zelvia ou nul";"1.25";"Bet365";"3";"3";"recent_results | standing";"1";"5";"Non"
"1567";"football:1584426:1:Away:11:public-demo-replay-2026-10-08";"Gençlerbirliği S.K. — Amed";"Süper Lig";"Résultat du match";"Amed gagne";"2.67";"1xBet";"3";"6";"recent_results | standing";"1";"5";"Non"
"1568";"football:1584426:1:Away:2:public-demo-replay-2026-10-08";"Gençlerbirliği S.K. — Amed";"Süper Lig";"Résultat du match";"Amed gagne";"2.56";"Marathonbet";"3";"6";"recent_results | standing";"1";"5";"Non"
"1569";"football:1584426:1:Away:3:public-demo-replay-2026-10-08";"Gençlerbirliği S.K. — Amed";"Süper Lig";"Résultat du match";"Amed gagne";"2.45";"Betfair";"3";"6";"recent_results | standing";"1";"5";"Non"
"1570";"football:1584426:1:Away:32:public-demo-replay-2026-10-08";"Gençlerbirliği S.K. — Amed";"Süper Lig";"Résultat du match";"Amed gagne";"2.52";"Betano";"3";"6";"recent_results | standing";"1";"5";"Non"
"1571";"football:1584426:1:Away:36:public-demo-replay-2026-10-08";"Gençlerbirliği S.K. — Amed";"Süper Lig";"Résultat du match";"Amed gagne";"2.45";"BetVictor";"3";"6";"recent_results | standing";"1";"5";"Non"
"1572";"football:1584426:1:Away:4:public-demo-replay-2026-10-08";"Gençlerbirliği S.K. — Amed";"Süper Lig";"Résultat du match";"Amed gagne";"2.39";"Pinnacle";"3";"6";"recent_results | standing";"1";"5";"Non"
"1573";"football:1584426:1:Away:5:public-demo-replay-2026-10-08";"Gençlerbirliği S.K. — Amed";"Süper Lig";"Résultat du match";"Amed gagne";"2.41";"SBO";"3";"6";"recent_results | standing";"1";"5";"Non"
"1574";"football:1584426:1:Away:7:public-demo-replay-2026-10-08";"Gençlerbirliği S.K. — Amed";"Süper Lig";"Résultat du match";"Amed gagne";"2.5";"William Hill";"3";"6";"recent_results | standing";"1";"5";"Non"
"1575";"football:1584426:1:Away:8:public-demo-replay-2026-10-08";"Gençlerbirliği S.K. — Amed";"Süper Lig";"Résultat du match";"Amed gagne";"2.45";"Bet365";"3";"6";"recent_results | standing";"1";"5";"Non"
"1576";"football:1584426:12:Draw/Away:11:public-demo-replay-2026-10-08";"Gençlerbirliği S.K. — Amed";"Süper Lig";"Double chance";"Amed ou nul";"1.53";"1xBet";"3";"6";"recent_results | standing";"1";"5";"Non"
"1577";"football:1584426:12:Draw/Away:2:public-demo-replay-2026-10-08";"Gençlerbirliği S.K. — Amed";"Süper Lig";"Double chance";"Amed ou nul";"1.48";"Marathonbet";"3";"6";"recent_results | standing";"1";"5";"Non"
"1578";"football:1584426:12:Draw/Away:3:public-demo-replay-2026-10-08";"Gençlerbirliği S.K. — Amed";"Süper Lig";"Double chance";"Amed ou nul";"1.44";"Betfair";"3";"6";"recent_results | standing";"1";"5";"Non"
"1579";"football:1584426:12:Draw/Away:32:public-demo-replay-2026-10-08";"Gençlerbirliği S.K. — Amed";"Süper Lig";"Double chance";"Amed ou nul";"1.5";"Betano";"3";"6";"recent_results | standing";"1";"5";"Non"
"1580";"football:1584426:12:Draw/Away:36:public-demo-replay-2026-10-08";"Gençlerbirliği S.K. — Amed";"Süper Lig";"Double chance";"Amed ou nul";"1.44";"BetVictor";"3";"6";"recent_results | standing";"1";"5";"Non"
"1581";"football:1584426:12:Draw/Away:5:public-demo-replay-2026-10-08";"Gençlerbirliği S.K. — Amed";"Süper Lig";"Double chance";"Amed ou nul";"1.42";"SBO";"3";"6";"recent_results | standing";"1";"5";"Non"
"1582";"football:1584426:12:Draw/Away:7:public-demo-replay-2026-10-08";"Gençlerbirliği S.K. — Amed";"Süper Lig";"Double chance";"Amed ou nul";"1.5";"William Hill";"3";"6";"recent_results | standing";"1";"5";"Non"
"1583";"football:1584426:12:Draw/Away:8:public-demo-replay-2026-10-08";"Gençlerbirliği S.K. — Amed";"Süper Lig";"Double chance";"Amed ou nul";"1.44";"Bet365";"3";"6";"recent_results | standing";"1";"5";"Non"
"1584";"football:1576190:1:Away:11:public-demo-replay-2026-10-08";"SV Darmstadt 98 — Energie Cottbus";"2. Bundesliga";"Résultat du match";"Energie Cottbus gagne";"2.72";"1xBet";"3";"9";"recent_results | standing";"1";"5";"Non"
"1585";"football:1576190:1:Away:2:public-demo-replay-2026-10-08";"SV Darmstadt 98 — Energie Cottbus";"2. Bundesliga";"Résultat du match";"Energie Cottbus gagne";"2.71";"Marathonbet";"3";"9";"recent_results | standing";"1";"5";"Non"
"1586";"football:1576190:1:Away:3:public-demo-replay-2026-10-08";"SV Darmstadt 98 — Energie Cottbus";"2. Bundesliga";"Résultat du match";"Energie Cottbus gagne";"2.8";"Betfair";"3";"9";"recent_results | standing";"1";"5";"Non"
"1587";"football:1576190:1:Away:32:public-demo-replay-2026-10-08";"SV Darmstadt 98 — Energie Cottbus";"2. Bundesliga";"Résultat du match";"Energie Cottbus gagne";"2.95";"Betano";"3";"9";"recent_results | standing";"1";"5";"Non"
"1588";"football:1576190:1:Away:36:public-demo-replay-2026-10-08";"SV Darmstadt 98 — Energie Cottbus";"2. Bundesliga";"Résultat du match";"Energie Cottbus gagne";"2.7";"BetVictor";"3";"9";"recent_results | standing";"1";"5";"Non"
"1589";"football:1576190:1:Away:4:public-demo-replay-2026-10-08";"SV Darmstadt 98 — Energie Cottbus";"2. Bundesliga";"Résultat du match";"Energie Cottbus gagne";"2.84";"Pinnacle";"3";"9";"recent_results | standing";"1";"5";"Non"
"1590";"football:1576190:1:Away:5:public-demo-replay-2026-10-08";"SV Darmstadt 98 — Energie Cottbus";"2. Bundesliga";"Résultat du match";"Energie Cottbus gagne";"2.62";"SBO";"3";"9";"recent_results | standing";"1";"5";"Non"
"1591";"football:1576190:1:Away:7:public-demo-replay-2026-10-08";"SV Darmstadt 98 — Energie Cottbus";"2. Bundesliga";"Résultat du match";"Energie Cottbus gagne";"2.75";"William Hill";"3";"9";"recent_results | standing";"1";"5";"Non"
"1592";"football:1576190:1:Away:8:public-demo-replay-2026-10-08";"SV Darmstadt 98 — Energie Cottbus";"2. Bundesliga";"Résultat du match";"Energie Cottbus gagne";"2.8";"Bet365";"3";"9";"recent_results | standing";"1";"5";"Non"
"1593";"football:1576190:1:Away:9:public-demo-replay-2026-10-08";"SV Darmstadt 98 — Energie Cottbus";"2. Bundesliga";"Résultat du match";"Energie Cottbus gagne";"2.8";"Dafabet";"3";"9";"recent_results | standing";"1";"5";"Non"
"1594";"football:1576190:12:Draw/Away:11:public-demo-replay-2026-10-08";"SV Darmstadt 98 — Energie Cottbus";"2. Bundesliga";"Double chance";"Energie Cottbus ou nul";"1.61";"1xBet";"3";"9";"recent_results | standing";"1";"5";"Non"
"1595";"football:1576190:12:Draw/Away:2:public-demo-replay-2026-10-08";"SV Darmstadt 98 — Energie Cottbus";"2. Bundesliga";"Double chance";"Energie Cottbus ou nul";"1.61";"Marathonbet";"3";"9";"recent_results | standing";"1";"5";"Non"
"1596";"football:1576190:12:Draw/Away:3:public-demo-replay-2026-10-08";"SV Darmstadt 98 — Energie Cottbus";"2. Bundesliga";"Double chance";"Energie Cottbus ou nul";"1.67";"Betfair";"3";"9";"recent_results | standing";"1";"5";"Non"
"1597";"football:1576190:12:Draw/Away:32:public-demo-replay-2026-10-08";"SV Darmstadt 98 — Energie Cottbus";"2. Bundesliga";"Double chance";"Energie Cottbus ou nul";"1.7";"Betano";"3";"9";"recent_results | standing";"1";"5";"Non"
"1598";"football:1576190:12:Draw/Away:36:public-demo-replay-2026-10-08";"SV Darmstadt 98 — Energie Cottbus";"2. Bundesliga";"Double chance";"Energie Cottbus ou nul";"1.57";"BetVictor";"3";"9";"recent_results | standing";"1";"5";"Non"
"1599";"football:1576190:12:Draw/Away:5:public-demo-replay-2026-10-08";"SV Darmstadt 98 — Energie Cottbus";"2. Bundesliga";"Double chance";"Energie Cottbus ou nul";"1.6";"SBO";"3";"9";"recent_results | standing";"1";"5";"Non"
"1600";"football:1576190:12:Draw/Away:7:public-demo-replay-2026-10-08";"SV Darmstadt 98 — Energie Cottbus";"2. Bundesliga";"Double chance";"Energie Cottbus ou nul";"1.65";"William Hill";"3";"9";"recent_results | standing";"1";"5";"Non"
"1601";"football:1576190:12:Draw/Away:8:public-demo-replay-2026-10-08";"SV Darmstadt 98 — Energie Cottbus";"2. Bundesliga";"Double chance";"Energie Cottbus ou nul";"1.57";"Bet365";"3";"9";"recent_results | standing";"1";"5";"Non"
"1602";"football:1563187:1:Home:11:public-demo-replay-2026-10-08";"Swansea — Norwich";"Championship";"Résultat du match";"Swansea gagne";"2.45";"1xBet";"4";"5";"recent_results | standing";"2";"5";"Non"
"1603";"football:1563187:1:Home:2:public-demo-replay-2026-10-08";"Swansea — Norwich";"Championship";"Résultat du match";"Swansea gagne";"2.45";"Marathonbet";"4";"5";"recent_results | standing";"2";"5";"Non"
"1604";"football:1563187:1:Home:3:public-demo-replay-2026-10-08";"Swansea — Norwich";"Championship";"Résultat du match";"Swansea gagne";"2.3";"Betfair";"4";"5";"recent_results | standing";"2";"5";"Non"
"1605";"football:1563187:1:Home:32:public-demo-replay-2026-10-08";"Swansea — Norwich";"Championship";"Résultat du match";"Swansea gagne";"2.5";"Betano";"4";"5";"recent_results | standing";"2";"5";"Non"
"1606";"football:1563187:1:Home:36:public-demo-replay-2026-10-08";"Swansea — Norwich";"Championship";"Résultat du match";"Swansea gagne";"2.3";"BetVictor";"4";"5";"recent_results | standing";"2";"5";"Non"
"1607";"football:1563187:1:Home:4:public-demo-replay-2026-10-08";"Swansea — Norwich";"Championship";"Résultat du match";"Swansea gagne";"2.46";"Pinnacle";"4";"5";"recent_results | standing";"2";"5";"Non"
"1608";"football:1563187:1:Home:5:public-demo-replay-2026-10-08";"Swansea — Norwich";"Championship";"Résultat du match";"Swansea gagne";"2.16";"SBO";"4";"5";"recent_results | standing";"2";"5";"Non"
"1609";"football:1563187:1:Home:7:public-demo-replay-2026-10-08";"Swansea — Norwich";"Championship";"Résultat du match";"Swansea gagne";"2.4";"William Hill";"4";"5";"recent_results | standing";"2";"5";"Non"
"1610";"football:1563187:1:Home:8:public-demo-replay-2026-10-08";"Swansea — Norwich";"Championship";"Résultat du match";"Swansea gagne";"2.4";"Bet365";"4";"5";"recent_results | standing";"2";"5";"Non"
"1611";"football:1563187:1:Home:9:public-demo-replay-2026-10-08";"Swansea — Norwich";"Championship";"Résultat du match";"Swansea gagne";"2.41";"Dafabet";"4";"5";"recent_results | standing";"2";"5";"Non"
"1612";"football:1563187:12:Home/Draw:11:public-demo-replay-2026-10-08";"Swansea — Norwich";"Championship";"Double chance";"Swansea ou nul";"1.43";"1xBet";"4";"5";"recent_results | standing";"2";"5";"Non"
"1613";"football:1563187:12:Home/Draw:2:public-demo-replay-2026-10-08";"Swansea — Norwich";"Championship";"Double chance";"Swansea ou nul";"1.43";"Marathonbet";"4";"5";"recent_results | standing";"2";"5";"Non"
"1614";"football:1563187:12:Home/Draw:3:public-demo-replay-2026-10-08";"Swansea — Norwich";"Championship";"Double chance";"Swansea ou nul";"1.36";"Betfair";"4";"5";"recent_results | standing";"2";"5";"Non"
"1615";"football:1563187:12:Home/Draw:32:public-demo-replay-2026-10-08";"Swansea — Norwich";"Championship";"Double chance";"Swansea ou nul";"1.47";"Betano";"4";"5";"recent_results | standing";"2";"5";"Non"
"1616";"football:1563187:12:Home/Draw:36:public-demo-replay-2026-10-08";"Swansea — Norwich";"Championship";"Double chance";"Swansea ou nul";"1.4";"BetVictor";"4";"5";"recent_results | standing";"2";"5";"Non"
"1617";"football:1563187:12:Home/Draw:5:public-demo-replay-2026-10-08";"Swansea — Norwich";"Championship";"Double chance";"Swansea ou nul";"1.35";"SBO";"4";"5";"recent_results | standing";"2";"5";"Non"
"1618";"football:1563187:12:Home/Draw:7:public-demo-replay-2026-10-08";"Swansea — Norwich";"Championship";"Double chance";"Swansea ou nul";"1.44";"William Hill";"4";"5";"recent_results | standing";"2";"5";"Non"
"1619";"football:1563187:12:Home/Draw:8:public-demo-replay-2026-10-08";"Swansea — Norwich";"Championship";"Double chance";"Swansea ou nul";"1.4";"Bet365";"4";"5";"recent_results | standing";"2";"5";"Non"
"1620";"football:1523269:1:Away:11:public-demo-replay-2026-10-08";"Chengdu Better City — Tianjin Teda";"Super League";"Résultat du match";"Tianjin Teda gagne";"4.88";"1xBet";"2";"6";"recent_results";"1";"5";"Non"
"1621";"football:1523269:1:Away:2:public-demo-replay-2026-10-08";"Chengdu Better City — Tianjin Teda";"Super League";"Résultat du match";"Tianjin Teda gagne";"4.7";"Marathonbet";"2";"6";"recent_results";"1";"5";"Non"
"1622";"football:1523269:1:Away:3:public-demo-replay-2026-10-08";"Chengdu Better City — Tianjin Teda";"Super League";"Résultat du match";"Tianjin Teda gagne";"5";"Betfair";"2";"6";"recent_results";"1";"5";"Non"
"1623";"football:1523269:1:Away:32:public-demo-replay-2026-10-08";"Chengdu Better City — Tianjin Teda";"Super League";"Résultat du match";"Tianjin Teda gagne";"4.45";"Betano";"2";"6";"recent_results";"1";"5";"Non"
"1624";"football:1523269:1:Away:36:public-demo-replay-2026-10-08";"Chengdu Better City — Tianjin Teda";"Super League";"Résultat du match";"Tianjin Teda gagne";"4.75";"BetVictor";"2";"6";"recent_results";"1";"5";"Non"
"1625";"football:1523269:1:Away:4:public-demo-replay-2026-10-08";"Chengdu Better City — Tianjin Teda";"Super League";"Résultat du match";"Tianjin Teda gagne";"4.46";"Pinnacle";"2";"6";"recent_results";"1";"5";"Non"
"1626";"football:1523269:1:Away:5:public-demo-replay-2026-10-08";"Chengdu Better City — Tianjin Teda";"Super League";"Résultat du match";"Tianjin Teda gagne";"4.2";"SBO";"2";"6";"recent_results";"1";"5";"Non"
"1627";"football:1523269:1:Away:7:public-demo-replay-2026-10-08";"Chengdu Better City — Tianjin Teda";"Super League";"Résultat du match";"Tianjin Teda gagne";"4.6";"William Hill";"2";"6";"recent_results";"1";"5";"Non"
"1628";"football:1523269:1:Away:8:public-demo-replay-2026-10-08";"Chengdu Better City — Tianjin Teda";"Super League";"Résultat du match";"Tianjin Teda gagne";"4.5";"Bet365";"2";"6";"recent_results";"1";"5";"Non"
"1629";"football:1523269:1:Away:9:public-demo-replay-2026-10-08";"Chengdu Better City — Tianjin Teda";"Super League";"Résultat du match";"Tianjin Teda gagne";"4.8";"Dafabet";"2";"6";"recent_results";"1";"5";"Non"
"1630";"football:1523269:1:Home:11:public-demo-replay-2026-10-08";"Chengdu Better City — Tianjin Teda";"Super League";"Résultat du match";"Chengdu Better City gagne";"1.64";"1xBet";"3";"5";"recent_results | standing";"1";"5";"Non"
"1631";"football:1523269:1:Home:2:public-demo-replay-2026-10-08";"Chengdu Better City — Tianjin Teda";"Super League";"Résultat du match";"Chengdu Better City gagne";"1.58";"Marathonbet";"3";"5";"recent_results | standing";"1";"5";"Non"
"1632";"football:1523269:1:Home:3:public-demo-replay-2026-10-08";"Chengdu Better City — Tianjin Teda";"Super League";"Résultat du match";"Chengdu Better City gagne";"1.62";"Betfair";"3";"5";"recent_results | standing";"1";"5";"Non"
"1633";"football:1523269:1:Home:32:public-demo-replay-2026-10-08";"Chengdu Better City — Tianjin Teda";"Super League";"Résultat du match";"Chengdu Better City gagne";"1.65";"Betano";"3";"5";"recent_results | standing";"1";"5";"Non"
"1634";"football:1523269:1:Home:36:public-demo-replay-2026-10-08";"Chengdu Better City — Tianjin Teda";"Super League";"Résultat du match";"Chengdu Better City gagne";"1.62";"BetVictor";"3";"5";"recent_results | standing";"1";"5";"Non"
"1635";"football:1523269:1:Home:4:public-demo-replay-2026-10-08";"Chengdu Better City — Tianjin Teda";"Super League";"Résultat du match";"Chengdu Better City gagne";"1.66";"Pinnacle";"3";"5";"recent_results | standing";"1";"5";"Non"
"1636";"football:1523269:1:Home:5:public-demo-replay-2026-10-08";"Chengdu Better City — Tianjin Teda";"Super League";"Résultat du match";"Chengdu Better City gagne";"1.54";"SBO";"3";"5";"recent_results | standing";"1";"5";"Non"
"1637";"football:1523269:1:Home:7:public-demo-replay-2026-10-08";"Chengdu Better City — Tianjin Teda";"Super League";"Résultat du match";"Chengdu Better City gagne";"1.62";"William Hill";"3";"5";"recent_results | standing";"1";"5";"Non"
"1638";"football:1523269:1:Home:8:public-demo-replay-2026-10-08";"Chengdu Better City — Tianjin Teda";"Super League";"Résultat du match";"Chengdu Better City gagne";"1.65";"Bet365";"3";"5";"recent_results | standing";"1";"5";"Non"
"1639";"football:1523269:1:Home:9:public-demo-replay-2026-10-08";"Chengdu Better City — Tianjin Teda";"Super League";"Résultat du match";"Chengdu Better City gagne";"1.68";"Dafabet";"3";"5";"recent_results | standing";"1";"5";"Non"
"1640";"football:1523269:12:Draw/Away:11:public-demo-replay-2026-10-08";"Chengdu Better City — Tianjin Teda";"Super League";"Double chance";"Tianjin Teda ou nul";"2.26";"1xBet";"2";"6";"recent_results";"1";"5";"Non"
"1641";"football:1523269:12:Draw/Away:2:public-demo-replay-2026-10-08";"Chengdu Better City — Tianjin Teda";"Super League";"Double chance";"Tianjin Teda ou nul";"2.21";"Marathonbet";"2";"6";"recent_results";"1";"5";"Non"
"1642";"football:1523269:12:Draw/Away:3:public-demo-replay-2026-10-08";"Chengdu Better City — Tianjin Teda";"Super League";"Double chance";"Tianjin Teda ou nul";"2.25";"Betfair";"2";"6";"recent_results";"1";"5";"Non"
"1643";"football:1523269:12:Draw/Away:32:public-demo-replay-2026-10-08";"Chengdu Better City — Tianjin Teda";"Super League";"Double chance";"Tianjin Teda ou nul";"2.22";"Betano";"2";"6";"recent_results";"1";"5";"Non"
"1644";"football:1523269:12:Draw/Away:36:public-demo-replay-2026-10-08";"Chengdu Better City — Tianjin Teda";"Super League";"Double chance";"Tianjin Teda ou nul";"2.15";"BetVictor";"2";"6";"recent_results";"1";"5";"Non"
"1645";"football:1523269:12:Draw/Away:5:public-demo-replay-2026-10-08";"Chengdu Better City — Tianjin Teda";"Super League";"Double chance";"Tianjin Teda ou nul";"1.93";"SBO";"2";"6";"recent_results";"1";"5";"Non"
"1646";"football:1523269:12:Draw/Away:7:public-demo-replay-2026-10-08";"Chengdu Better City — Tianjin Teda";"Super League";"Double chance";"Tianjin Teda ou nul";"2.2";"William Hill";"2";"6";"recent_results";"1";"5";"Non"
"1647";"football:1523269:12:Draw/Away:8:public-demo-replay-2026-10-08";"Chengdu Better City — Tianjin Teda";"Super League";"Double chance";"Tianjin Teda ou nul";"2.2";"Bet365";"2";"6";"recent_results";"1";"5";"Non"
"1648";"football:1523269:12:Home/Draw:11:public-demo-replay-2026-10-08";"Chengdu Better City — Tianjin Teda";"Super League";"Double chance";"Chengdu Better City ou nul";"1.18";"1xBet";"3";"5";"recent_results | standing";"1";"5";"Non"
"1649";"football:1523269:12:Home/Draw:2:public-demo-replay-2026-10-08";"Chengdu Better City — Tianjin Teda";"Super League";"Double chance";"Chengdu Better City ou nul";"1.15";"Marathonbet";"3";"5";"recent_results | standing";"1";"5";"Non"
"1650";"football:1523269:12:Home/Draw:3:public-demo-replay-2026-10-08";"Chengdu Better City — Tianjin Teda";"Super League";"Double chance";"Chengdu Better City ou nul";"1.14";"Betfair";"3";"5";"recent_results | standing";"1";"5";"Non"
"1651";"football:1523269:12:Home/Draw:32:public-demo-replay-2026-10-08";"Chengdu Better City — Tianjin Teda";"Super League";"Double chance";"Chengdu Better City ou nul";"1.21";"Betano";"3";"5";"recent_results | standing";"1";"5";"Non"
"1652";"football:1523269:12:Home/Draw:36:public-demo-replay-2026-10-08";"Chengdu Better City — Tianjin Teda";"Super League";"Double chance";"Chengdu Better City ou nul";"1.15";"BetVictor";"3";"5";"recent_results | standing";"1";"5";"Non"
"1653";"football:1523269:12:Home/Draw:5:public-demo-replay-2026-10-08";"Chengdu Better City — Tianjin Teda";"Super League";"Double chance";"Chengdu Better City ou nul";"1.07";"SBO";"3";"5";"recent_results | standing";"1";"5";"Non"
"1654";"football:1523269:12:Home/Draw:7:public-demo-replay-2026-10-08";"Chengdu Better City — Tianjin Teda";"Super League";"Double chance";"Chengdu Better City ou nul";"1.18";"William Hill";"3";"5";"recent_results | standing";"1";"5";"Non"
"1655";"football:1523269:12:Home/Draw:8:public-demo-replay-2026-10-08";"Chengdu Better City — Tianjin Teda";"Super League";"Double chance";"Chengdu Better City ou nul";"1.18";"Bet365";"3";"5";"recent_results | standing";"1";"5";"Non"
"1656";"football:1552486:1:Away:11:public-demo-replay-2026-10-08";"Clermont Foot — RED Star FC 93";"Ligue 2";"Résultat du match";"RED Star FC 93 gagne";"2.07";"1xBet";"5";"3";"recent_results | standing";"3";"4";"Non"
"1657";"football:1552486:1:Away:2:public-demo-replay-2026-10-08";"Clermont Foot — RED Star FC 93";"Ligue 2";"Résultat du match";"RED Star FC 93 gagne";"2.05";"Marathonbet";"5";"3";"recent_results | standing";"3";"4";"Non"
"1658";"football:1552486:1:Away:3:public-demo-replay-2026-10-08";"Clermont Foot — RED Star FC 93";"Ligue 2";"Résultat du match";"RED Star FC 93 gagne";"2.05";"Betfair";"5";"3";"recent_results | standing";"3";"4";"Non"
"1659";"football:1552486:1:Away:32:public-demo-replay-2026-10-08";"Clermont Foot — RED Star FC 93";"Ligue 2";"Résultat du match";"RED Star FC 93 gagne";"2.1";"Betano";"5";"3";"recent_results | standing";"3";"4";"Non"
"1660";"football:1552486:1:Away:36:public-demo-replay-2026-10-08";"Clermont Foot — RED Star FC 93";"Ligue 2";"Résultat du match";"RED Star FC 93 gagne";"2.05";"BetVictor";"5";"3";"recent_results | standing";"3";"4";"Non"
"1661";"football:1552486:1:Away:4:public-demo-replay-2026-10-08";"Clermont Foot — RED Star FC 93";"Ligue 2";"Résultat du match";"RED Star FC 93 gagne";"2.08";"Pinnacle";"5";"3";"recent_results | standing";"3";"4";"Non"
"1662";"football:1552486:1:Away:5:public-demo-replay-2026-10-08";"Clermont Foot — RED Star FC 93";"Ligue 2";"Résultat du match";"RED Star FC 93 gagne";"1.92";"SBO";"5";"3";"recent_results | standing";"3";"4";"Non"
"1663";"football:1552486:1:Away:7:public-demo-replay-2026-10-08";"Clermont Foot — RED Star FC 93";"Ligue 2";"Résultat du match";"RED Star FC 93 gagne";"2.05";"William Hill";"5";"3";"recent_results | standing";"3";"4";"Non"
"1664";"football:1552486:1:Away:8:public-demo-replay-2026-10-08";"Clermont Foot — RED Star FC 93";"Ligue 2";"Résultat du match";"RED Star FC 93 gagne";"2";"Bet365";"5";"3";"recent_results | standing";"3";"4";"Non"
"1665";"football:1552486:12:Draw/Away:11:public-demo-replay-2026-10-08";"Clermont Foot — RED Star FC 93";"Ligue 2";"Double chance";"RED Star FC 93 ou nul";"1.28";"1xBet";"5";"3";"recent_results | standing";"3";"4";"Non"
"1666";"football:1552486:12:Draw/Away:2:public-demo-replay-2026-10-08";"Clermont Foot — RED Star FC 93";"Ligue 2";"Double chance";"RED Star FC 93 ou nul";"1.28";"Marathonbet";"5";"3";"recent_results | standing";"3";"4";"Non"
"1667";"football:1552486:12:Draw/Away:3:public-demo-replay-2026-10-08";"Clermont Foot — RED Star FC 93";"Ligue 2";"Double chance";"RED Star FC 93 ou nul";"1.3";"Betfair";"5";"3";"recent_results | standing";"3";"4";"Non"
"1668";"football:1552486:12:Draw/Away:32:public-demo-replay-2026-10-08";"Clermont Foot — RED Star FC 93";"Ligue 2";"Double chance";"RED Star FC 93 ou nul";"1.31";"Betano";"5";"3";"recent_results | standing";"3";"4";"Non"
"1669";"football:1552486:12:Draw/Away:36:public-demo-replay-2026-10-08";"Clermont Foot — RED Star FC 93";"Ligue 2";"Double chance";"RED Star FC 93 ou nul";"1.29";"BetVictor";"5";"3";"recent_results | standing";"3";"4";"Non"
"1670";"football:1552486:12:Draw/Away:5:public-demo-replay-2026-10-08";"Clermont Foot — RED Star FC 93";"Ligue 2";"Double chance";"RED Star FC 93 ou nul";"1.24";"SBO";"5";"3";"recent_results | standing";"3";"4";"Non"
"1671";"football:1552486:12:Draw/Away:7:public-demo-replay-2026-10-08";"Clermont Foot — RED Star FC 93";"Ligue 2";"Double chance";"RED Star FC 93 ou nul";"1.29";"William Hill";"5";"3";"recent_results | standing";"3";"4";"Non"
"1672";"football:1552486:12:Draw/Away:8:public-demo-replay-2026-10-08";"Clermont Foot — RED Star FC 93";"Ligue 2";"Double chance";"RED Star FC 93 ou nul";"1.28";"Bet365";"5";"3";"recent_results | standing";"3";"4";"Non"
"1673";"football:1552491:1:Away:11:public-demo-replay-2026-10-08";"Nantes — Reims";"Ligue 2";"Résultat du match";"Reims gagne";"3.38";"1xBet";"3";"2";"recent_results | standing";"1";"5";"Non"
"1674";"football:1552491:1:Away:2:public-demo-replay-2026-10-08";"Nantes — Reims";"Ligue 2";"Résultat du match";"Reims gagne";"3.38";"Marathonbet";"3";"2";"recent_results | standing";"1";"5";"Non"
"1675";"football:1552491:1:Away:3:public-demo-replay-2026-10-08";"Nantes — Reims";"Ligue 2";"Résultat du match";"Reims gagne";"3.25";"Betfair";"3";"2";"recent_results | standing";"1";"5";"Non"
"1676";"football:1552491:1:Away:32:public-demo-replay-2026-10-08";"Nantes — Reims";"Ligue 2";"Résultat du match";"Reims gagne";"3.25";"Betano";"3";"2";"recent_results | standing";"1";"5";"Non"
"1677";"football:1552491:1:Away:36:public-demo-replay-2026-10-08";"Nantes — Reims";"Ligue 2";"Résultat du match";"Reims gagne";"3.3";"BetVictor";"3";"2";"recent_results | standing";"1";"5";"Non"
"1678";"football:1552491:1:Away:4:public-demo-replay-2026-10-08";"Nantes — Reims";"Ligue 2";"Résultat du match";"Reims gagne";"3.63";"Pinnacle";"3";"2";"recent_results | standing";"1";"5";"Non"
"1679";"football:1552491:1:Away:5:public-demo-replay-2026-10-08";"Nantes — Reims";"Ligue 2";"Résultat du match";"Reims gagne";"2.93";"SBO";"3";"2";"recent_results | standing";"1";"5";"Non"
"1680";"football:1552491:1:Away:7:public-demo-replay-2026-10-08";"Nantes — Reims";"Ligue 2";"Résultat du match";"Reims gagne";"3.3";"William Hill";"3";"2";"recent_results | standing";"1";"5";"Non"
"1681";"football:1552491:1:Away:8:public-demo-replay-2026-10-08";"Nantes — Reims";"Ligue 2";"Résultat du match";"Reims gagne";"3.3";"Bet365";"3";"2";"recent_results | standing";"1";"5";"Non"
"1682";"football:1552491:12:Draw/Away:11:public-demo-replay-2026-10-08";"Nantes — Reims";"Ligue 2";"Double chance";"Reims ou nul";"1.72";"1xBet";"3";"2";"recent_results | standing";"1";"5";"Non"
"1683";"football:1552491:12:Draw/Away:2:public-demo-replay-2026-10-08";"Nantes — Reims";"Ligue 2";"Double chance";"Reims ou nul";"1.72";"Marathonbet";"3";"2";"recent_results | standing";"1";"5";"Non"
"1684";"football:1552491:12:Draw/Away:3:public-demo-replay-2026-10-08";"Nantes — Reims";"Ligue 2";"Double chance";"Reims ou nul";"1.73";"Betfair";"3";"2";"recent_results | standing";"1";"5";"Non"
"1685";"football:1552491:12:Draw/Away:32:public-demo-replay-2026-10-08";"Nantes — Reims";"Ligue 2";"Double chance";"Reims ou nul";"1.67";"Betano";"3";"2";"recent_results | standing";"1";"5";"Non"
"1686";"football:1552491:12:Draw/Away:36:public-demo-replay-2026-10-08";"Nantes — Reims";"Ligue 2";"Double chance";"Reims ou nul";"1.67";"BetVictor";"3";"2";"recent_results | standing";"1";"5";"Non"
"1687";"football:1552491:12:Draw/Away:5:public-demo-replay-2026-10-08";"Nantes — Reims";"Ligue 2";"Double chance";"Reims ou nul";"1.61";"SBO";"3";"2";"recent_results | standing";"1";"5";"Non"
"1688";"football:1552491:12:Draw/Away:7:public-demo-replay-2026-10-08";"Nantes — Reims";"Ligue 2";"Double chance";"Reims ou nul";"1.7";"William Hill";"3";"2";"recent_results | standing";"1";"5";"Non"
"1689";"football:1552491:12:Draw/Away:8:public-demo-replay-2026-10-08";"Nantes — Reims";"Ligue 2";"Double chance";"Reims ou nul";"1.67";"Bet365";"3";"2";"recent_results | standing";"1";"5";"Non"
"1690";"football:1553182:1:Away:11:public-demo-replay-2026-10-08";"Cracovia Krakow — Zaglebie Lubin";"Ekstraklasa";"Résultat du match";"Zaglebie Lubin gagne";"3.86";"1xBet";"3";"5";"recent_results | standing";"1";"5";"Non"
"1691";"football:1553182:1:Away:2:public-demo-replay-2026-10-08";"Cracovia Krakow — Zaglebie Lubin";"Ekstraklasa";"Résultat du match";"Zaglebie Lubin gagne";"3.84";"Marathonbet";"3";"5";"recent_results | standing";"1";"5";"Non"
"1692";"football:1553182:1:Away:3:public-demo-replay-2026-10-08";"Cracovia Krakow — Zaglebie Lubin";"Ekstraklasa";"Résultat du match";"Zaglebie Lubin gagne";"3.9";"Betfair";"3";"5";"recent_results | standing";"1";"5";"Non"
"1693";"football:1553182:1:Away:32:public-demo-replay-2026-10-08";"Cracovia Krakow — Zaglebie Lubin";"Ekstraklasa";"Résultat du match";"Zaglebie Lubin gagne";"4";"Betano";"3";"5";"recent_results | standing";"1";"5";"Non"
"1694";"football:1553182:1:Away:36:public-demo-replay-2026-10-08";"Cracovia Krakow — Zaglebie Lubin";"Ekstraklasa";"Résultat du match";"Zaglebie Lubin gagne";"3.75";"BetVictor";"3";"5";"recent_results | standing";"1";"5";"Non"
"1695";"football:1553182:1:Away:4:public-demo-replay-2026-10-08";"Cracovia Krakow — Zaglebie Lubin";"Ekstraklasa";"Résultat du match";"Zaglebie Lubin gagne";"4.18";"Pinnacle";"3";"5";"recent_results | standing";"1";"5";"Non"
"1696";"football:1553182:1:Away:5:public-demo-replay-2026-10-08";"Cracovia Krakow — Zaglebie Lubin";"Ekstraklasa";"Résultat du match";"Zaglebie Lubin gagne";"3.35";"SBO";"3";"5";"recent_results | standing";"1";"5";"Non"
"1697";"football:1553182:1:Away:7:public-demo-replay-2026-10-08";"Cracovia Krakow — Zaglebie Lubin";"Ekstraklasa";"Résultat du match";"Zaglebie Lubin gagne";"3.75";"William Hill";"3";"5";"recent_results | standing";"1";"5";"Non"
"1698";"football:1553182:1:Away:8:public-demo-replay-2026-10-08";"Cracovia Krakow — Zaglebie Lubin";"Ekstraklasa";"Résultat du match";"Zaglebie Lubin gagne";"3.75";"Bet365";"3";"5";"recent_results | standing";"1";"5";"Non"
"1699";"football:1553182:12:Draw/Away:11:public-demo-replay-2026-10-08";"Cracovia Krakow — Zaglebie Lubin";"Ekstraklasa";"Double chance";"Zaglebie Lubin ou nul";"1.86";"1xBet";"3";"5";"recent_results | standing";"1";"5";"Non"
"1700";"football:1553182:12:Draw/Away:2:public-demo-replay-2026-10-08";"Cracovia Krakow — Zaglebie Lubin";"Ekstraklasa";"Double chance";"Zaglebie Lubin ou nul";"1.86";"Marathonbet";"3";"5";"recent_results | standing";"1";"5";"Non"
"1701";"football:1553182:12:Draw/Away:3:public-demo-replay-2026-10-08";"Cracovia Krakow — Zaglebie Lubin";"Ekstraklasa";"Double chance";"Zaglebie Lubin ou nul";"1.83";"Betfair";"3";"5";"recent_results | standing";"1";"5";"Non"
"1702";"football:1553182:12:Draw/Away:32:public-demo-replay-2026-10-08";"Cracovia Krakow — Zaglebie Lubin";"Ekstraklasa";"Double chance";"Zaglebie Lubin ou nul";"1.91";"Betano";"3";"5";"recent_results | standing";"1";"5";"Non"
"1703";"football:1553182:12:Draw/Away:36:public-demo-replay-2026-10-08";"Cracovia Krakow — Zaglebie Lubin";"Ekstraklasa";"Double chance";"Zaglebie Lubin ou nul";"1.8";"BetVictor";"3";"5";"recent_results | standing";"1";"5";"Non"
"1704";"football:1553182:12:Draw/Away:5:public-demo-replay-2026-10-08";"Cracovia Krakow — Zaglebie Lubin";"Ekstraklasa";"Double chance";"Zaglebie Lubin ou nul";"1.89";"SBO";"3";"5";"recent_results | standing";"1";"5";"Non"
"1705";"football:1553182:12:Draw/Away:7:public-demo-replay-2026-10-08";"Cracovia Krakow — Zaglebie Lubin";"Ekstraklasa";"Double chance";"Zaglebie Lubin ou nul";"1.8";"William Hill";"3";"5";"recent_results | standing";"1";"5";"Non"
"1706";"football:1553182:12:Draw/Away:8:public-demo-replay-2026-10-08";"Cracovia Krakow — Zaglebie Lubin";"Ekstraklasa";"Double chance";"Zaglebie Lubin ou nul";"1.8";"Bet365";"3";"5";"recent_results | standing";"1";"5";"Non"
"1707";"football:1494291:1:Away:11:public-demo-replay-2026-10-08";"Gais — Sirius";"Allsvenskan";"Résultat du match";"Sirius gagne";"2.59";"1xBet";"5";"4";"recent_results | standing";"3";"4";"Non"
"1708";"football:1494291:1:Away:2:public-demo-replay-2026-10-08";"Gais — Sirius";"Allsvenskan";"Résultat du match";"Sirius gagne";"2.59";"Marathonbet";"5";"4";"recent_results | standing";"3";"4";"Non"
"1709";"football:1494291:1:Away:3:public-demo-replay-2026-10-08";"Gais — Sirius";"Allsvenskan";"Résultat du match";"Sirius gagne";"2.63";"Betfair";"5";"4";"recent_results | standing";"3";"4";"Non"
"1710";"football:1494291:1:Away:32:public-demo-replay-2026-10-08";"Gais — Sirius";"Allsvenskan";"Résultat du match";"Sirius gagne";"2.65";"Betano";"5";"4";"recent_results | standing";"3";"4";"Non"
"1711";"football:1494291:1:Away:36:public-demo-replay-2026-10-08";"Gais — Sirius";"Allsvenskan";"Résultat du match";"Sirius gagne";"2.6";"BetVictor";"5";"4";"recent_results | standing";"3";"4";"Non"
"1712";"football:1494291:1:Away:4:public-demo-replay-2026-10-08";"Gais — Sirius";"Allsvenskan";"Résultat du match";"Sirius gagne";"2.78";"Pinnacle";"5";"4";"recent_results | standing";"3";"4";"Non"
"1713";"football:1494291:1:Away:5:public-demo-replay-2026-10-08";"Gais — Sirius";"Allsvenskan";"Résultat du match";"Sirius gagne";"2.47";"SBO";"5";"4";"recent_results | standing";"3";"4";"Non"
"1714";"football:1494291:1:Away:7:public-demo-replay-2026-10-08";"Gais — Sirius";"Allsvenskan";"Résultat du match";"Sirius gagne";"2.7";"William Hill";"5";"4";"recent_results | standing";"3";"4";"Non"
"1715";"football:1494291:1:Away:8:public-demo-replay-2026-10-08";"Gais — Sirius";"Allsvenskan";"Résultat du match";"Sirius gagne";"2.62";"Bet365";"5";"4";"recent_results | standing";"3";"4";"Non"
"1716";"football:1494291:1:Away:9:public-demo-replay-2026-10-08";"Gais — Sirius";"Allsvenskan";"Résultat du match";"Sirius gagne";"2.7";"Dafabet";"5";"4";"recent_results | standing";"3";"4";"Non"
"1717";"football:1494291:12:Draw/Away:11:public-demo-replay-2026-10-08";"Gais — Sirius";"Allsvenskan";"Double chance";"Sirius ou nul";"1.5";"1xBet";"5";"4";"recent_results | standing";"3";"4";"Non"
"1718";"football:1494291:12:Draw/Away:2:public-demo-replay-2026-10-08";"Gais — Sirius";"Allsvenskan";"Double chance";"Sirius ou nul";"1.5";"Marathonbet";"5";"4";"recent_results | standing";"3";"4";"Non"
"1719";"football:1494291:12:Draw/Away:3:public-demo-replay-2026-10-08";"Gais — Sirius";"Allsvenskan";"Double chance";"Sirius ou nul";"1.53";"Betfair";"5";"4";"recent_results | standing";"3";"4";"Non"
"1720";"football:1494291:12:Draw/Away:32:public-demo-replay-2026-10-08";"Gais — Sirius";"Allsvenskan";"Double chance";"Sirius ou nul";"1.57";"Betano";"5";"4";"recent_results | standing";"3";"4";"Non"
"1721";"football:1494291:12:Draw/Away:36:public-demo-replay-2026-10-08";"Gais — Sirius";"Allsvenskan";"Double chance";"Sirius ou nul";"1.5";"BetVictor";"5";"4";"recent_results | standing";"3";"4";"Non"
"1722";"football:1494291:12:Draw/Away:5:public-demo-replay-2026-10-08";"Gais — Sirius";"Allsvenskan";"Double chance";"Sirius ou nul";"1.45";"SBO";"5";"4";"recent_results | standing";"3";"4";"Non"
"1723";"football:1494291:12:Draw/Away:7:public-demo-replay-2026-10-08";"Gais — Sirius";"Allsvenskan";"Double chance";"Sirius ou nul";"1.5";"William Hill";"5";"4";"recent_results | standing";"3";"4";"Non"
"1724";"football:1494291:12:Draw/Away:8:public-demo-replay-2026-10-08";"Gais — Sirius";"Allsvenskan";"Double chance";"Sirius ou nul";"1.53";"Bet365";"5";"4";"recent_results | standing";"3";"4";"Non"
"1725";"football:1584429:1:Away:11:public-demo-replay-2026-10-08";"Samsunspor — Trabzonspor";"Süper Lig";"Résultat du match";"Trabzonspor gagne";"2.06";"1xBet";"3";"5";"recent_results | standing";"1";"5";"Non"
"1726";"football:1584429:1:Away:2:public-demo-replay-2026-10-08";"Samsunspor — Trabzonspor";"Süper Lig";"Résultat du match";"Trabzonspor gagne";"1.97";"Marathonbet";"3";"5";"recent_results | standing";"1";"5";"Non"
"1727";"football:1584429:1:Away:3:public-demo-replay-2026-10-08";"Samsunspor — Trabzonspor";"Süper Lig";"Résultat du match";"Trabzonspor gagne";"2";"Betfair";"3";"5";"recent_results | standing";"1";"5";"Non"
"1728";"football:1584429:1:Away:32:public-demo-replay-2026-10-08";"Samsunspor — Trabzonspor";"Süper Lig";"Résultat du match";"Trabzonspor gagne";"1.98";"Betano";"3";"5";"recent_results | standing";"1";"5";"Non"
"1729";"football:1584429:1:Away:36:public-demo-replay-2026-10-08";"Samsunspor — Trabzonspor";"Süper Lig";"Résultat du match";"Trabzonspor gagne";"1.95";"BetVictor";"3";"5";"recent_results | standing";"1";"5";"Non"
"1730";"football:1584429:1:Away:4:public-demo-replay-2026-10-08";"Samsunspor — Trabzonspor";"Süper Lig";"Résultat du match";"Trabzonspor gagne";"2.05";"Pinnacle";"3";"5";"recent_results | standing";"1";"5";"Non"
"1731";"football:1584429:1:Away:5:public-demo-replay-2026-10-08";"Samsunspor — Trabzonspor";"Süper Lig";"Résultat du match";"Trabzonspor gagne";"1.97";"SBO";"3";"5";"recent_results | standing";"1";"5";"Non"
"1732";"football:1584429:1:Away:7:public-demo-replay-2026-10-08";"Samsunspor — Trabzonspor";"Süper Lig";"Résultat du match";"Trabzonspor gagne";"2";"William Hill";"3";"5";"recent_results | standing";"1";"5";"Non"
"1733";"football:1584429:1:Away:8:public-demo-replay-2026-10-08";"Samsunspor — Trabzonspor";"Süper Lig";"Résultat du match";"Trabzonspor gagne";"1.91";"Bet365";"3";"5";"recent_results | standing";"1";"5";"Non"
"1734";"football:1584429:12:Draw/Away:11:public-demo-replay-2026-10-08";"Samsunspor — Trabzonspor";"Süper Lig";"Double chance";"Trabzonspor ou nul";"1.33";"1xBet";"3";"5";"recent_results | standing";"1";"5";"Non"
"1735";"football:1584429:12:Draw/Away:2:public-demo-replay-2026-10-08";"Samsunspor — Trabzonspor";"Süper Lig";"Double chance";"Trabzonspor ou nul";"1.28";"Marathonbet";"3";"5";"recent_results | standing";"1";"5";"Non"
"1736";"football:1584429:12:Draw/Away:3:public-demo-replay-2026-10-08";"Samsunspor — Trabzonspor";"Süper Lig";"Double chance";"Trabzonspor ou nul";"1.33";"Betfair";"3";"5";"recent_results | standing";"1";"5";"Non"
"1737";"football:1584429:12:Draw/Away:32:public-demo-replay-2026-10-08";"Samsunspor — Trabzonspor";"Süper Lig";"Double chance";"Trabzonspor ou nul";"1.32";"Betano";"3";"5";"recent_results | standing";"1";"5";"Non"
"1738";"football:1584429:12:Draw/Away:36:public-demo-replay-2026-10-08";"Samsunspor — Trabzonspor";"Süper Lig";"Double chance";"Trabzonspor ou nul";"1.29";"BetVictor";"3";"5";"recent_results | standing";"1";"5";"Non"
"1739";"football:1584429:12:Draw/Away:5:public-demo-replay-2026-10-08";"Samsunspor — Trabzonspor";"Süper Lig";"Double chance";"Trabzonspor ou nul";"1.23";"SBO";"3";"5";"recent_results | standing";"1";"5";"Non"
"1740";"football:1584429:12:Draw/Away:7:public-demo-replay-2026-10-08";"Samsunspor — Trabzonspor";"Süper Lig";"Double chance";"Trabzonspor ou nul";"1.3";"William Hill";"3";"5";"recent_results | standing";"1";"5";"Non"
"1741";"football:1584429:12:Draw/Away:8:public-demo-replay-2026-10-08";"Samsunspor — Trabzonspor";"Süper Lig";"Double chance";"Trabzonspor ou nul";"1.28";"Bet365";"3";"5";"recent_results | standing";"1";"5";"Non"
"1742";"football:1601547:1:Away:11:public-demo-replay-2026-10-08";"Empoli — Palermo";"Serie B";"Résultat du match";"Palermo gagne";"1.97";"1xBet";"4";"8";"recent_results | standing";"2";"5";"Non"
"1743";"football:1601547:1:Away:2:public-demo-replay-2026-10-08";"Empoli — Palermo";"Serie B";"Résultat du match";"Palermo gagne";"1.95";"Marathonbet";"4";"8";"recent_results | standing";"2";"5";"Non"
"1744";"football:1601547:1:Away:3:public-demo-replay-2026-10-08";"Empoli — Palermo";"Serie B";"Résultat du match";"Palermo gagne";"1.91";"Betfair";"4";"8";"recent_results | standing";"2";"5";"Non"
"1745";"football:1601547:1:Away:32:public-demo-replay-2026-10-08";"Empoli — Palermo";"Serie B";"Résultat du match";"Palermo gagne";"1.95";"Betano";"4";"8";"recent_results | standing";"2";"5";"Non"
"1746";"football:1601547:1:Away:36:public-demo-replay-2026-10-08";"Empoli — Palermo";"Serie B";"Résultat du match";"Palermo gagne";"1.93";"BetVictor";"4";"8";"recent_results | standing";"2";"5";"Non"
"1747";"football:1601547:1:Away:4:public-demo-replay-2026-10-08";"Empoli — Palermo";"Serie B";"Résultat du match";"Palermo gagne";"1.98";"Pinnacle";"4";"8";"recent_results | standing";"2";"5";"Non"
"1748";"football:1601547:1:Away:5:public-demo-replay-2026-10-08";"Empoli — Palermo";"Serie B";"Résultat du match";"Palermo gagne";"1.97";"SBO";"4";"8";"recent_results | standing";"2";"5";"Non"
"1749";"football:1601547:1:Away:7:public-demo-replay-2026-10-08";"Empoli — Palermo";"Serie B";"Résultat du match";"Palermo gagne";"1.95";"William Hill";"4";"8";"recent_results | standing";"2";"5";"Non"
"1750";"football:1601547:1:Away:8:public-demo-replay-2026-10-08";"Empoli — Palermo";"Serie B";"Résultat du match";"Palermo gagne";"1.91";"Bet365";"4";"8";"recent_results | standing";"2";"5";"Non"
"1751";"football:1601547:12:Draw/Away:11:public-demo-replay-2026-10-08";"Empoli — Palermo";"Serie B";"Double chance";"Palermo ou nul";"1.26";"1xBet";"4";"8";"recent_results | standing";"2";"5";"Non"
"1752";"football:1601547:12:Draw/Away:2:public-demo-replay-2026-10-08";"Empoli — Palermo";"Serie B";"Double chance";"Palermo ou nul";"1.26";"Marathonbet";"4";"8";"recent_results | standing";"2";"5";"Non"
"1753";"football:1601547:12:Draw/Away:3:public-demo-replay-2026-10-08";"Empoli — Palermo";"Serie B";"Double chance";"Palermo ou nul";"1.29";"Betfair";"4";"8";"recent_results | standing";"2";"5";"Non"
"1754";"football:1601547:12:Draw/Away:32:public-demo-replay-2026-10-08";"Empoli — Palermo";"Serie B";"Double chance";"Palermo ou nul";"1.28";"Betano";"4";"8";"recent_results | standing";"2";"5";"Non"
"1755";"football:1601547:12:Draw/Away:36:public-demo-replay-2026-10-08";"Empoli — Palermo";"Serie B";"Double chance";"Palermo ou nul";"1.29";"BetVictor";"4";"8";"recent_results | standing";"2";"5";"Non"
"1756";"football:1601547:12:Draw/Away:5:public-demo-replay-2026-10-08";"Empoli — Palermo";"Serie B";"Double chance";"Palermo ou nul";"1.21";"SBO";"4";"8";"recent_results | standing";"2";"5";"Non"
"1757";"football:1601547:12:Draw/Away:7:public-demo-replay-2026-10-08";"Empoli — Palermo";"Serie B";"Double chance";"Palermo ou nul";"1.29";"William Hill";"4";"8";"recent_results | standing";"2";"5";"Non"
"1758";"football:1601547:12:Draw/Away:8:public-demo-replay-2026-10-08";"Empoli — Palermo";"Serie B";"Double chance";"Palermo ou nul";"1.28";"Bet365";"4";"8";"recent_results | standing";"2";"5";"Non"
"1759";"football:1601552:1:Home:11:public-demo-replay-2026-10-08";"Sudtirol — Ascoli";"Serie B";"Résultat du match";"Sudtirol gagne";"2.43";"1xBet";"3";"2";"recent_results | standing";"1";"5";"Non"
"1760";"football:1601552:1:Home:2:public-demo-replay-2026-10-08";"Sudtirol — Ascoli";"Serie B";"Résultat du match";"Sudtirol gagne";"2.41";"Marathonbet";"3";"2";"recent_results | standing";"1";"5";"Non"
"1761";"football:1601552:1:Home:3:public-demo-replay-2026-10-08";"Sudtirol — Ascoli";"Serie B";"Résultat du match";"Sudtirol gagne";"2.4";"Betfair";"3";"2";"recent_results | standing";"1";"5";"Non"
"1762";"football:1601552:1:Home:32:public-demo-replay-2026-10-08";"Sudtirol — Ascoli";"Serie B";"Résultat du match";"Sudtirol gagne";"2.52";"Betano";"3";"2";"recent_results | standing";"1";"5";"Non"
"1763";"football:1601552:1:Home:36:public-demo-replay-2026-10-08";"Sudtirol — Ascoli";"Serie B";"Résultat du match";"Sudtirol gagne";"2.38";"BetVictor";"3";"2";"recent_results | standing";"1";"5";"Non"
"1764";"football:1601552:1:Home:4:public-demo-replay-2026-10-08";"Sudtirol — Ascoli";"Serie B";"Résultat du match";"Sudtirol gagne";"2.53";"Pinnacle";"3";"2";"recent_results | standing";"1";"5";"Non"
"1765";"football:1601552:1:Home:5:public-demo-replay-2026-10-08";"Sudtirol — Ascoli";"Serie B";"Résultat du match";"Sudtirol gagne";"2.27";"SBO";"3";"2";"recent_results | standing";"1";"5";"Non"
"1766";"football:1601552:1:Home:7:public-demo-replay-2026-10-08";"Sudtirol — Ascoli";"Serie B";"Résultat du match";"Sudtirol gagne";"2.38";"William Hill";"3";"2";"recent_results | standing";"1";"5";"Non"
"1767";"football:1601552:1:Home:8:public-demo-replay-2026-10-08";"Sudtirol — Ascoli";"Serie B";"Résultat du match";"Sudtirol gagne";"2.3";"Bet365";"3";"2";"recent_results | standing";"1";"5";"Non"
"1768";"football:1601552:12:Home/Draw:11:public-demo-replay-2026-10-08";"Sudtirol — Ascoli";"Serie B";"Double chance";"Sudtirol ou nul";"1.35";"1xBet";"3";"2";"recent_results | standing";"1";"5";"Non"
"1769";"football:1601552:12:Home/Draw:2:public-demo-replay-2026-10-08";"Sudtirol — Ascoli";"Serie B";"Double chance";"Sudtirol ou nul";"1.35";"Marathonbet";"3";"2";"recent_results | standing";"1";"5";"Non"
"1770";"football:1601552:12:Home/Draw:3:public-demo-replay-2026-10-08";"Sudtirol — Ascoli";"Serie B";"Double chance";"Sudtirol ou nul";"1.4";"Betfair";"3";"2";"recent_results | standing";"1";"5";"Non"
"1771";"football:1601552:12:Home/Draw:32:public-demo-replay-2026-10-08";"Sudtirol — Ascoli";"Serie B";"Double chance";"Sudtirol ou nul";"1.4";"Betano";"3";"2";"recent_results | standing";"1";"5";"Non"
"1772";"football:1601552:12:Home/Draw:36:public-demo-replay-2026-10-08";"Sudtirol — Ascoli";"Serie B";"Double chance";"Sudtirol ou nul";"1.36";"BetVictor";"3";"2";"recent_results | standing";"1";"5";"Non"
"1773";"football:1601552:12:Home/Draw:5:public-demo-replay-2026-10-08";"Sudtirol — Ascoli";"Serie B";"Double chance";"Sudtirol ou nul";"1.35";"SBO";"3";"2";"recent_results | standing";"1";"5";"Non"
"1774";"football:1601552:12:Home/Draw:7:public-demo-replay-2026-10-08";"Sudtirol — Ascoli";"Serie B";"Double chance";"Sudtirol ou nul";"1.36";"William Hill";"3";"2";"recent_results | standing";"1";"5";"Non"
"1775";"football:1601552:12:Home/Draw:8:public-demo-replay-2026-10-08";"Sudtirol — Ascoli";"Serie B";"Double chance";"Sudtirol ou nul";"1.36";"Bet365";"3";"2";"recent_results | standing";"1";"5";"Non"
"1776";"football:1603039:1:Away:11:public-demo-replay-2026-10-08";"Al-Hazm — NEOM";"Pro League";"Résultat du match";"NEOM gagne";"1.74";"1xBet";"4";"4";"recent_results | standing";"2";"4";"Non"
"1777";"football:1603039:1:Away:2:public-demo-replay-2026-10-08";"Al-Hazm — NEOM";"Pro League";"Résultat du match";"NEOM gagne";"1.66";"Marathonbet";"4";"4";"recent_results | standing";"2";"4";"Non"
"1778";"football:1603039:1:Away:3:public-demo-replay-2026-10-08";"Al-Hazm — NEOM";"Pro League";"Résultat du match";"NEOM gagne";"1.75";"Betfair";"4";"4";"recent_results | standing";"2";"4";"Non"
"1779";"football:1603039:1:Away:32:public-demo-replay-2026-10-08";"Al-Hazm — NEOM";"Pro League";"Résultat du match";"NEOM gagne";"1.75";"Betano";"4";"4";"recent_results | standing";"2";"4";"Non"
"1780";"football:1603039:1:Away:4:public-demo-replay-2026-10-08";"Al-Hazm — NEOM";"Pro League";"Résultat du match";"NEOM gagne";"1.76";"Pinnacle";"4";"4";"recent_results | standing";"2";"4";"Non"
"1781";"football:1603039:1:Away:5:public-demo-replay-2026-10-08";"Al-Hazm — NEOM";"Pro League";"Résultat du match";"NEOM gagne";"1.66";"SBO";"4";"4";"recent_results | standing";"2";"4";"Non"
"1782";"football:1603039:1:Away:7:public-demo-replay-2026-10-08";"Al-Hazm — NEOM";"Pro League";"Résultat du match";"NEOM gagne";"1.7";"William Hill";"4";"4";"recent_results | standing";"2";"4";"Non"
"1783";"football:1603039:1:Away:8:public-demo-replay-2026-10-08";"Al-Hazm — NEOM";"Pro League";"Résultat du match";"NEOM gagne";"1.73";"Bet365";"4";"4";"recent_results | standing";"2";"4";"Non"
"1784";"football:1603039:1:Away:9:public-demo-replay-2026-10-08";"Al-Hazm — NEOM";"Pro League";"Résultat du match";"NEOM gagne";"1.79";"Dafabet";"4";"4";"recent_results | standing";"2";"4";"Non"
"1785";"football:1603039:12:Draw/Away:11:public-demo-replay-2026-10-08";"Al-Hazm — NEOM";"Pro League";"Double chance";"NEOM ou nul";"1.2";"1xBet";"4";"4";"recent_results | standing";"2";"4";"Non"
"1786";"football:1603039:12:Draw/Away:2:public-demo-replay-2026-10-08";"Al-Hazm — NEOM";"Pro League";"Double chance";"NEOM ou nul";"1.15";"Marathonbet";"4";"4";"recent_results | standing";"2";"4";"Non"
"1787";"football:1603039:12:Draw/Away:3:public-demo-replay-2026-10-08";"Al-Hazm — NEOM";"Pro League";"Double chance";"NEOM ou nul";"1.2";"Betfair";"4";"4";"recent_results | standing";"2";"4";"Non"
"1788";"football:1603039:12:Draw/Away:32:public-demo-replay-2026-10-08";"Al-Hazm — NEOM";"Pro League";"Double chance";"NEOM ou nul";"1.23";"Betano";"4";"4";"recent_results | standing";"2";"4";"Non"
"1789";"football:1603039:12:Draw/Away:5:public-demo-replay-2026-10-08";"Al-Hazm — NEOM";"Pro League";"Double chance";"NEOM ou nul";"1.14";"SBO";"4";"4";"recent_results | standing";"2";"4";"Non"
"1790";"football:1603039:12:Draw/Away:7:public-demo-replay-2026-10-08";"Al-Hazm — NEOM";"Pro League";"Double chance";"NEOM ou nul";"1.22";"William Hill";"4";"4";"recent_results | standing";"2";"4";"Non"
"1791";"football:1603039:12:Draw/Away:8:public-demo-replay-2026-10-08";"Al-Hazm — NEOM";"Pro League";"Double chance";"NEOM ou nul";"1.2";"Bet365";"4";"4";"recent_results | standing";"2";"4";"Non"
"1792";"football:1556671:1:Home:11:public-demo-replay-2026-10-08";"Dundee Utd — Hibernian";"Premiership";"Résultat du match";"Dundee Utd gagne";"2.67";"1xBet";"3";"4";"recent_results | standing";"1";"5";"Non"
"1793";"football:1556671:1:Home:2:public-demo-replay-2026-10-08";"Dundee Utd — Hibernian";"Premiership";"Résultat du match";"Dundee Utd gagne";"2.67";"Marathonbet";"3";"4";"recent_results | standing";"1";"5";"Non"
"1794";"football:1556671:1:Home:32:public-demo-replay-2026-10-08";"Dundee Utd — Hibernian";"Premiership";"Résultat du match";"Dundee Utd gagne";"2.72";"Betano";"3";"4";"recent_results | standing";"1";"5";"Non"
"1795";"football:1556671:1:Home:36:public-demo-replay-2026-10-08";"Dundee Utd — Hibernian";"Premiership";"Résultat du match";"Dundee Utd gagne";"2.6";"BetVictor";"3";"4";"recent_results | standing";"1";"5";"Non"
"1796";"football:1556671:1:Home:4:public-demo-replay-2026-10-08";"Dundee Utd — Hibernian";"Premiership";"Résultat du match";"Dundee Utd gagne";"2.73";"Pinnacle";"3";"4";"recent_results | standing";"1";"5";"Non"
"1797";"football:1556671:1:Home:5:public-demo-replay-2026-10-08";"Dundee Utd — Hibernian";"Premiership";"Résultat du match";"Dundee Utd gagne";"2.47";"SBO";"3";"4";"recent_results | standing";"1";"5";"Non"
"1798";"football:1556671:1:Home:7:public-demo-replay-2026-10-08";"Dundee Utd — Hibernian";"Premiership";"Résultat du match";"Dundee Utd gagne";"2.62";"William Hill";"3";"4";"recent_results | standing";"1";"5";"Non"
"1799";"football:1556671:1:Home:8:public-demo-replay-2026-10-08";"Dundee Utd — Hibernian";"Premiership";"Résultat du match";"Dundee Utd gagne";"2.6";"Bet365";"3";"4";"recent_results | standing";"1";"5";"Non"
"1800";"football:1556671:12:Home/Draw:11:public-demo-replay-2026-10-08";"Dundee Utd — Hibernian";"Premiership";"Double chance";"Dundee Utd ou nul";"1.52";"1xBet";"3";"4";"recent_results | standing";"1";"5";"Non"
"1801";"football:1556671:12:Home/Draw:2:public-demo-replay-2026-10-08";"Dundee Utd — Hibernian";"Premiership";"Double chance";"Dundee Utd ou nul";"1.52";"Marathonbet";"3";"4";"recent_results | standing";"1";"5";"Non"
"1802";"football:1556671:12:Home/Draw:32:public-demo-replay-2026-10-08";"Dundee Utd — Hibernian";"Premiership";"Double chance";"Dundee Utd ou nul";"1.57";"Betano";"3";"4";"recent_results | standing";"1";"5";"Non"
"1803";"football:1556671:12:Home/Draw:36:public-demo-replay-2026-10-08";"Dundee Utd — Hibernian";"Premiership";"Double chance";"Dundee Utd ou nul";"1.5";"BetVictor";"3";"4";"recent_results | standing";"1";"5";"Non"
"1804";"football:1556671:12:Home/Draw:5:public-demo-replay-2026-10-08";"Dundee Utd — Hibernian";"Premiership";"Double chance";"Dundee Utd ou nul";"1.48";"SBO";"3";"4";"recent_results | standing";"1";"5";"Non"
"1805";"football:1556671:12:Home/Draw:7:public-demo-replay-2026-10-08";"Dundee Utd — Hibernian";"Premiership";"Double chance";"Dundee Utd ou nul";"1.53";"William Hill";"3";"4";"recent_results | standing";"1";"5";"Non"
"1806";"football:1556671:12:Home/Draw:8:public-demo-replay-2026-10-08";"Dundee Utd — Hibernian";"Premiership";"Double chance";"Dundee Utd ou nul";"1.53";"Bet365";"3";"4";"recent_results | standing";"1";"5";"Non"
"1807";"football:1556675:1:Home:11:public-demo-replay-2026-10-08";"Rangers — Kilmarnock";"Premiership";"Résultat du match";"Rangers gagne";"1.13";"1xBet";"6";"7";"recent_results | standing";"4";"5";"Non"
"1808";"football:1556675:1:Home:2:public-demo-replay-2026-10-08";"Rangers — Kilmarnock";"Premiership";"Résultat du match";"Rangers gagne";"1.13";"Marathonbet";"6";"7";"recent_results | standing";"4";"5";"Non"
"1809";"football:1556675:1:Home:32:public-demo-replay-2026-10-08";"Rangers — Kilmarnock";"Premiership";"Résultat du match";"Rangers gagne";"1.17";"Betano";"6";"7";"recent_results | standing";"4";"5";"Non"
"1810";"football:1556675:1:Home:36:public-demo-replay-2026-10-08";"Rangers — Kilmarnock";"Premiership";"Résultat du match";"Rangers gagne";"1.11";"BetVictor";"6";"7";"recent_results | standing";"4";"5";"Non"
"1811";"football:1556675:1:Home:4:public-demo-replay-2026-10-08";"Rangers — Kilmarnock";"Premiership";"Résultat du match";"Rangers gagne";"1.15";"Pinnacle";"6";"7";"recent_results | standing";"4";"5";"Non"
"1812";"football:1556675:1:Home:5:public-demo-replay-2026-10-08";"Rangers — Kilmarnock";"Premiership";"Résultat du match";"Rangers gagne";"1.12";"SBO";"6";"7";"recent_results | standing";"4";"5";"Non"
"1813";"football:1556675:1:Home:7:public-demo-replay-2026-10-08";"Rangers — Kilmarnock";"Premiership";"Résultat du match";"Rangers gagne";"1.15";"William Hill";"6";"7";"recent_results | standing";"4";"5";"Non"
"1814";"football:1556675:1:Home:8:public-demo-replay-2026-10-08";"Rangers — Kilmarnock";"Premiership";"Résultat du match";"Rangers gagne";"1.1";"Bet365";"6";"7";"recent_results | standing";"4";"5";"Non"
"1815";"football:1556675:12:Home/Draw:11:public-demo-replay-2026-10-08";"Rangers — Kilmarnock";"Premiership";"Double chance";"Rangers ou nul";"1.03";"1xBet";"6";"7";"recent_results | standing";"4";"5";"Non"
"1816";"football:1556675:12:Home/Draw:32:public-demo-replay-2026-10-08";"Rangers — Kilmarnock";"Premiership";"Double chance";"Rangers ou nul";"1.04";"Betano";"6";"7";"recent_results | standing";"4";"5";"Non"
"1817";"football:1556675:12:Home/Draw:7:public-demo-replay-2026-10-08";"Rangers — Kilmarnock";"Premiership";"Double chance";"Rangers ou nul";"1.03";"William Hill";"6";"7";"recent_results | standing";"4";"5";"Non"
"1818";"football:1556675:12:Home/Draw:8:public-demo-replay-2026-10-08";"Rangers — Kilmarnock";"Premiership";"Double chance";"Rangers ou nul";"1.02";"Bet365";"6";"7";"recent_results | standing";"4";"5";"Non"
"1819";"football:1557418:1:Away:11:public-demo-replay-2026-10-08";"Aston Villa — Brentford";"Premier League";"Résultat du match";"Brentford gagne";"2.7";"1xBet";"4";"7";"recent_results | standing";"2";"5";"Non"
"1820";"football:1557418:1:Away:2:public-demo-replay-2026-10-08";"Aston Villa — Brentford";"Premier League";"Résultat du match";"Brentford gagne";"2.62";"Marathonbet";"4";"7";"recent_results | standing";"2";"5";"Non"
"1821";"football:1557418:1:Away:3:public-demo-replay-2026-10-08";"Aston Villa — Brentford";"Premier League";"Résultat du match";"Brentford gagne";"2.5";"Betfair";"4";"7";"recent_results | standing";"2";"5";"Non"
"1822";"football:1557418:1:Away:32:public-demo-replay-2026-10-08";"Aston Villa — Brentford";"Premier League";"Résultat du match";"Brentford gagne";"2.52";"Betano";"4";"7";"recent_results | standing";"2";"5";"Non"
"1823";"football:1557418:1:Away:36:public-demo-replay-2026-10-08";"Aston Villa — Brentford";"Premier League";"Résultat du match";"Brentford gagne";"2.5";"BetVictor";"4";"7";"recent_results | standing";"2";"5";"Non"
"1824";"football:1557418:1:Away:4:public-demo-replay-2026-10-08";"Aston Villa — Brentford";"Premier League";"Résultat du match";"Brentford gagne";"2.64";"Pinnacle";"4";"7";"recent_results | standing";"2";"5";"Non"
"1825";"football:1557418:1:Away:5:public-demo-replay-2026-10-08";"Aston Villa — Brentford";"Premier League";"Résultat du match";"Brentford gagne";"2.36";"SBO";"4";"7";"recent_results | standing";"2";"5";"Non"
"1826";"football:1557418:1:Away:7:public-demo-replay-2026-10-08";"Aston Villa — Brentford";"Premier League";"Résultat du match";"Brentford gagne";"2.45";"William Hill";"4";"7";"recent_results | standing";"2";"5";"Non"
"1827";"football:1557418:1:Away:8:public-demo-replay-2026-10-08";"Aston Villa — Brentford";"Premier League";"Résultat du match";"Brentford gagne";"2.55";"Bet365";"4";"7";"recent_results | standing";"2";"5";"Non"
"1828";"football:1557418:12:Draw/Away:11:public-demo-replay-2026-10-08";"Aston Villa — Brentford";"Premier League";"Double chance";"Brentford ou nul";"1.52";"1xBet";"4";"7";"recent_results | standing";"2";"5";"Non"
"1829";"football:1557418:12:Draw/Away:2:public-demo-replay-2026-10-08";"Aston Villa — Brentford";"Premier League";"Double chance";"Brentford ou nul";"1.51";"Marathonbet";"4";"7";"recent_results | standing";"2";"5";"Non"
"1830";"football:1557418:12:Draw/Away:3:public-demo-replay-2026-10-08";"Aston Villa — Brentford";"Premier League";"Double chance";"Brentford ou nul";"1.44";"Betfair";"4";"7";"recent_results | standing";"2";"5";"Non"
"1831";"football:1557418:12:Draw/Away:32:public-demo-replay-2026-10-08";"Aston Villa — Brentford";"Premier League";"Double chance";"Brentford ou nul";"1.5";"Betano";"4";"7";"recent_results | standing";"2";"5";"Non"
"1832";"football:1557418:12:Draw/Away:36:public-demo-replay-2026-10-08";"Aston Villa — Brentford";"Premier League";"Double chance";"Brentford ou nul";"1.44";"BetVictor";"4";"7";"recent_results | standing";"2";"5";"Non"
"1833";"football:1557418:12:Draw/Away:5:public-demo-replay-2026-10-08";"Aston Villa — Brentford";"Premier League";"Double chance";"Brentford ou nul";"1.42";"SBO";"4";"7";"recent_results | standing";"2";"5";"Non"
"1834";"football:1557418:12:Draw/Away:7:public-demo-replay-2026-10-08";"Aston Villa — Brentford";"Premier League";"Double chance";"Brentford ou nul";"1.5";"William Hill";"4";"7";"recent_results | standing";"2";"5";"Non"
"1835";"football:1557418:12:Draw/Away:8:public-demo-replay-2026-10-08";"Aston Villa — Brentford";"Premier League";"Double chance";"Brentford ou nul";"1.44";"Bet365";"4";"7";"recent_results | standing";"2";"5";"Non"
"1836";"football:1557426:1:Away:11:public-demo-replay-2026-10-08";"Sunderland — Brighton";"Premier League";"Résultat du match";"Brighton gagne";"2.49";"1xBet";"4";"8";"recent_results | standing";"2";"5";"Non"
"1837";"football:1557426:1:Away:2:public-demo-replay-2026-10-08";"Sunderland — Brighton";"Premier League";"Résultat du match";"Brighton gagne";"2.42";"Marathonbet";"4";"8";"recent_results | standing";"2";"5";"Non"
"1838";"football:1557426:1:Away:3:public-demo-replay-2026-10-08";"Sunderland — Brighton";"Premier League";"Résultat du match";"Brighton gagne";"2.3";"Betfair";"4";"8";"recent_results | standing";"2";"5";"Non"
"1839";"football:1557426:1:Away:32:public-demo-replay-2026-10-08";"Sunderland — Brighton";"Premier League";"Résultat du match";"Brighton gagne";"2.37";"Betano";"4";"8";"recent_results | standing";"2";"5";"Non"
"1840";"football:1557426:1:Away:36:public-demo-replay-2026-10-08";"Sunderland — Brighton";"Premier League";"Résultat du match";"Brighton gagne";"2.3";"BetVictor";"4";"8";"recent_results | standing";"2";"5";"Non"
"1841";"football:1557426:1:Away:4:public-demo-replay-2026-10-08";"Sunderland — Brighton";"Premier League";"Résultat du match";"Brighton gagne";"2.38";"Pinnacle";"4";"8";"recent_results | standing";"2";"5";"Non"
"1842";"football:1557426:1:Away:5:public-demo-replay-2026-10-08";"Sunderland — Brighton";"Premier League";"Résultat du match";"Brighton gagne";"2.3";"SBO";"4";"8";"recent_results | standing";"2";"5";"Non"
"1843";"football:1557426:1:Away:7:public-demo-replay-2026-10-08";"Sunderland — Brighton";"Premier League";"Résultat du match";"Brighton gagne";"2.4";"William Hill";"4";"8";"recent_results | standing";"2";"5";"Non"
"1844";"football:1557426:1:Away:8:public-demo-replay-2026-10-08";"Sunderland — Brighton";"Premier League";"Résultat du match";"Brighton gagne";"2.35";"Bet365";"4";"8";"recent_results | standing";"2";"5";"Non"
"1845";"football:1557426:12:Draw/Away:11:public-demo-replay-2026-10-08";"Sunderland — Brighton";"Premier League";"Double chance";"Brighton ou nul";"1.44";"1xBet";"4";"8";"recent_results | standing";"2";"5";"Non"
"1846";"football:1557426:12:Draw/Away:2:public-demo-replay-2026-10-08";"Sunderland — Brighton";"Premier League";"Double chance";"Brighton ou nul";"1.43";"Marathonbet";"4";"8";"recent_results | standing";"2";"5";"Non"
"1847";"football:1557426:12:Draw/Away:3:public-demo-replay-2026-10-08";"Sunderland — Brighton";"Premier League";"Double chance";"Brighton ou nul";"1.33";"Betfair";"4";"8";"recent_results | standing";"2";"5";"Non"
"1848";"football:1557426:12:Draw/Away:32:public-demo-replay-2026-10-08";"Sunderland — Brighton";"Premier League";"Double chance";"Brighton ou nul";"1.42";"Betano";"4";"8";"recent_results | standing";"2";"5";"Non"
"1849";"football:1557426:12:Draw/Away:36:public-demo-replay-2026-10-08";"Sunderland — Brighton";"Premier League";"Double chance";"Brighton ou nul";"1.36";"BetVictor";"4";"8";"recent_results | standing";"2";"5";"Non"
"1850";"football:1557426:12:Draw/Away:5:public-demo-replay-2026-10-08";"Sunderland — Brighton";"Premier League";"Double chance";"Brighton ou nul";"1.34";"SBO";"4";"8";"recent_results | standing";"2";"5";"Non"
"1851";"football:1557426:12:Draw/Away:7:public-demo-replay-2026-10-08";"Sunderland — Brighton";"Premier League";"Double chance";"Brighton ou nul";"1.4";"William Hill";"4";"8";"recent_results | standing";"2";"5";"Non"
"1852";"football:1557426:12:Draw/Away:8:public-demo-replay-2026-10-08";"Sunderland — Brighton";"Premier League";"Double chance";"Brighton ou nul";"1.4";"Bet365";"4";"8";"recent_results | standing";"2";"5";"Non"
"1853";"football:1558645:1:Away:11:public-demo-replay-2026-10-08";"Cercle Brugge — Anderlecht";"Jupiler Pro League";"Résultat du match";"Anderlecht gagne";"2.02";"1xBet";"5";"5";"recent_results | standing";"3";"5";"Non"
"1854";"football:1558645:1:Away:2:public-demo-replay-2026-10-08";"Cercle Brugge — Anderlecht";"Jupiler Pro League";"Résultat du match";"Anderlecht gagne";"1.97";"Marathonbet";"5";"5";"recent_results | standing";"3";"5";"Non"
"1855";"football:1558645:1:Away:3:public-demo-replay-2026-10-08";"Cercle Brugge — Anderlecht";"Jupiler Pro League";"Résultat du match";"Anderlecht gagne";"1.91";"Betfair";"5";"5";"recent_results | standing";"3";"5";"Non"
"1856";"football:1558645:1:Away:32:public-demo-replay-2026-10-08";"Cercle Brugge — Anderlecht";"Jupiler Pro League";"Résultat du match";"Anderlecht gagne";"2";"Betano";"5";"5";"recent_results | standing";"3";"5";"Non"
"1857";"football:1558645:1:Away:36:public-demo-replay-2026-10-08";"Cercle Brugge — Anderlecht";"Jupiler Pro League";"Résultat du match";"Anderlecht gagne";"1.95";"BetVictor";"5";"5";"recent_results | standing";"3";"5";"Non"
"1858";"football:1558645:1:Away:4:public-demo-replay-2026-10-08";"Cercle Brugge — Anderlecht";"Jupiler Pro League";"Résultat du match";"Anderlecht gagne";"1.98";"Pinnacle";"5";"5";"recent_results | standing";"3";"5";"Non"
"1859";"football:1558645:1:Away:5:public-demo-replay-2026-10-08";"Cercle Brugge — Anderlecht";"Jupiler Pro League";"Résultat du match";"Anderlecht gagne";"2.01";"SBO";"5";"5";"recent_results | standing";"3";"5";"Non"
"1860";"football:1558645:1:Away:7:public-demo-replay-2026-10-08";"Cercle Brugge — Anderlecht";"Jupiler Pro League";"Résultat du match";"Anderlecht gagne";"2";"William Hill";"5";"5";"recent_results | standing";"3";"5";"Non"
"1861";"football:1558645:1:Away:8:public-demo-replay-2026-10-08";"Cercle Brugge — Anderlecht";"Jupiler Pro League";"Résultat du match";"Anderlecht gagne";"1.95";"Bet365";"5";"5";"recent_results | standing";"3";"5";"Non"
"1862";"football:1558645:12:Draw/Away:11:public-demo-replay-2026-10-08";"Cercle Brugge — Anderlecht";"Jupiler Pro League";"Double chance";"Anderlecht ou nul";"1.31";"1xBet";"5";"5";"recent_results | standing";"3";"5";"Non"
"1863";"football:1558645:12:Draw/Away:2:public-demo-replay-2026-10-08";"Cercle Brugge — Anderlecht";"Jupiler Pro League";"Double chance";"Anderlecht ou nul";"1.28";"Marathonbet";"5";"5";"recent_results | standing";"3";"5";"Non"
"1864";"football:1558645:12:Draw/Away:3:public-demo-replay-2026-10-08";"Cercle Brugge — Anderlecht";"Jupiler Pro League";"Double chance";"Anderlecht ou nul";"1.29";"Betfair";"5";"5";"recent_results | standing";"3";"5";"Non"
"1865";"football:1558645:12:Draw/Away:32:public-demo-replay-2026-10-08";"Cercle Brugge — Anderlecht";"Jupiler Pro League";"Double chance";"Anderlecht ou nul";"1.31";"Betano";"5";"5";"recent_results | standing";"3";"5";"Non"
"1866";"football:1558645:12:Draw/Away:36:public-demo-replay-2026-10-08";"Cercle Brugge — Anderlecht";"Jupiler Pro League";"Double chance";"Anderlecht ou nul";"1.29";"BetVictor";"5";"5";"recent_results | standing";"3";"5";"Non"
"1867";"football:1558645:12:Draw/Away:5:public-demo-replay-2026-10-08";"Cercle Brugge — Anderlecht";"Jupiler Pro League";"Double chance";"Anderlecht ou nul";"1.23";"SBO";"5";"5";"recent_results | standing";"3";"5";"Non"
"1868";"football:1558645:12:Draw/Away:7:public-demo-replay-2026-10-08";"Cercle Brugge — Anderlecht";"Jupiler Pro League";"Double chance";"Anderlecht ou nul";"1.3";"William Hill";"5";"5";"recent_results | standing";"3";"5";"Non"
"1869";"football:1558645:12:Draw/Away:8:public-demo-replay-2026-10-08";"Cercle Brugge — Anderlecht";"Jupiler Pro League";"Double chance";"Anderlecht ou nul";"1.3";"Bet365";"5";"5";"recent_results | standing";"3";"5";"Non"
"1870";"football:1563180:1:Away:11:public-demo-replay-2026-10-08";"Bolton — Stoke City";"Championship";"Résultat du match";"Stoke City gagne";"2.49";"1xBet";"3";"4";"recent_results | standing";"1";"5";"Non"
"1871";"football:1563180:1:Away:2:public-demo-replay-2026-10-08";"Bolton — Stoke City";"Championship";"Résultat du match";"Stoke City gagne";"2.49";"Marathonbet";"3";"4";"recent_results | standing";"1";"5";"Non"
"1872";"football:1563180:1:Away:3:public-demo-replay-2026-10-08";"Bolton — Stoke City";"Championship";"Résultat du match";"Stoke City gagne";"2.55";"Betfair";"3";"4";"recent_results | standing";"1";"5";"Non"
"1873";"football:1563180:1:Away:32:public-demo-replay-2026-10-08";"Bolton — Stoke City";"Championship";"Résultat du match";"Stoke City gagne";"2.55";"Betano";"3";"4";"recent_results | standing";"1";"5";"Non"
"1874";"football:1563180:1:Away:36:public-demo-replay-2026-10-08";"Bolton — Stoke City";"Championship";"Résultat du match";"Stoke City gagne";"2.45";"BetVictor";"3";"4";"recent_results | standing";"1";"5";"Non"
"1875";"football:1563180:1:Away:4:public-demo-replay-2026-10-08";"Bolton — Stoke City";"Championship";"Résultat du match";"Stoke City gagne";"2.56";"Pinnacle";"3";"4";"recent_results | standing";"1";"5";"Non"
"1876";"football:1563180:1:Away:5:public-demo-replay-2026-10-08";"Bolton — Stoke City";"Championship";"Résultat du match";"Stoke City gagne";"2.32";"SBO";"3";"4";"recent_results | standing";"1";"5";"Non"
"1877";"football:1563180:1:Away:7:public-demo-replay-2026-10-08";"Bolton — Stoke City";"Championship";"Résultat du match";"Stoke City gagne";"2.5";"William Hill";"3";"4";"recent_results | standing";"1";"5";"Non"
"1878";"football:1563180:1:Away:8:public-demo-replay-2026-10-08";"Bolton — Stoke City";"Championship";"Résultat du match";"Stoke City gagne";"2.5";"Bet365";"3";"4";"recent_results | standing";"1";"5";"Non"
"1879";"football:1563180:1:Away:9:public-demo-replay-2026-10-08";"Bolton — Stoke City";"Championship";"Résultat du match";"Stoke City gagne";"2.6";"Dafabet";"3";"4";"recent_results | standing";"1";"5";"Non"
"1880";"football:1563180:12:Draw/Away:11:public-demo-replay-2026-10-08";"Bolton — Stoke City";"Championship";"Double chance";"Stoke City ou nul";"1.42";"1xBet";"3";"4";"recent_results | standing";"1";"5";"Non"
"1881";"football:1563180:12:Draw/Away:2:public-demo-replay-2026-10-08";"Bolton — Stoke City";"Championship";"Double chance";"Stoke City ou nul";"1.42";"Marathonbet";"3";"4";"recent_results | standing";"1";"5";"Non"
"1882";"football:1563180:12:Draw/Away:3:public-demo-replay-2026-10-08";"Bolton — Stoke City";"Championship";"Double chance";"Stoke City ou nul";"1.44";"Betfair";"3";"4";"recent_results | standing";"1";"5";"Non"
"1883";"football:1563180:12:Draw/Away:32:public-demo-replay-2026-10-08";"Bolton — Stoke City";"Championship";"Double chance";"Stoke City ou nul";"1.47";"Betano";"3";"4";"recent_results | standing";"1";"5";"Non"
"1884";"football:1563180:12:Draw/Away:36:public-demo-replay-2026-10-08";"Bolton — Stoke City";"Championship";"Double chance";"Stoke City ou nul";"1.4";"BetVictor";"3";"4";"recent_results | standing";"1";"5";"Non"
"1885";"football:1563180:12:Draw/Away:5:public-demo-replay-2026-10-08";"Bolton — Stoke City";"Championship";"Double chance";"Stoke City ou nul";"1.39";"SBO";"3";"4";"recent_results | standing";"1";"5";"Non"
"1886";"football:1563180:12:Draw/Away:7:public-demo-replay-2026-10-08";"Bolton — Stoke City";"Championship";"Double chance";"Stoke City ou nul";"1.44";"William Hill";"3";"4";"recent_results | standing";"1";"5";"Non"
"1887";"football:1563180:12:Draw/Away:8:public-demo-replay-2026-10-08";"Bolton — Stoke City";"Championship";"Double chance";"Stoke City ou nul";"1.44";"Bet365";"3";"4";"recent_results | standing";"1";"5";"Non"
"1888";"football:1563184:1:Away:11:public-demo-replay-2026-10-08";"Preston — Millwall";"Championship";"Résultat du match";"Millwall gagne";"2.44";"1xBet";"3";"4";"recent_results | standing";"1";"5";"Non"
"1889";"football:1563184:1:Away:2:public-demo-replay-2026-10-08";"Preston — Millwall";"Championship";"Résultat du match";"Millwall gagne";"2.44";"Marathonbet";"3";"4";"recent_results | standing";"1";"5";"Non"
"1890";"football:1563184:1:Away:3:public-demo-replay-2026-10-08";"Preston — Millwall";"Championship";"Résultat du match";"Millwall gagne";"2.45";"Betfair";"3";"4";"recent_results | standing";"1";"5";"Non"
"1891";"football:1563184:1:Away:32:public-demo-replay-2026-10-08";"Preston — Millwall";"Championship";"Résultat du match";"Millwall gagne";"2.45";"Betano";"3";"4";"recent_results | standing";"1";"5";"Non"
"1892";"football:1563184:1:Away:36:public-demo-replay-2026-10-08";"Preston — Millwall";"Championship";"Résultat du match";"Millwall gagne";"2.38";"BetVictor";"3";"4";"recent_results | standing";"1";"5";"Non"
"1893";"football:1563184:1:Away:4:public-demo-replay-2026-10-08";"Preston — Millwall";"Championship";"Résultat du match";"Millwall gagne";"2.43";"Pinnacle";"3";"4";"recent_results | standing";"1";"5";"Non"
"1894";"football:1563184:1:Away:5:public-demo-replay-2026-10-08";"Preston — Millwall";"Championship";"Résultat du match";"Millwall gagne";"2.24";"SBO";"3";"4";"recent_results | standing";"1";"5";"Non"
"1895";"football:1563184:1:Away:7:public-demo-replay-2026-10-08";"Preston — Millwall";"Championship";"Résultat du match";"Millwall gagne";"2.25";"William Hill";"3";"4";"recent_results | standing";"1";"5";"Non"
"1896";"football:1563184:1:Away:8:public-demo-replay-2026-10-08";"Preston — Millwall";"Championship";"Résultat du match";"Millwall gagne";"2.4";"Bet365";"3";"4";"recent_results | standing";"1";"5";"Non"
"1897";"football:1563184:1:Away:9:public-demo-replay-2026-10-08";"Preston — Millwall";"Championship";"Résultat du match";"Millwall gagne";"2.45";"Dafabet";"3";"4";"recent_results | standing";"1";"5";"Non"
"1898";"football:1563184:12:Draw/Away:11:public-demo-replay-2026-10-08";"Preston — Millwall";"Championship";"Double chance";"Millwall ou nul";"1.42";"1xBet";"3";"4";"recent_results | standing";"1";"5";"Non"
"1899";"football:1563184:12:Draw/Away:2:public-demo-replay-2026-10-08";"Preston — Millwall";"Championship";"Double chance";"Millwall ou nul";"1.42";"Marathonbet";"3";"4";"recent_results | standing";"1";"5";"Non"
"1900";"football:1563184:12:Draw/Away:3:public-demo-replay-2026-10-08";"Preston — Millwall";"Championship";"Double chance";"Millwall ou nul";"1.4";"Betfair";"3";"4";"recent_results | standing";"1";"5";"Non"
"1901";"football:1563184:12:Draw/Away:32:public-demo-replay-2026-10-08";"Preston — Millwall";"Championship";"Double chance";"Millwall ou nul";"1.44";"Betano";"3";"4";"recent_results | standing";"1";"5";"Non"
"1902";"football:1563184:12:Draw/Away:36:public-demo-replay-2026-10-08";"Preston — Millwall";"Championship";"Double chance";"Millwall ou nul";"1.4";"BetVictor";"3";"4";"recent_results | standing";"1";"5";"Non"
"1903";"football:1563184:12:Draw/Away:5:public-demo-replay-2026-10-08";"Preston — Millwall";"Championship";"Double chance";"Millwall ou nul";"1.36";"SBO";"3";"4";"recent_results | standing";"1";"5";"Non"
"1904";"football:1563184:12:Draw/Away:7:public-demo-replay-2026-10-08";"Preston — Millwall";"Championship";"Double chance";"Millwall ou nul";"1.4";"William Hill";"3";"4";"recent_results | standing";"1";"5";"Non"
"1905";"football:1563184:12:Draw/Away:8:public-demo-replay-2026-10-08";"Preston — Millwall";"Championship";"Double chance";"Millwall ou nul";"1.4";"Bet365";"3";"4";"recent_results | standing";"1";"5";"Non"
"1906";"football:1638645:1:Away:11:public-demo-replay-2026-10-08";"Valur Reykjavik — FH hafnarfjordur";"Úrvalsdeild";"Résultat du match";"FH hafnarfjordur gagne";"2.71";"1xBet";"2";"3";"recent_results";"1";"5";"Non"
"1907";"football:1638645:1:Away:2:public-demo-replay-2026-10-08";"Valur Reykjavik — FH hafnarfjordur";"Úrvalsdeild";"Résultat du match";"FH hafnarfjordur gagne";"2.69";"Marathonbet";"2";"3";"recent_results";"1";"5";"Non"
"1908";"football:1638645:1:Away:3:public-demo-replay-2026-10-08";"Valur Reykjavik — FH hafnarfjordur";"Úrvalsdeild";"Résultat du match";"FH hafnarfjordur gagne";"2.63";"Betfair";"2";"3";"recent_results";"1";"5";"Non"
"1909";"football:1638645:1:Away:32:public-demo-replay-2026-10-08";"Valur Reykjavik — FH hafnarfjordur";"Úrvalsdeild";"Résultat du match";"FH hafnarfjordur gagne";"2.7";"Betano";"2";"3";"recent_results";"1";"5";"Non"
"1910";"football:1638645:1:Away:4:public-demo-replay-2026-10-08";"Valur Reykjavik — FH hafnarfjordur";"Úrvalsdeild";"Résultat du match";"FH hafnarfjordur gagne";"2.79";"Pinnacle";"2";"3";"recent_results";"1";"5";"Non"
"1911";"football:1638645:1:Away:5:public-demo-replay-2026-10-08";"Valur Reykjavik — FH hafnarfjordur";"Úrvalsdeild";"Résultat du match";"FH hafnarfjordur gagne";"2.52";"SBO";"2";"3";"recent_results";"1";"5";"Non"
"1912";"football:1638645:1:Away:7:public-demo-replay-2026-10-08";"Valur Reykjavik — FH hafnarfjordur";"Úrvalsdeild";"Résultat du match";"FH hafnarfjordur gagne";"2.7";"William Hill";"2";"3";"recent_results";"1";"5";"Non"
"1913";"football:1638645:1:Away:8:public-demo-replay-2026-10-08";"Valur Reykjavik — FH hafnarfjordur";"Úrvalsdeild";"Résultat du match";"FH hafnarfjordur gagne";"2.62";"Bet365";"2";"3";"recent_results";"1";"5";"Non"
"1914";"football:1638645:1:Away:9:public-demo-replay-2026-10-08";"Valur Reykjavik — FH hafnarfjordur";"Úrvalsdeild";"Résultat du match";"FH hafnarfjordur gagne";"2.7";"Dafabet";"2";"3";"recent_results";"1";"5";"Non"
"1915";"football:1638645:12:Draw/Away:11:public-demo-replay-2026-10-08";"Valur Reykjavik — FH hafnarfjordur";"Úrvalsdeild";"Double chance";"FH hafnarfjordur ou nul";"1.61";"1xBet";"2";"3";"recent_results";"1";"5";"Non"
"1916";"football:1638645:12:Draw/Away:2:public-demo-replay-2026-10-08";"Valur Reykjavik — FH hafnarfjordur";"Úrvalsdeild";"Double chance";"FH hafnarfjordur ou nul";"1.61";"Marathonbet";"2";"3";"recent_results";"1";"5";"Non"
"1917";"football:1638645:12:Draw/Away:3:public-demo-replay-2026-10-08";"Valur Reykjavik — FH hafnarfjordur";"Úrvalsdeild";"Double chance";"FH hafnarfjordur ou nul";"1.62";"Betfair";"2";"3";"recent_results";"1";"5";"Non"
"1918";"football:1638645:12:Draw/Away:32:public-demo-replay-2026-10-08";"Valur Reykjavik — FH hafnarfjordur";"Úrvalsdeild";"Double chance";"FH hafnarfjordur ou nul";"1.67";"Betano";"2";"3";"recent_results";"1";"5";"Non"
"1919";"football:1638645:12:Draw/Away:5:public-demo-replay-2026-10-08";"Valur Reykjavik — FH hafnarfjordur";"Úrvalsdeild";"Double chance";"FH hafnarfjordur ou nul";"1.58";"SBO";"2";"3";"recent_results";"1";"5";"Non"
"1920";"football:1638645:12:Draw/Away:7:public-demo-replay-2026-10-08";"Valur Reykjavik — FH hafnarfjordur";"Úrvalsdeild";"Double chance";"FH hafnarfjordur ou nul";"1.62";"William Hill";"2";"3";"recent_results";"1";"5";"Non"
"1921";"football:1638645:12:Draw/Away:8:public-demo-replay-2026-10-08";"Valur Reykjavik — FH hafnarfjordur";"Úrvalsdeild";"Double chance";"FH hafnarfjordur ou nul";"1.57";"Bet365";"2";"3";"recent_results";"1";"5";"Non"
"1922";"football:1569964:1:Away:11:public-demo-replay-2026-10-08";"AD Ceuta FC — Sabadell";"Segunda División";"Résultat du match";"Sabadell gagne";"2.13";"1xBet";"3";"9";"recent_results | standing";"1";"5";"Non"
"1923";"football:1569964:1:Away:2:public-demo-replay-2026-10-08";"AD Ceuta FC — Sabadell";"Segunda División";"Résultat du match";"Sabadell gagne";"2.06";"Marathonbet";"3";"9";"recent_results | standing";"1";"5";"Non"
"1924";"football:1569964:1:Away:3:public-demo-replay-2026-10-08";"AD Ceuta FC — Sabadell";"Segunda División";"Résultat du match";"Sabadell gagne";"2";"Betfair";"3";"9";"recent_results | standing";"1";"5";"Non"
"1925";"football:1569964:1:Away:32:public-demo-replay-2026-10-08";"AD Ceuta FC — Sabadell";"Segunda División";"Résultat du match";"Sabadell gagne";"2.2";"Betano";"3";"9";"recent_results | standing";"1";"5";"Non"
"1926";"football:1569964:1:Away:36:public-demo-replay-2026-10-08";"AD Ceuta FC — Sabadell";"Segunda División";"Résultat du match";"Sabadell gagne";"2.05";"BetVictor";"3";"9";"recent_results | standing";"1";"5";"Non"
"1927";"football:1569964:1:Away:4:public-demo-replay-2026-10-08";"AD Ceuta FC — Sabadell";"Segunda División";"Résultat du match";"Sabadell gagne";"2.15";"Pinnacle";"3";"9";"recent_results | standing";"1";"5";"Non"
"1928";"football:1569964:1:Away:5:public-demo-replay-2026-10-08";"AD Ceuta FC — Sabadell";"Segunda División";"Résultat du match";"Sabadell gagne";"2.12";"SBO";"3";"9";"recent_results | standing";"1";"5";"Non"
"1929";"football:1569964:1:Away:7:public-demo-replay-2026-10-08";"AD Ceuta FC — Sabadell";"Segunda División";"Résultat du match";"Sabadell gagne";"2.1";"William Hill";"3";"9";"recent_results | standing";"1";"5";"Non"
"1930";"football:1569964:1:Away:8:public-demo-replay-2026-10-08";"AD Ceuta FC — Sabadell";"Segunda División";"Résultat du match";"Sabadell gagne";"2.05";"Bet365";"3";"9";"recent_results | standing";"1";"5";"Non"
"1931";"football:1569964:1:Away:9:public-demo-replay-2026-10-08";"AD Ceuta FC — Sabadell";"Segunda División";"Résultat du match";"Sabadell gagne";"2.17";"Dafabet";"3";"9";"recent_results | standing";"1";"5";"Non"
"1932";"football:1569964:12:Draw/Away:11:public-demo-replay-2026-10-08";"AD Ceuta FC — Sabadell";"Segunda División";"Double chance";"Sabadell ou nul";"1.32";"1xBet";"3";"9";"recent_results | standing";"1";"5";"Non"
"1933";"football:1569964:12:Draw/Away:2:public-demo-replay-2026-10-08";"AD Ceuta FC — Sabadell";"Segunda División";"Double chance";"Sabadell ou nul";"1.28";"Marathonbet";"3";"9";"recent_results | standing";"1";"5";"Non"
"1934";"football:1569964:12:Draw/Away:3:public-demo-replay-2026-10-08";"AD Ceuta FC — Sabadell";"Segunda División";"Double chance";"Sabadell ou nul";"1.29";"Betfair";"3";"9";"recent_results | standing";"1";"5";"Non"
"1935";"football:1569964:12:Draw/Away:32:public-demo-replay-2026-10-08";"AD Ceuta FC — Sabadell";"Segunda División";"Double chance";"Sabadell ou nul";"1.33";"Betano";"3";"9";"recent_results | standing";"1";"5";"Non"
"1936";"football:1569964:12:Draw/Away:36:public-demo-replay-2026-10-08";"AD Ceuta FC — Sabadell";"Segunda División";"Double chance";"Sabadell ou nul";"1.29";"BetVictor";"3";"9";"recent_results | standing";"1";"5";"Non"
"1937";"football:1569964:12:Draw/Away:5:public-demo-replay-2026-10-08";"AD Ceuta FC — Sabadell";"Segunda División";"Double chance";"Sabadell ou nul";"1.24";"SBO";"3";"9";"recent_results | standing";"1";"5";"Non"
"1938";"football:1569964:12:Draw/Away:7:public-demo-replay-2026-10-08";"AD Ceuta FC — Sabadell";"Segunda División";"Double chance";"Sabadell ou nul";"1.3";"William Hill";"3";"9";"recent_results | standing";"1";"5";"Non"
"1939";"football:1569964:12:Draw/Away:8:public-demo-replay-2026-10-08";"AD Ceuta FC — Sabadell";"Segunda División";"Double chance";"Sabadell ou nul";"1.28";"Bet365";"3";"9";"recent_results | standing";"1";"5";"Non"
"1940";"football:1576497:1:Home:11:public-demo-replay-2026-10-08";"Leixoes — FC Porto B";"Segunda Liga";"Résultat du match";"Leixoes gagne";"1.56";"1xBet";"3";"3";"recent_results | standing";"1";"5";"Non"
"1941";"football:1576497:1:Home:2:public-demo-replay-2026-10-08";"Leixoes — FC Porto B";"Segunda Liga";"Résultat du match";"Leixoes gagne";"1.54";"Marathonbet";"3";"3";"recent_results | standing";"1";"5";"Non"
"1942";"football:1576497:1:Home:3:public-demo-replay-2026-10-08";"Leixoes — FC Porto B";"Segunda Liga";"Résultat du match";"Leixoes gagne";"1.5";"Betfair";"3";"3";"recent_results | standing";"1";"5";"Non"
"1943";"football:1576497:1:Home:32:public-demo-replay-2026-10-08";"Leixoes — FC Porto B";"Segunda Liga";"Résultat du match";"Leixoes gagne";"1.6";"Betano";"3";"3";"recent_results | standing";"1";"5";"Non"
"1944";"football:1576497:1:Home:36:public-demo-replay-2026-10-08";"Leixoes — FC Porto B";"Segunda Liga";"Résultat du match";"Leixoes gagne";"1.53";"BetVictor";"3";"3";"recent_results | standing";"1";"5";"Non"
"1945";"football:1576497:1:Home:4:public-demo-replay-2026-10-08";"Leixoes — FC Porto B";"Segunda Liga";"Résultat du match";"Leixoes gagne";"1.57";"Pinnacle";"3";"3";"recent_results | standing";"1";"5";"Non"
"1946";"football:1576497:1:Home:5:public-demo-replay-2026-10-08";"Leixoes — FC Porto B";"Segunda Liga";"Résultat du match";"Leixoes gagne";"1.44";"SBO";"3";"3";"recent_results | standing";"1";"5";"Non"
"1947";"football:1576497:1:Home:7:public-demo-replay-2026-10-08";"Leixoes — FC Porto B";"Segunda Liga";"Résultat du match";"Leixoes gagne";"1.55";"William Hill";"3";"3";"recent_results | standing";"1";"5";"Non"
"1948";"football:1576497:1:Home:8:public-demo-replay-2026-10-08";"Leixoes — FC Porto B";"Segunda Liga";"Résultat du match";"Leixoes gagne";"1.55";"Bet365";"3";"3";"recent_results | standing";"1";"5";"Non"
"1949";"football:1576497:12:Home/Draw:11:public-demo-replay-2026-10-08";"Leixoes — FC Porto B";"Segunda Liga";"Double chance";"Leixoes ou nul";"1.1";"1xBet";"3";"3";"recent_results | standing";"1";"5";"Non"
"1950";"football:1576497:12:Home/Draw:2:public-demo-replay-2026-10-08";"Leixoes — FC Porto B";"Segunda Liga";"Double chance";"Leixoes ou nul";"1.1";"Marathonbet";"3";"3";"recent_results | standing";"1";"5";"Non"
"1951";"football:1576497:12:Home/Draw:3:public-demo-replay-2026-10-08";"Leixoes — FC Porto B";"Segunda Liga";"Double chance";"Leixoes ou nul";"1.1";"Betfair";"3";"3";"recent_results | standing";"1";"5";"Non"
"1952";"football:1576497:12:Home/Draw:32:public-demo-replay-2026-10-08";"Leixoes — FC Porto B";"Segunda Liga";"Double chance";"Leixoes ou nul";"1.16";"Betano";"3";"3";"recent_results | standing";"1";"5";"Non"
"1953";"football:1576497:12:Home/Draw:36:public-demo-replay-2026-10-08";"Leixoes — FC Porto B";"Segunda Liga";"Double chance";"Leixoes ou nul";"1.14";"BetVictor";"3";"3";"recent_results | standing";"1";"5";"Non"
"1954";"football:1576497:12:Home/Draw:5:public-demo-replay-2026-10-08";"Leixoes — FC Porto B";"Segunda Liga";"Double chance";"Leixoes ou nul";"1.06";"SBO";"3";"3";"recent_results | standing";"1";"5";"Non"
"1955";"football:1576497:12:Home/Draw:7:public-demo-replay-2026-10-08";"Leixoes — FC Porto B";"Segunda Liga";"Double chance";"Leixoes ou nul";"1.15";"William Hill";"3";"3";"recent_results | standing";"1";"5";"Non"
"1956";"football:1576497:12:Home/Draw:8:public-demo-replay-2026-10-08";"Leixoes — FC Porto B";"Segunda Liga";"Double chance";"Leixoes ou nul";"1.14";"Bet365";"3";"3";"recent_results | standing";"1";"5";"Non"
"1957";"football:1561938:1:Away:11:public-demo-replay-2026-10-08";"Grazer AK — Red Bull Salzburg";"Bundesliga";"Résultat du match";"Red Bull Salzburg gagne";"1.46";"1xBet";"4";"8";"recent_results | standing";"2";"5";"Non"
"1958";"football:1561938:1:Away:2:public-demo-replay-2026-10-08";"Grazer AK — Red Bull Salzburg";"Bundesliga";"Résultat du match";"Red Bull Salzburg gagne";"1.45";"Marathonbet";"4";"8";"recent_results | standing";"2";"5";"Non"
"1959";"football:1561938:1:Away:32:public-demo-replay-2026-10-08";"Grazer AK — Red Bull Salzburg";"Bundesliga";"Résultat du match";"Red Bull Salzburg gagne";"1.47";"Betano";"4";"8";"recent_results | standing";"2";"5";"Non"
"1960";"football:1561938:1:Away:36:public-demo-replay-2026-10-08";"Grazer AK — Red Bull Salzburg";"Bundesliga";"Résultat du match";"Red Bull Salzburg gagne";"1.45";"BetVictor";"4";"8";"recent_results | standing";"2";"5";"Non"
"1961";"football:1561938:1:Away:4:public-demo-replay-2026-10-08";"Grazer AK — Red Bull Salzburg";"Bundesliga";"Résultat du match";"Red Bull Salzburg gagne";"1.49";"Pinnacle";"4";"8";"recent_results | standing";"2";"5";"Non"
"1962";"football:1561938:1:Away:5:public-demo-replay-2026-10-08";"Grazer AK — Red Bull Salzburg";"Bundesliga";"Résultat du match";"Red Bull Salzburg gagne";"1.43";"SBO";"4";"8";"recent_results | standing";"2";"5";"Non"
"1963";"football:1561938:1:Away:7:public-demo-replay-2026-10-08";"Grazer AK — Red Bull Salzburg";"Bundesliga";"Résultat du match";"Red Bull Salzburg gagne";"1.44";"William Hill";"4";"8";"recent_results | standing";"2";"5";"Non"
"1964";"football:1561938:1:Away:8:public-demo-replay-2026-10-08";"Grazer AK — Red Bull Salzburg";"Bundesliga";"Résultat du match";"Red Bull Salzburg gagne";"1.45";"Bet365";"4";"8";"recent_results | standing";"2";"5";"Non"
"1965";"football:1561938:12:Draw/Away:11:public-demo-replay-2026-10-08";"Grazer AK — Red Bull Salzburg";"Bundesliga";"Double chance";"Red Bull Salzburg ou nul";"1.11";"1xBet";"4";"8";"recent_results | standing";"2";"5";"Non"
"1966";"football:1561938:12:Draw/Away:2:public-demo-replay-2026-10-08";"Grazer AK — Red Bull Salzburg";"Bundesliga";"Double chance";"Red Bull Salzburg ou nul";"1.11";"Marathonbet";"4";"8";"recent_results | standing";"2";"5";"Non"
"1967";"football:1561938:12:Draw/Away:32:public-demo-replay-2026-10-08";"Grazer AK — Red Bull Salzburg";"Bundesliga";"Double chance";"Red Bull Salzburg ou nul";"1.16";"Betano";"4";"8";"recent_results | standing";"2";"5";"Non"
"1968";"football:1561938:12:Draw/Away:36:public-demo-replay-2026-10-08";"Grazer AK — Red Bull Salzburg";"Bundesliga";"Double chance";"Red Bull Salzburg ou nul";"1.14";"BetVictor";"4";"8";"recent_results | standing";"2";"5";"Non"
"1969";"football:1561938:12:Draw/Away:5:public-demo-replay-2026-10-08";"Grazer AK — Red Bull Salzburg";"Bundesliga";"Double chance";"Red Bull Salzburg ou nul";"1.09";"SBO";"4";"8";"recent_results | standing";"2";"5";"Non"
"1970";"football:1561938:12:Draw/Away:7:public-demo-replay-2026-10-08";"Grazer AK — Red Bull Salzburg";"Bundesliga";"Double chance";"Red Bull Salzburg ou nul";"1.14";"William Hill";"4";"8";"recent_results | standing";"2";"5";"Non"
"1971";"football:1561938:12:Draw/Away:8:public-demo-replay-2026-10-08";"Grazer AK — Red Bull Salzburg";"Bundesliga";"Double chance";"Red Bull Salzburg ou nul";"1.12";"Bet365";"4";"8";"recent_results | standing";"2";"5";"Non"
"1972";"football:1552776:1:Home:11:public-demo-replay-2026-10-08";"Lille — Le Havre";"Ligue 1";"Résultat du match";"Lille gagne";"1.48";"1xBet";"3";"4";"recent_results | standing";"1";"5";"Non"
"1973";"football:1552776:1:Home:2:public-demo-replay-2026-10-08";"Lille — Le Havre";"Ligue 1";"Résultat du match";"Lille gagne";"1.44";"Marathonbet";"3";"4";"recent_results | standing";"1";"5";"Non"
"1974";"football:1552776:1:Home:3:public-demo-replay-2026-10-08";"Lille — Le Havre";"Ligue 1";"Résultat du match";"Lille gagne";"1.44";"Betfair";"3";"4";"recent_results | standing";"1";"5";"Non"
"1975";"football:1552776:1:Home:32:public-demo-replay-2026-10-08";"Lille — Le Havre";"Ligue 1";"Résultat du match";"Lille gagne";"1.47";"Betano";"3";"4";"recent_results | standing";"1";"5";"Non"
"1976";"football:1552776:1:Home:36:public-demo-replay-2026-10-08";"Lille — Le Havre";"Ligue 1";"Résultat du match";"Lille gagne";"1.4";"BetVictor";"3";"4";"recent_results | standing";"1";"5";"Non"
"1977";"football:1552776:1:Home:4:public-demo-replay-2026-10-08";"Lille — Le Havre";"Ligue 1";"Résultat du match";"Lille gagne";"1.45";"Pinnacle";"3";"4";"recent_results | standing";"1";"5";"Non"
"1978";"football:1552776:1:Home:5:public-demo-replay-2026-10-08";"Lille — Le Havre";"Ligue 1";"Résultat du match";"Lille gagne";"1.37";"SBO";"3";"4";"recent_results | standing";"1";"5";"Non"
"1979";"football:1552776:1:Home:7:public-demo-replay-2026-10-08";"Lille — Le Havre";"Ligue 1";"Résultat du match";"Lille gagne";"1.4";"William Hill";"3";"4";"recent_results | standing";"1";"5";"Non"
"1980";"football:1552776:1:Home:8:public-demo-replay-2026-10-08";"Lille — Le Havre";"Ligue 1";"Résultat du match";"Lille gagne";"1.44";"Bet365";"3";"4";"recent_results | standing";"1";"5";"Non"
"1981";"football:1552776:12:Home/Draw:11:public-demo-replay-2026-10-08";"Lille — Le Havre";"Ligue 1";"Double chance";"Lille ou nul";"1.11";"1xBet";"3";"4";"recent_results | standing";"1";"5";"Non"
"1982";"football:1552776:12:Home/Draw:2:public-demo-replay-2026-10-08";"Lille — Le Havre";"Ligue 1";"Double chance";"Lille ou nul";"1.1";"Marathonbet";"3";"4";"recent_results | standing";"1";"5";"Non"
"1983";"football:1552776:12:Home/Draw:3:public-demo-replay-2026-10-08";"Lille — Le Havre";"Ligue 1";"Double chance";"Lille ou nul";"1.07";"Betfair";"3";"4";"recent_results | standing";"1";"5";"Non"
"1984";"football:1552776:12:Home/Draw:32:public-demo-replay-2026-10-08";"Lille — Le Havre";"Ligue 1";"Double chance";"Lille ou nul";"1.13";"Betano";"3";"4";"recent_results | standing";"1";"5";"Non"
"1985";"football:1552776:12:Home/Draw:36:public-demo-replay-2026-10-08";"Lille — Le Havre";"Ligue 1";"Double chance";"Lille ou nul";"1.11";"BetVictor";"3";"4";"recent_results | standing";"1";"5";"Non"
"1986";"football:1552776:12:Home/Draw:5:public-demo-replay-2026-10-08";"Lille — Le Havre";"Ligue 1";"Double chance";"Lille ou nul";"1.06";"SBO";"3";"4";"recent_results | standing";"1";"5";"Non"
"1987";"football:1552776:12:Home/Draw:7:public-demo-replay-2026-10-08";"Lille — Le Havre";"Ligue 1";"Double chance";"Lille ou nul";"1.11";"William Hill";"3";"4";"recent_results | standing";"1";"5";"Non"
"1988";"football:1552776:12:Home/Draw:8:public-demo-replay-2026-10-08";"Lille — Le Havre";"Ligue 1";"Double chance";"Lille ou nul";"1.1";"Bet365";"3";"4";"recent_results | standing";"1";"5";"Non"
"1989";"football:1553189:1:Away:11:public-demo-replay-2026-10-08";"Slask Wroclaw — Lech Poznan";"Ekstraklasa";"Résultat du match";"Lech Poznan gagne";"1.58";"1xBet";"4";"6";"recent_results | standing";"2";"5";"Non"
"1990";"football:1553189:1:Away:2:public-demo-replay-2026-10-08";"Slask Wroclaw — Lech Poznan";"Ekstraklasa";"Résultat du match";"Lech Poznan gagne";"1.56";"Marathonbet";"4";"6";"recent_results | standing";"2";"5";"Non"
"1991";"football:1553189:1:Away:3:public-demo-replay-2026-10-08";"Slask Wroclaw — Lech Poznan";"Ekstraklasa";"Résultat du match";"Lech Poznan gagne";"1.57";"Betfair";"4";"6";"recent_results | standing";"2";"5";"Non"
"1992";"football:1553189:1:Away:32:public-demo-replay-2026-10-08";"Slask Wroclaw — Lech Poznan";"Ekstraklasa";"Résultat du match";"Lech Poznan gagne";"1.6";"Betano";"4";"6";"recent_results | standing";"2";"5";"Non"
"1993";"football:1553189:1:Away:36:public-demo-replay-2026-10-08";"Slask Wroclaw — Lech Poznan";"Ekstraklasa";"Résultat du match";"Lech Poznan gagne";"1.55";"BetVictor";"4";"6";"recent_results | standing";"2";"5";"Non"
"1994";"football:1553189:1:Away:4:public-demo-replay-2026-10-08";"Slask Wroclaw — Lech Poznan";"Ekstraklasa";"Résultat du match";"Lech Poznan gagne";"1.57";"Pinnacle";"4";"6";"recent_results | standing";"2";"5";"Non"
"1995";"football:1553189:1:Away:5:public-demo-replay-2026-10-08";"Slask Wroclaw — Lech Poznan";"Ekstraklasa";"Résultat du match";"Lech Poznan gagne";"1.55";"SBO";"4";"6";"recent_results | standing";"2";"5";"Non"
"1996";"football:1553189:1:Away:7:public-demo-replay-2026-10-08";"Slask Wroclaw — Lech Poznan";"Ekstraklasa";"Résultat du match";"Lech Poznan gagne";"1.57";"William Hill";"4";"6";"recent_results | standing";"2";"5";"Non"
"1997";"football:1553189:1:Away:8:public-demo-replay-2026-10-08";"Slask Wroclaw — Lech Poznan";"Ekstraklasa";"Résultat du match";"Lech Poznan gagne";"1.55";"Bet365";"4";"6";"recent_results | standing";"2";"5";"Non"
"1998";"football:1553189:12:Draw/Away:11:public-demo-replay-2026-10-08";"Slask Wroclaw — Lech Poznan";"Ekstraklasa";"Double chance";"Lech Poznan ou nul";"1.15";"1xBet";"4";"6";"recent_results | standing";"2";"5";"Non"
"1999";"football:1553189:12:Draw/Away:2:public-demo-replay-2026-10-08";"Slask Wroclaw — Lech Poznan";"Ekstraklasa";"Double chance";"Lech Poznan ou nul";"1.15";"Marathonbet";"4";"6";"recent_results | standing";"2";"5";"Non"
"2000";"football:1553189:12:Draw/Away:3:public-demo-replay-2026-10-08";"Slask Wroclaw — Lech Poznan";"Ekstraklasa";"Double chance";"Lech Poznan ou nul";"1.14";"Betfair";"4";"6";"recent_results | standing";"2";"5";"Non"
"2001";"football:1553189:12:Draw/Away:32:public-demo-replay-2026-10-08";"Slask Wroclaw — Lech Poznan";"Ekstraklasa";"Double chance";"Lech Poznan ou nul";"1.2";"Betano";"4";"6";"recent_results | standing";"2";"5";"Non"
"2002";"football:1553189:12:Draw/Away:36:public-demo-replay-2026-10-08";"Slask Wroclaw — Lech Poznan";"Ekstraklasa";"Double chance";"Lech Poznan ou nul";"1.18";"BetVictor";"4";"6";"recent_results | standing";"2";"5";"Non"
"2003";"football:1553189:12:Draw/Away:5:public-demo-replay-2026-10-08";"Slask Wroclaw — Lech Poznan";"Ekstraklasa";"Double chance";"Lech Poznan ou nul";"1.14";"SBO";"4";"6";"recent_results | standing";"2";"5";"Non"
"2004";"football:1553189:12:Draw/Away:7:public-demo-replay-2026-10-08";"Slask Wroclaw — Lech Poznan";"Ekstraklasa";"Double chance";"Lech Poznan ou nul";"1.18";"William Hill";"4";"6";"recent_results | standing";"2";"5";"Non"
"2005";"football:1553189:12:Draw/Away:8:public-demo-replay-2026-10-08";"Slask Wroclaw — Lech Poznan";"Ekstraklasa";"Double chance";"Lech Poznan ou nul";"1.14";"Bet365";"4";"6";"recent_results | standing";"2";"5";"Non"
"2006";"football:1555403:1:Home:11:public-demo-replay-2026-10-08";"FC Lugano — FC Luzern";"Super League";"Résultat du match";"FC Lugano gagne";"1.61";"1xBet";"3";"3";"recent_results | standing";"1";"5";"Non"
"2007";"football:1555403:1:Home:2:public-demo-replay-2026-10-08";"FC Lugano — FC Luzern";"Super League";"Résultat du match";"FC Lugano gagne";"1.59";"Marathonbet";"3";"3";"recent_results | standing";"1";"5";"Non"
"2008";"football:1555403:1:Home:3:public-demo-replay-2026-10-08";"FC Lugano — FC Luzern";"Super League";"Résultat du match";"FC Lugano gagne";"1.6";"Betfair";"3";"3";"recent_results | standing";"1";"5";"Non"
"2009";"football:1555403:1:Home:32:public-demo-replay-2026-10-08";"FC Lugano — FC Luzern";"Super League";"Résultat du match";"FC Lugano gagne";"1.62";"Betano";"3";"3";"recent_results | standing";"1";"5";"Non"
"2010";"football:1555403:1:Home:36:public-demo-replay-2026-10-08";"FC Lugano — FC Luzern";"Super League";"Résultat du match";"FC Lugano gagne";"1.57";"BetVictor";"3";"3";"recent_results | standing";"1";"5";"Non"
"2011";"football:1555403:1:Home:4:public-demo-replay-2026-10-08";"FC Lugano — FC Luzern";"Super League";"Résultat du match";"FC Lugano gagne";"1.65";"Pinnacle";"3";"3";"recent_results | standing";"1";"5";"Non"
"2012";"football:1555403:1:Home:5:public-demo-replay-2026-10-08";"FC Lugano — FC Luzern";"Super League";"Résultat du match";"FC Lugano gagne";"1.54";"SBO";"3";"3";"recent_results | standing";"1";"5";"Non"
"2013";"football:1555403:1:Home:7:public-demo-replay-2026-10-08";"FC Lugano — FC Luzern";"Super League";"Résultat du match";"FC Lugano gagne";"1.62";"William Hill";"3";"3";"recent_results | standing";"1";"5";"Non"
"2014";"football:1555403:1:Home:8:public-demo-replay-2026-10-08";"FC Lugano — FC Luzern";"Super League";"Résultat du match";"FC Lugano gagne";"1.6";"Bet365";"3";"3";"recent_results | standing";"1";"5";"Non"
"2015";"football:1555403:12:Home/Draw:11:public-demo-replay-2026-10-08";"FC Lugano — FC Luzern";"Super League";"Double chance";"FC Lugano ou nul";"1.17";"1xBet";"3";"3";"recent_results | standing";"1";"5";"Non"
"2016";"football:1555403:12:Home/Draw:2:public-demo-replay-2026-10-08";"FC Lugano — FC Luzern";"Super League";"Double chance";"FC Lugano ou nul";"1.17";"Marathonbet";"3";"3";"recent_results | standing";"1";"5";"Non"
"2017";"football:1555403:12:Home/Draw:3:public-demo-replay-2026-10-08";"FC Lugano — FC Luzern";"Super League";"Double chance";"FC Lugano ou nul";"1.17";"Betfair";"3";"3";"recent_results | standing";"1";"5";"Non"
"2018";"football:1555403:12:Home/Draw:32:public-demo-replay-2026-10-08";"FC Lugano — FC Luzern";"Super League";"Double chance";"FC Lugano ou nul";"1.22";"Betano";"3";"3";"recent_results | standing";"1";"5";"Non"
"2019";"football:1555403:12:Home/Draw:36:public-demo-replay-2026-10-08";"FC Lugano — FC Luzern";"Super League";"Double chance";"FC Lugano ou nul";"1.2";"BetVictor";"3";"3";"recent_results | standing";"1";"5";"Non"
"2020";"football:1555403:12:Home/Draw:5:public-demo-replay-2026-10-08";"FC Lugano — FC Luzern";"Super League";"Double chance";"FC Lugano ou nul";"1.15";"SBO";"3";"3";"recent_results | standing";"1";"5";"Non"
"2021";"football:1555403:12:Home/Draw:7:public-demo-replay-2026-10-08";"FC Lugano — FC Luzern";"Super League";"Double chance";"FC Lugano ou nul";"1.2";"William Hill";"3";"3";"recent_results | standing";"1";"5";"Non"
"2022";"football:1555403:12:Home/Draw:8:public-demo-replay-2026-10-08";"FC Lugano — FC Luzern";"Super League";"Double chance";"FC Lugano ou nul";"1.18";"Bet365";"3";"3";"recent_results | standing";"1";"5";"Non"
"2023";"football:1558648:1:Away:11:public-demo-replay-2026-10-08";"RAAL La Louvière — Club Brugge KV";"Jupiler Pro League";"Résultat du match";"Club Brugge KV gagne";"1.42";"1xBet";"5";"7";"recent_results | standing";"3";"4";"Non"
"2024";"football:1558648:1:Away:2:public-demo-replay-2026-10-08";"RAAL La Louvière — Club Brugge KV";"Jupiler Pro League";"Résultat du match";"Club Brugge KV gagne";"1.38";"Marathonbet";"5";"7";"recent_results | standing";"3";"4";"Non"
"2025";"football:1558648:1:Away:3:public-demo-replay-2026-10-08";"RAAL La Louvière — Club Brugge KV";"Jupiler Pro League";"Résultat du match";"Club Brugge KV gagne";"1.3";"Betfair";"5";"7";"recent_results | standing";"3";"4";"Non"
"2026";"football:1558648:1:Away:32:public-demo-replay-2026-10-08";"RAAL La Louvière — Club Brugge KV";"Jupiler Pro League";"Résultat du match";"Club Brugge KV gagne";"1.42";"Betano";"5";"7";"recent_results | standing";"3";"4";"Non"
"2027";"football:1558648:1:Away:36:public-demo-replay-2026-10-08";"RAAL La Louvière — Club Brugge KV";"Jupiler Pro League";"Résultat du match";"Club Brugge KV gagne";"1.36";"BetVictor";"5";"7";"recent_results | standing";"3";"4";"Non"
"2028";"football:1558648:1:Away:4:public-demo-replay-2026-10-08";"RAAL La Louvière — Club Brugge KV";"Jupiler Pro League";"Résultat du match";"Club Brugge KV gagne";"1.4";"Pinnacle";"5";"7";"recent_results | standing";"3";"4";"Non"
"2029";"football:1558648:1:Away:5:public-demo-replay-2026-10-08";"RAAL La Louvière — Club Brugge KV";"Jupiler Pro League";"Résultat du match";"Club Brugge KV gagne";"1.34";"SBO";"5";"7";"recent_results | standing";"3";"4";"Non"
"2030";"football:1558648:1:Away:7:public-demo-replay-2026-10-08";"RAAL La Louvière — Club Brugge KV";"Jupiler Pro League";"Résultat du match";"Club Brugge KV gagne";"1.4";"William Hill";"5";"7";"recent_results | standing";"3";"4";"Non"
"2031";"football:1558648:1:Away:8:public-demo-replay-2026-10-08";"RAAL La Louvière — Club Brugge KV";"Jupiler Pro League";"Résultat du match";"Club Brugge KV gagne";"1.33";"Bet365";"5";"7";"recent_results | standing";"3";"4";"Non"
"2032";"football:1558648:12:Draw/Away:11:public-demo-replay-2026-10-08";"RAAL La Louvière — Club Brugge KV";"Jupiler Pro League";"Double chance";"Club Brugge KV ou nul";"1.1";"1xBet";"5";"7";"recent_results | standing";"3";"4";"Non"
"2033";"football:1558648:12:Draw/Away:2:public-demo-replay-2026-10-08";"RAAL La Louvière — Club Brugge KV";"Jupiler Pro League";"Double chance";"Club Brugge KV ou nul";"1.08";"Marathonbet";"5";"7";"recent_results | standing";"3";"4";"Non"
"2034";"football:1558648:12:Draw/Away:3:public-demo-replay-2026-10-08";"RAAL La Louvière — Club Brugge KV";"Jupiler Pro League";"Double chance";"Club Brugge KV ou nul";"1.06";"Betfair";"5";"7";"recent_results | standing";"3";"4";"Non"
"2035";"football:1558648:12:Draw/Away:32:public-demo-replay-2026-10-08";"RAAL La Louvière — Club Brugge KV";"Jupiler Pro League";"Double chance";"Club Brugge KV ou nul";"1.11";"Betano";"5";"7";"recent_results | standing";"3";"4";"Non"
"2036";"football:1558648:12:Draw/Away:36:public-demo-replay-2026-10-08";"RAAL La Louvière — Club Brugge KV";"Jupiler Pro League";"Double chance";"Club Brugge KV ou nul";"1.11";"BetVictor";"5";"7";"recent_results | standing";"3";"4";"Non"
"2037";"football:1558648:12:Draw/Away:5:public-demo-replay-2026-10-08";"RAAL La Louvière — Club Brugge KV";"Jupiler Pro League";"Double chance";"Club Brugge KV ou nul";"1.06";"SBO";"5";"7";"recent_results | standing";"3";"4";"Non"
"2038";"football:1558648:12:Draw/Away:7:public-demo-replay-2026-10-08";"RAAL La Louvière — Club Brugge KV";"Jupiler Pro League";"Double chance";"Club Brugge KV ou nul";"1.11";"William Hill";"5";"7";"recent_results | standing";"3";"4";"Non"
"2039";"football:1558648:12:Draw/Away:8:public-demo-replay-2026-10-08";"RAAL La Louvière — Club Brugge KV";"Jupiler Pro League";"Double chance";"Club Brugge KV ou nul";"1.1";"Bet365";"5";"7";"recent_results | standing";"3";"4";"Non"
"2040";"football:1593324:1:Home:11:public-demo-replay-2026-10-08";"AEK Athens FC — OFI";"Super League 1";"Résultat du match";"AEK Athens FC gagne";"1.22";"1xBet";"3";"2";"recent_results | standing";"1";"5";"Non"
"2041";"football:1593324:1:Home:2:public-demo-replay-2026-10-08";"AEK Athens FC — OFI";"Super League 1";"Résultat du match";"AEK Athens FC gagne";"1.21";"Marathonbet";"3";"2";"recent_results | standing";"1";"5";"Non"
"2042";"football:1593324:1:Home:3:public-demo-replay-2026-10-08";"AEK Athens FC — OFI";"Super League 1";"Résultat du match";"AEK Athens FC gagne";"1.2";"Betfair";"3";"2";"recent_results | standing";"1";"5";"Non"
"2043";"football:1593324:1:Home:32:public-demo-replay-2026-10-08";"AEK Athens FC — OFI";"Super League 1";"Résultat du match";"AEK Athens FC gagne";"1.26";"Betano";"3";"2";"recent_results | standing";"1";"5";"Non"
"2044";"football:1593324:1:Home:4:public-demo-replay-2026-10-08";"AEK Athens FC — OFI";"Super League 1";"Résultat du match";"AEK Athens FC gagne";"1.21";"Pinnacle";"3";"2";"recent_results | standing";"1";"5";"Non"
"2045";"football:1593324:1:Home:5:public-demo-replay-2026-10-08";"AEK Athens FC — OFI";"Super League 1";"Résultat du match";"AEK Athens FC gagne";"1.2";"SBO";"3";"2";"recent_results | standing";"1";"5";"Non"
"2046";"football:1593324:1:Home:7:public-demo-replay-2026-10-08";"AEK Athens FC — OFI";"Super League 1";"Résultat du match";"AEK Athens FC gagne";"1.22";"William Hill";"3";"2";"recent_results | standing";"1";"5";"Non"
"2047";"football:1593324:1:Home:8:public-demo-replay-2026-10-08";"AEK Athens FC — OFI";"Super League 1";"Résultat du match";"AEK Athens FC gagne";"1.22";"Bet365";"3";"2";"recent_results | standing";"1";"5";"Non"
"2048";"football:1593324:12:Home/Draw:11:public-demo-replay-2026-10-08";"AEK Athens FC — OFI";"Super League 1";"Double chance";"AEK Athens FC ou nul";"1.01";"1xBet";"3";"2";"recent_results | standing";"1";"5";"Non"
"2049";"football:1593324:12:Home/Draw:2:public-demo-replay-2026-10-08";"AEK Athens FC — OFI";"Super League 1";"Double chance";"AEK Athens FC ou nul";"1.01";"Marathonbet";"3";"2";"recent_results | standing";"1";"5";"Non"
"2050";"football:1593324:12:Home/Draw:3:public-demo-replay-2026-10-08";"AEK Athens FC — OFI";"Super League 1";"Double chance";"AEK Athens FC ou nul";"1.05";"Betfair";"3";"2";"recent_results | standing";"1";"5";"Non"
"2051";"football:1593324:12:Home/Draw:32:public-demo-replay-2026-10-08";"AEK Athens FC — OFI";"Super League 1";"Double chance";"AEK Athens FC ou nul";"1.06";"Betano";"3";"2";"recent_results | standing";"1";"5";"Non"
"2052";"football:1593324:12:Home/Draw:7:public-demo-replay-2026-10-08";"AEK Athens FC — OFI";"Super League 1";"Double chance";"AEK Athens FC ou nul";"1.05";"William Hill";"3";"2";"recent_results | standing";"1";"5";"Non"
"2053";"football:1593324:12:Home/Draw:8:public-demo-replay-2026-10-08";"AEK Athens FC — OFI";"Super League 1";"Double chance";"AEK Athens FC ou nul";"1.05";"Bet365";"3";"2";"recent_results | standing";"1";"5";"Non"
"2054";"football:1565264:1:Away:11:public-demo-replay-2026-10-08";"Csikszereda — Universitatea Craiova";"Liga I";"Résultat du match";"Universitatea Craiova gagne";"1.31";"1xBet";"6";"7";"recent_results | standing";"4";"4";"Non"
"2055";"football:1565264:1:Away:2:public-demo-replay-2026-10-08";"Csikszereda — Universitatea Craiova";"Liga I";"Résultat du match";"Universitatea Craiova gagne";"1.3";"Marathonbet";"6";"7";"recent_results | standing";"4";"4";"Non"
"2056";"football:1565264:1:Away:3:public-demo-replay-2026-10-08";"Csikszereda — Universitatea Craiova";"Liga I";"Résultat du match";"Universitatea Craiova gagne";"1.3";"Betfair";"6";"7";"recent_results | standing";"4";"4";"Non"
"2057";"football:1565264:1:Away:32:public-demo-replay-2026-10-08";"Csikszereda — Universitatea Craiova";"Liga I";"Résultat du match";"Universitatea Craiova gagne";"1.34";"Betano";"6";"7";"recent_results | standing";"4";"4";"Non"
"2058";"football:1565264:1:Away:36:public-demo-replay-2026-10-08";"Csikszereda — Universitatea Craiova";"Liga I";"Résultat du match";"Universitatea Craiova gagne";"1.29";"BetVictor";"6";"7";"recent_results | standing";"4";"4";"Non"
"2059";"football:1565264:1:Away:4:public-demo-replay-2026-10-08";"Csikszereda — Universitatea Craiova";"Liga I";"Résultat du match";"Universitatea Craiova gagne";"1.28";"Pinnacle";"6";"7";"recent_results | standing";"4";"4";"Non"
"2060";"football:1565264:1:Away:5:public-demo-replay-2026-10-08";"Csikszereda — Universitatea Craiova";"Liga I";"Résultat du match";"Universitatea Craiova gagne";"1.28";"SBO";"6";"7";"recent_results | standing";"4";"4";"Non"
"2061";"football:1565264:1:Away:7:public-demo-replay-2026-10-08";"Csikszereda — Universitatea Craiova";"Liga I";"Résultat du match";"Universitatea Craiova gagne";"1.3";"William Hill";"6";"7";"recent_results | standing";"4";"4";"Non"
"2062";"football:1565264:1:Away:8:public-demo-replay-2026-10-08";"Csikszereda — Universitatea Craiova";"Liga I";"Résultat du match";"Universitatea Craiova gagne";"1.33";"Bet365";"6";"7";"recent_results | standing";"4";"4";"Non"
"2063";"football:1565264:1:Away:9:public-demo-replay-2026-10-08";"Csikszereda — Universitatea Craiova";"Liga I";"Résultat du match";"Universitatea Craiova gagne";"1.33";"Dafabet";"6";"7";"recent_results | standing";"4";"4";"Non"
"2064";"football:1565264:12:Draw/Away:11:public-demo-replay-2026-10-08";"Csikszereda — Universitatea Craiova";"Liga I";"Double chance";"Universitatea Craiova ou nul";"1.03";"1xBet";"6";"7";"recent_results | standing";"4";"4";"Non"
"2065";"football:1565264:12:Draw/Away:2:public-demo-replay-2026-10-08";"Csikszereda — Universitatea Craiova";"Liga I";"Double chance";"Universitatea Craiova ou nul";"1.03";"Marathonbet";"6";"7";"recent_results | standing";"4";"4";"Non"
"2066";"football:1565264:12:Draw/Away:3:public-demo-replay-2026-10-08";"Csikszereda — Universitatea Craiova";"Liga I";"Double chance";"Universitatea Craiova ou nul";"1.07";"Betfair";"6";"7";"recent_results | standing";"4";"4";"Non"
"2067";"football:1565264:12:Draw/Away:32:public-demo-replay-2026-10-08";"Csikszereda — Universitatea Craiova";"Liga I";"Double chance";"Universitatea Craiova ou nul";"1.09";"Betano";"6";"7";"recent_results | standing";"4";"4";"Non"
"2068";"football:1565264:12:Draw/Away:36:public-demo-replay-2026-10-08";"Csikszereda — Universitatea Craiova";"Liga I";"Double chance";"Universitatea Craiova ou nul";"1.08";"BetVictor";"6";"7";"recent_results | standing";"4";"4";"Non"
"2069";"football:1565264:12:Draw/Away:5:public-demo-replay-2026-10-08";"Csikszereda — Universitatea Craiova";"Liga I";"Double chance";"Universitatea Craiova ou nul";"1.01";"SBO";"6";"7";"recent_results | standing";"4";"4";"Non"
"2070";"football:1565264:12:Draw/Away:7:public-demo-replay-2026-10-08";"Csikszereda — Universitatea Craiova";"Liga I";"Double chance";"Universitatea Craiova ou nul";"1.07";"William Hill";"6";"7";"recent_results | standing";"4";"4";"Non"
"2071";"football:1565264:12:Draw/Away:8:public-demo-replay-2026-10-08";"Csikszereda — Universitatea Craiova";"Liga I";"Double chance";"Universitatea Craiova ou nul";"1.08";"Bet365";"6";"7";"recent_results | standing";"4";"4";"Non"
"2072";"football:1565266:1:Away:11:public-demo-replay-2026-10-08";"Arges Pitesti — CFR 1907 Cluj";"Liga I";"Résultat du match";"CFR 1907 Cluj gagne";"2.9";"1xBet";"3";"5";"recent_results | standing";"1";"5";"Non"
"2073";"football:1565266:1:Away:2:public-demo-replay-2026-10-08";"Arges Pitesti — CFR 1907 Cluj";"Liga I";"Résultat du match";"CFR 1907 Cluj gagne";"2.88";"Marathonbet";"3";"5";"recent_results | standing";"1";"5";"Non"
"2074";"football:1565266:1:Away:3:public-demo-replay-2026-10-08";"Arges Pitesti — CFR 1907 Cluj";"Liga I";"Résultat du match";"CFR 1907 Cluj gagne";"2.88";"Betfair";"3";"5";"recent_results | standing";"1";"5";"Non"
"2075";"football:1565266:1:Away:32:public-demo-replay-2026-10-08";"Arges Pitesti — CFR 1907 Cluj";"Liga I";"Résultat du match";"CFR 1907 Cluj gagne";"2.92";"Betano";"3";"5";"recent_results | standing";"1";"5";"Non"
"2076";"football:1565266:1:Away:9:public-demo-replay-2026-10-08";"Arges Pitesti — CFR 1907 Cluj";"Liga I";"Résultat du match";"CFR 1907 Cluj gagne";"2.95";"Dafabet";"3";"5";"recent_results | standing";"1";"5";"Non"
"2077";"football:1565266:12:Draw/Away:11:public-demo-replay-2026-10-08";"Arges Pitesti — CFR 1907 Cluj";"Liga I";"Double chance";"CFR 1907 Cluj ou nul";"1.5";"1xBet";"3";"5";"recent_results | standing";"1";"5";"Non"
"2078";"football:1565266:12:Draw/Away:2:public-demo-replay-2026-10-08";"Arges Pitesti — CFR 1907 Cluj";"Liga I";"Double chance";"CFR 1907 Cluj ou nul";"1.5";"Marathonbet";"3";"5";"recent_results | standing";"1";"5";"Non"
"2079";"football:1565266:12:Draw/Away:3:public-demo-replay-2026-10-08";"Arges Pitesti — CFR 1907 Cluj";"Liga I";"Double chance";"CFR 1907 Cluj ou nul";"1.53";"Betfair";"3";"5";"recent_results | standing";"1";"5";"Non"
"2080";"football:1565266:12:Draw/Away:32:public-demo-replay-2026-10-08";"Arges Pitesti — CFR 1907 Cluj";"Liga I";"Double chance";"CFR 1907 Cluj ou nul";"1.57";"Betano";"3";"5";"recent_results | standing";"1";"5";"Non"
"2081";"football:1565270:1:Away:11:public-demo-replay-2026-10-08";"Universitatea Cluj — Rapid";"Liga I";"Résultat du match";"Rapid gagne";"2.64";"1xBet";"4";"5";"recent_results | standing";"2";"4";"Non"
"2082";"football:1565270:1:Away:2:public-demo-replay-2026-10-08";"Universitatea Cluj — Rapid";"Liga I";"Résultat du match";"Rapid gagne";"2.64";"Marathonbet";"4";"5";"recent_results | standing";"2";"4";"Non"
"2083";"football:1565270:1:Away:3:public-demo-replay-2026-10-08";"Universitatea Cluj — Rapid";"Liga I";"Résultat du match";"Rapid gagne";"2.7";"Betfair";"4";"5";"recent_results | standing";"2";"4";"Non"
"2084";"football:1565270:1:Away:32:public-demo-replay-2026-10-08";"Universitatea Cluj — Rapid";"Liga I";"Résultat du match";"Rapid gagne";"2.75";"Betano";"4";"5";"recent_results | standing";"2";"4";"Non"
"2085";"football:1565270:1:Away:9:public-demo-replay-2026-10-08";"Universitatea Cluj — Rapid";"Liga I";"Résultat du match";"Rapid gagne";"2.75";"Dafabet";"4";"5";"recent_results | standing";"2";"4";"Non"
"2086";"football:1565270:12:Draw/Away:11:public-demo-replay-2026-10-08";"Universitatea Cluj — Rapid";"Liga I";"Double chance";"Rapid ou nul";"1.44";"1xBet";"4";"5";"recent_results | standing";"2";"4";"Non"
"2087";"football:1565270:12:Draw/Away:2:public-demo-replay-2026-10-08";"Universitatea Cluj — Rapid";"Liga I";"Double chance";"Rapid ou nul";"1.44";"Marathonbet";"4";"5";"recent_results | standing";"2";"4";"Non"
"2088";"football:1565270:12:Draw/Away:3:public-demo-replay-2026-10-08";"Universitatea Cluj — Rapid";"Liga I";"Double chance";"Rapid ou nul";"1.5";"Betfair";"4";"5";"recent_results | standing";"2";"4";"Non"
"2089";"football:1565270:12:Draw/Away:32:public-demo-replay-2026-10-08";"Universitatea Cluj — Rapid";"Liga I";"Double chance";"Rapid ou nul";"1.52";"Betano";"4";"5";"recent_results | standing";"2";"4";"Non"
"2090";"football:1552184:1:Away:11:public-demo-replay-2026-10-08";"Fortuna Sittard — Twente";"Eredivisie";"Résultat du match";"Twente gagne";"1.44";"1xBet";"4";"3";"recent_results | standing";"2";"4";"Non"
"2091";"football:1552184:1:Away:2:public-demo-replay-2026-10-08";"Fortuna Sittard — Twente";"Eredivisie";"Résultat du match";"Twente gagne";"1.4";"Marathonbet";"4";"3";"recent_results | standing";"2";"4";"Non"
"2092";"football:1552184:1:Away:3:public-demo-replay-2026-10-08";"Fortuna Sittard — Twente";"Eredivisie";"Résultat du match";"Twente gagne";"1.36";"Betfair";"4";"3";"recent_results | standing";"2";"4";"Non"
"2093";"football:1552184:1:Away:32:public-demo-replay-2026-10-08";"Fortuna Sittard — Twente";"Eredivisie";"Résultat du match";"Twente gagne";"1.45";"Betano";"4";"3";"recent_results | standing";"2";"4";"Non"
"2094";"football:1552184:1:Away:36:public-demo-replay-2026-10-08";"Fortuna Sittard — Twente";"Eredivisie";"Résultat du match";"Twente gagne";"1.4";"BetVictor";"4";"3";"recent_results | standing";"2";"4";"Non"
"2095";"football:1552184:1:Away:4:public-demo-replay-2026-10-08";"Fortuna Sittard — Twente";"Eredivisie";"Résultat du match";"Twente gagne";"1.43";"Pinnacle";"4";"3";"recent_results | standing";"2";"4";"Non"
"2096";"football:1552184:1:Away:5:public-demo-replay-2026-10-08";"Fortuna Sittard — Twente";"Eredivisie";"Résultat du match";"Twente gagne";"1.36";"SBO";"4";"3";"recent_results | standing";"2";"4";"Non"
"2097";"football:1552184:1:Away:7:public-demo-replay-2026-10-08";"Fortuna Sittard — Twente";"Eredivisie";"Résultat du match";"Twente gagne";"1.4";"William Hill";"4";"3";"recent_results | standing";"2";"4";"Non"
"2098";"football:1552184:1:Away:8:public-demo-replay-2026-10-08";"Fortuna Sittard — Twente";"Eredivisie";"Résultat du match";"Twente gagne";"1.4";"Bet365";"4";"3";"recent_results | standing";"2";"4";"Non"
"2099";"football:1552184:12:Draw/Away:11:public-demo-replay-2026-10-08";"Fortuna Sittard — Twente";"Eredivisie";"Double chance";"Twente ou nul";"1.11";"1xBet";"4";"3";"recent_results | standing";"2";"4";"Non"
"2100";"football:1552184:12:Draw/Away:2:public-demo-replay-2026-10-08";"Fortuna Sittard — Twente";"Eredivisie";"Double chance";"Twente ou nul";"1.09";"Marathonbet";"4";"3";"recent_results | standing";"2";"4";"Non"
"2101";"football:1552184:12:Draw/Away:3:public-demo-replay-2026-10-08";"Fortuna Sittard — Twente";"Eredivisie";"Double chance";"Twente ou nul";"1.1";"Betfair";"4";"3";"recent_results | standing";"2";"4";"Non"
"2102";"football:1552184:12:Draw/Away:32:public-demo-replay-2026-10-08";"Fortuna Sittard — Twente";"Eredivisie";"Double chance";"Twente ou nul";"1.14";"Betano";"4";"3";"recent_results | standing";"2";"4";"Non"
"2103";"football:1552184:12:Draw/Away:36:public-demo-replay-2026-10-08";"Fortuna Sittard — Twente";"Eredivisie";"Double chance";"Twente ou nul";"1.13";"BetVictor";"4";"3";"recent_results | standing";"2";"4";"Non"
"2104";"football:1552184:12:Draw/Away:5:public-demo-replay-2026-10-08";"Fortuna Sittard — Twente";"Eredivisie";"Double chance";"Twente ou nul";"1.08";"SBO";"4";"3";"recent_results | standing";"2";"4";"Non"
"2105";"football:1552184:12:Draw/Away:7:public-demo-replay-2026-10-08";"Fortuna Sittard — Twente";"Eredivisie";"Double chance";"Twente ou nul";"1.11";"William Hill";"4";"3";"recent_results | standing";"2";"4";"Non"
"2106";"football:1552184:12:Draw/Away:8:public-demo-replay-2026-10-08";"Fortuna Sittard — Twente";"Eredivisie";"Double chance";"Twente ou nul";"1.12";"Bet365";"4";"3";"recent_results | standing";"2";"4";"Non"
"2107";"football:1603040:1:Away:11:public-demo-replay-2026-10-08";"Al-Hilal Saudi FC — Al-Ittihad FC";"Pro League";"Résultat du match";"Al-Ittihad FC gagne";"9";"1xBet";"3";"9";"recent_results";"2";"4";"Non"
"2108";"football:1603040:1:Away:2:public-demo-replay-2026-10-08";"Al-Hilal Saudi FC — Al-Ittihad FC";"Pro League";"Résultat du match";"Al-Ittihad FC gagne";"8";"Marathonbet";"3";"9";"recent_results";"2";"4";"Non"
"2109";"football:1603040:1:Away:3:public-demo-replay-2026-10-08";"Al-Hilal Saudi FC — Al-Ittihad FC";"Pro League";"Résultat du match";"Al-Ittihad FC gagne";"9";"Betfair";"3";"9";"recent_results";"2";"4";"Non"
"2110";"football:1603040:1:Away:32:public-demo-replay-2026-10-08";"Al-Hilal Saudi FC — Al-Ittihad FC";"Pro League";"Résultat du match";"Al-Ittihad FC gagne";"8";"Betano";"3";"9";"recent_results";"2";"4";"Non"
"2111";"football:1603040:1:Away:4:public-demo-replay-2026-10-08";"Al-Hilal Saudi FC — Al-Ittihad FC";"Pro League";"Résultat du match";"Al-Ittihad FC gagne";"7.7";"Pinnacle";"3";"9";"recent_results";"2";"4";"Non"
"2112";"football:1603040:1:Away:5:public-demo-replay-2026-10-08";"Al-Hilal Saudi FC — Al-Ittihad FC";"Pro League";"Résultat du match";"Al-Ittihad FC gagne";"5.9";"SBO";"3";"9";"recent_results";"2";"4";"Non"
"2113";"football:1603040:1:Away:7:public-demo-replay-2026-10-08";"Al-Hilal Saudi FC — Al-Ittihad FC";"Pro League";"Résultat du match";"Al-Ittihad FC gagne";"6.5";"William Hill";"3";"9";"recent_results";"2";"4";"Non"
"2114";"football:1603040:1:Away:8:public-demo-replay-2026-10-08";"Al-Hilal Saudi FC — Al-Ittihad FC";"Pro League";"Résultat du match";"Al-Ittihad FC gagne";"7.5";"Bet365";"3";"9";"recent_results";"2";"4";"Non"
"2115";"football:1603040:12:Draw/Away:11:public-demo-replay-2026-10-08";"Al-Hilal Saudi FC — Al-Ittihad FC";"Pro League";"Double chance";"Al-Ittihad FC ou nul";"3.7";"1xBet";"3";"9";"recent_results";"2";"4";"Non"
"2116";"football:1603040:12:Draw/Away:2:public-demo-replay-2026-10-08";"Al-Hilal Saudi FC — Al-Ittihad FC";"Pro League";"Double chance";"Al-Ittihad FC ou nul";"3.36";"Marathonbet";"3";"9";"recent_results";"2";"4";"Non"
"2117";"football:1603040:12:Draw/Away:3:public-demo-replay-2026-10-08";"Al-Hilal Saudi FC — Al-Ittihad FC";"Pro League";"Double chance";"Al-Ittihad FC ou nul";"3.75";"Betfair";"3";"9";"recent_results";"2";"4";"Non"
"2118";"football:1603040:12:Draw/Away:32:public-demo-replay-2026-10-08";"Al-Hilal Saudi FC — Al-Ittihad FC";"Pro League";"Double chance";"Al-Ittihad FC ou nul";"3.5";"Betano";"3";"9";"recent_results";"2";"4";"Non"
"2119";"football:1603040:12:Draw/Away:5:public-demo-replay-2026-10-08";"Al-Hilal Saudi FC — Al-Ittihad FC";"Pro League";"Double chance";"Al-Ittihad FC ou nul";"2.96";"SBO";"3";"9";"recent_results";"2";"4";"Non"
"2120";"football:1603040:12:Draw/Away:7:public-demo-replay-2026-10-08";"Al-Hilal Saudi FC — Al-Ittihad FC";"Pro League";"Double chance";"Al-Ittihad FC ou nul";"3.3";"William Hill";"3";"9";"recent_results";"2";"4";"Non"
"2121";"football:1603040:12:Draw/Away:8:public-demo-replay-2026-10-08";"Al-Hilal Saudi FC — Al-Ittihad FC";"Pro League";"Double chance";"Al-Ittihad FC ou nul";"3.4";"Bet365";"3";"9";"recent_results";"2";"4";"Non"
"2122";"football:1553183:1:Away:11:public-demo-replay-2026-10-08";"Jagiellonia — Gornik Zabrze";"Ekstraklasa";"Résultat du match";"Gornik Zabrze gagne";"2.58";"1xBet";"4";"6";"recent_results | standing";"2";"5";"Non"
"2123";"football:1553183:1:Away:2:public-demo-replay-2026-10-08";"Jagiellonia — Gornik Zabrze";"Ekstraklasa";"Résultat du match";"Gornik Zabrze gagne";"2.58";"Marathonbet";"4";"6";"recent_results | standing";"2";"5";"Non"
"2124";"football:1553183:1:Away:3:public-demo-replay-2026-10-08";"Jagiellonia — Gornik Zabrze";"Ekstraklasa";"Résultat du match";"Gornik Zabrze gagne";"2.63";"Betfair";"4";"6";"recent_results | standing";"2";"5";"Non"
"2125";"football:1553183:1:Away:32:public-demo-replay-2026-10-08";"Jagiellonia — Gornik Zabrze";"Ekstraklasa";"Résultat du match";"Gornik Zabrze gagne";"2.67";"Betano";"4";"6";"recent_results | standing";"2";"5";"Non"
"2126";"football:1553183:1:Away:36:public-demo-replay-2026-10-08";"Jagiellonia — Gornik Zabrze";"Ekstraklasa";"Résultat du match";"Gornik Zabrze gagne";"2.6";"BetVictor";"4";"6";"recent_results | standing";"2";"5";"Non"
"2127";"football:1553183:1:Away:4:public-demo-replay-2026-10-08";"Jagiellonia — Gornik Zabrze";"Ekstraklasa";"Résultat du match";"Gornik Zabrze gagne";"2.71";"Pinnacle";"4";"6";"recent_results | standing";"2";"5";"Non"
"2128";"football:1553183:1:Away:5:public-demo-replay-2026-10-08";"Jagiellonia — Gornik Zabrze";"Ekstraklasa";"Résultat du match";"Gornik Zabrze gagne";"2.5";"SBO";"4";"6";"recent_results | standing";"2";"5";"Non"
"2129";"football:1553183:1:Away:7:public-demo-replay-2026-10-08";"Jagiellonia — Gornik Zabrze";"Ekstraklasa";"Résultat du match";"Gornik Zabrze gagne";"2.5";"William Hill";"4";"6";"recent_results | standing";"2";"5";"Non"
"2130";"football:1553183:1:Away:8:public-demo-replay-2026-10-08";"Jagiellonia — Gornik Zabrze";"Ekstraklasa";"Résultat du match";"Gornik Zabrze gagne";"2.6";"Bet365";"4";"6";"recent_results | standing";"2";"5";"Non"
"2131";"football:1553183:12:Draw/Away:11:public-demo-replay-2026-10-08";"Jagiellonia — Gornik Zabrze";"Ekstraklasa";"Double chance";"Gornik Zabrze ou nul";"1.49";"1xBet";"4";"6";"recent_results | standing";"2";"5";"Non"
"2132";"football:1553183:12:Draw/Away:2:public-demo-replay-2026-10-08";"Jagiellonia — Gornik Zabrze";"Ekstraklasa";"Double chance";"Gornik Zabrze ou nul";"1.49";"Marathonbet";"4";"6";"recent_results | standing";"2";"5";"Non"
"2133";"football:1553183:12:Draw/Away:3:public-demo-replay-2026-10-08";"Jagiellonia — Gornik Zabrze";"Ekstraklasa";"Double chance";"Gornik Zabrze ou nul";"1.53";"Betfair";"4";"6";"recent_results | standing";"2";"5";"Non"
"2134";"football:1553183:12:Draw/Away:32:public-demo-replay-2026-10-08";"Jagiellonia — Gornik Zabrze";"Ekstraklasa";"Double chance";"Gornik Zabrze ou nul";"1.55";"Betano";"4";"6";"recent_results | standing";"2";"5";"Non"
"2135";"football:1553183:12:Draw/Away:36:public-demo-replay-2026-10-08";"Jagiellonia — Gornik Zabrze";"Ekstraklasa";"Double chance";"Gornik Zabrze ou nul";"1.47";"BetVictor";"4";"6";"recent_results | standing";"2";"5";"Non"
"2136";"football:1553183:12:Draw/Away:5:public-demo-replay-2026-10-08";"Jagiellonia — Gornik Zabrze";"Ekstraklasa";"Double chance";"Gornik Zabrze ou nul";"1.47";"SBO";"4";"6";"recent_results | standing";"2";"5";"Non"
"2137";"football:1553183:12:Draw/Away:7:public-demo-replay-2026-10-08";"Jagiellonia — Gornik Zabrze";"Ekstraklasa";"Double chance";"Gornik Zabrze ou nul";"1.44";"William Hill";"4";"6";"recent_results | standing";"2";"5";"Non"
"2138";"football:1553183:12:Draw/Away:8:public-demo-replay-2026-10-08";"Jagiellonia — Gornik Zabrze";"Ekstraklasa";"Double chance";"Gornik Zabrze ou nul";"1.5";"Bet365";"4";"6";"recent_results | standing";"2";"5";"Non"
"2139";"football:1490511:1:Home:2:public-demo-replay-2026-10-08";"Chicago Fire — New York City FC";"Major League Soccer";"Résultat du match";"Chicago Fire gagne";"1.8";"Marathonbet";"3";"2";"recent_results | standing";"1";"5";"Non"
"2140";"football:1490511:1:Home:3:public-demo-replay-2026-10-08";"Chicago Fire — New York City FC";"Major League Soccer";"Résultat du match";"Chicago Fire gagne";"1.8";"Betfair";"3";"2";"recent_results | standing";"1";"5";"Non"
"2141";"football:1490511:1:Home:32:public-demo-replay-2026-10-08";"Chicago Fire — New York City FC";"Major League Soccer";"Résultat du match";"Chicago Fire gagne";"1.87";"Betano";"3";"2";"recent_results | standing";"1";"5";"Non"
"2142";"football:1490511:1:Home:36:public-demo-replay-2026-10-08";"Chicago Fire — New York City FC";"Major League Soccer";"Résultat du match";"Chicago Fire gagne";"1.8";"BetVictor";"3";"2";"recent_results | standing";"1";"5";"Non"
"2143";"football:1490511:1:Home:4:public-demo-replay-2026-10-08";"Chicago Fire — New York City FC";"Major League Soccer";"Résultat du match";"Chicago Fire gagne";"1.82";"Pinnacle";"3";"2";"recent_results | standing";"1";"5";"Non"
"2144";"football:1490511:1:Home:5:public-demo-replay-2026-10-08";"Chicago Fire — New York City FC";"Major League Soccer";"Résultat du match";"Chicago Fire gagne";"1.84";"SBO";"3";"2";"recent_results | standing";"1";"5";"Non"
"2145";"football:1490511:1:Home:7:public-demo-replay-2026-10-08";"Chicago Fire — New York City FC";"Major League Soccer";"Résultat du match";"Chicago Fire gagne";"1.8";"William Hill";"3";"2";"recent_results | standing";"1";"5";"Non"
"2146";"football:1490511:1:Home:8:public-demo-replay-2026-10-08";"Chicago Fire — New York City FC";"Major League Soccer";"Résultat du match";"Chicago Fire gagne";"1.83";"Bet365";"3";"2";"recent_results | standing";"1";"5";"Non"
"2147";"football:1490511:1:Home:9:public-demo-replay-2026-10-08";"Chicago Fire — New York City FC";"Major League Soccer";"Résultat du match";"Chicago Fire gagne";"1.92";"Dafabet";"3";"2";"recent_results | standing";"1";"5";"Non"
"2148";"football:1490511:12:Home/Draw:2:public-demo-replay-2026-10-08";"Chicago Fire — New York City FC";"Major League Soccer";"Double chance";"Chicago Fire ou nul";"1.23";"Marathonbet";"3";"2";"recent_results | standing";"1";"5";"Non"
"2149";"football:1490511:12:Home/Draw:3:public-demo-replay-2026-10-08";"Chicago Fire — New York City FC";"Major League Soccer";"Double chance";"Chicago Fire ou nul";"1.2";"Betfair";"3";"2";"recent_results | standing";"1";"5";"Non"
"2150";"football:1490511:12:Home/Draw:32:public-demo-replay-2026-10-08";"Chicago Fire — New York City FC";"Major League Soccer";"Double chance";"Chicago Fire ou nul";"1.27";"Betano";"3";"2";"recent_results | standing";"1";"5";"Non"
"2151";"football:1490511:12:Home/Draw:36:public-demo-replay-2026-10-08";"Chicago Fire — New York City FC";"Major League Soccer";"Double chance";"Chicago Fire ou nul";"1.25";"BetVictor";"3";"2";"recent_results | standing";"1";"5";"Non"
"2152";"football:1490511:12:Home/Draw:5:public-demo-replay-2026-10-08";"Chicago Fire — New York City FC";"Major League Soccer";"Double chance";"Chicago Fire ou nul";"1.19";"SBO";"3";"2";"recent_results | standing";"1";"5";"Non"
"2153";"football:1490511:12:Home/Draw:7:public-demo-replay-2026-10-08";"Chicago Fire — New York City FC";"Major League Soccer";"Double chance";"Chicago Fire ou nul";"1.25";"William Hill";"3";"2";"recent_results | standing";"1";"5";"Non"
"2154";"football:1490511:12:Home/Draw:8:public-demo-replay-2026-10-08";"Chicago Fire — New York City FC";"Major League Soccer";"Double chance";"Chicago Fire ou nul";"1.25";"Bet365";"3";"2";"recent_results | standing";"1";"5";"Non"
"2155";"football:1493168:1:Away:11:public-demo-replay-2026-10-08";"Barracas Central — Huracan";"Liga Profesional Argentina";"Résultat du match";"Huracan gagne";"2.83";"1xBet";"5";"5";"recent_results | standing";"3";"4";"Non"
"2156";"football:1493168:1:Away:2:public-demo-replay-2026-10-08";"Barracas Central — Huracan";"Liga Profesional Argentina";"Résultat du match";"Huracan gagne";"2.77";"Marathonbet";"5";"5";"recent_results | standing";"3";"4";"Non"
"2157";"football:1493168:1:Away:3:public-demo-replay-2026-10-08";"Barracas Central — Huracan";"Liga Profesional Argentina";"Résultat du match";"Huracan gagne";"2.8";"Betfair";"5";"5";"recent_results | standing";"3";"4";"Non"
"2158";"football:1493168:1:Away:32:public-demo-replay-2026-10-08";"Barracas Central — Huracan";"Liga Profesional Argentina";"Résultat du match";"Huracan gagne";"2.9";"Betano";"5";"5";"recent_results | standing";"3";"4";"Non"
"2159";"football:1493168:1:Away:36:public-demo-replay-2026-10-08";"Barracas Central — Huracan";"Liga Profesional Argentina";"Résultat du match";"Huracan gagne";"2.88";"BetVictor";"5";"5";"recent_results | standing";"3";"4";"Non"
"2160";"football:1493168:1:Away:4:public-demo-replay-2026-10-08";"Barracas Central — Huracan";"Liga Profesional Argentina";"Résultat du match";"Huracan gagne";"2.91";"Pinnacle";"5";"5";"recent_results | standing";"3";"4";"Non"
"2161";"football:1493168:1:Away:5:public-demo-replay-2026-10-08";"Barracas Central — Huracan";"Liga Profesional Argentina";"Résultat du match";"Huracan gagne";"2.63";"SBO";"5";"5";"recent_results | standing";"3";"4";"Non"
"2162";"football:1493168:1:Away:7:public-demo-replay-2026-10-08";"Barracas Central — Huracan";"Liga Profesional Argentina";"Résultat du match";"Huracan gagne";"2.8";"William Hill";"5";"5";"recent_results | standing";"3";"4";"Non"
"2163";"football:1493168:1:Away:8:public-demo-replay-2026-10-08";"Barracas Central — Huracan";"Liga Profesional Argentina";"Résultat du match";"Huracan gagne";"2.8";"Bet365";"5";"5";"recent_results | standing";"3";"4";"Non"
"2164";"football:1493168:1:Away:9:public-demo-replay-2026-10-08";"Barracas Central — Huracan";"Liga Profesional Argentina";"Résultat du match";"Huracan gagne";"2.8";"Dafabet";"5";"5";"recent_results | standing";"3";"4";"Non"
"2165";"football:1493168:12:Draw/Away:11:public-demo-replay-2026-10-08";"Barracas Central — Huracan";"Liga Profesional Argentina";"Double chance";"Huracan ou nul";"1.38";"1xBet";"5";"5";"recent_results | standing";"3";"4";"Non"
"2166";"football:1493168:12:Draw/Away:2:public-demo-replay-2026-10-08";"Barracas Central — Huracan";"Liga Profesional Argentina";"Double chance";"Huracan ou nul";"1.37";"Marathonbet";"5";"5";"recent_results | standing";"3";"4";"Non"
"2167";"football:1493168:12:Draw/Away:3:public-demo-replay-2026-10-08";"Barracas Central — Huracan";"Liga Profesional Argentina";"Double chance";"Huracan ou nul";"1.4";"Betfair";"5";"5";"recent_results | standing";"3";"4";"Non"
"2168";"football:1493168:12:Draw/Away:32:public-demo-replay-2026-10-08";"Barracas Central — Huracan";"Liga Profesional Argentina";"Double chance";"Huracan ou nul";"1.42";"Betano";"5";"5";"recent_results | standing";"3";"4";"Non"
"2169";"football:1493168:12:Draw/Away:36:public-demo-replay-2026-10-08";"Barracas Central — Huracan";"Liga Profesional Argentina";"Double chance";"Huracan ou nul";"1.36";"BetVictor";"5";"5";"recent_results | standing";"3";"4";"Non"
"2170";"football:1493168:12:Draw/Away:5:public-demo-replay-2026-10-08";"Barracas Central — Huracan";"Liga Profesional Argentina";"Double chance";"Huracan ou nul";"1.33";"SBO";"5";"5";"recent_results | standing";"3";"4";"Non"
"2171";"football:1493168:12:Draw/Away:7:public-demo-replay-2026-10-08";"Barracas Central — Huracan";"Liga Profesional Argentina";"Double chance";"Huracan ou nul";"1.36";"William Hill";"5";"5";"recent_results | standing";"3";"4";"Non"
"2172";"football:1493168:12:Draw/Away:8:public-demo-replay-2026-10-08";"Barracas Central — Huracan";"Liga Profesional Argentina";"Double chance";"Huracan ou nul";"1.4";"Bet365";"5";"5";"recent_results | standing";"3";"4";"Non"
"2173";"football:1552774:1:Away:11:public-demo-replay-2026-10-08";"Stade Brestois 29 — Angers";"Ligue 1";"Résultat du match";"Angers gagne";"3.78";"1xBet";"3";"5";"recent_results | standing";"1";"5";"Non"
"2174";"football:1552774:1:Away:2:public-demo-replay-2026-10-08";"Stade Brestois 29 — Angers";"Ligue 1";"Résultat du match";"Angers gagne";"3.68";"Marathonbet";"3";"5";"recent_results | standing";"1";"5";"Non"
"2175";"football:1552774:1:Away:3:public-demo-replay-2026-10-08";"Stade Brestois 29 — Angers";"Ligue 1";"Résultat du match";"Angers gagne";"3.6";"Betfair";"3";"5";"recent_results | standing";"1";"5";"Non"
"2176";"football:1552774:1:Away:32:public-demo-replay-2026-10-08";"Stade Brestois 29 — Angers";"Ligue 1";"Résultat du match";"Angers gagne";"3.95";"Betano";"3";"5";"recent_results | standing";"1";"5";"Non"
"2177";"football:1552774:1:Away:36:public-demo-replay-2026-10-08";"Stade Brestois 29 — Angers";"Ligue 1";"Résultat du match";"Angers gagne";"3.5";"BetVictor";"3";"5";"recent_results | standing";"1";"5";"Non"
"2178";"football:1552774:1:Away:4:public-demo-replay-2026-10-08";"Stade Brestois 29 — Angers";"Ligue 1";"Résultat du match";"Angers gagne";"3.7";"Pinnacle";"3";"5";"recent_results | standing";"1";"5";"Non"
"2179";"football:1552774:1:Away:5:public-demo-replay-2026-10-08";"Stade Brestois 29 — Angers";"Ligue 1";"Résultat du match";"Angers gagne";"3.2";"SBO";"3";"5";"recent_results | standing";"1";"5";"Non"
"2180";"football:1552774:1:Away:7:public-demo-replay-2026-10-08";"Stade Brestois 29 — Angers";"Ligue 1";"Résultat du match";"Angers gagne";"3.5";"William Hill";"3";"5";"recent_results | standing";"1";"5";"Non"
"2181";"football:1552774:1:Away:8:public-demo-replay-2026-10-08";"Stade Brestois 29 — Angers";"Ligue 1";"Résultat du match";"Angers gagne";"3.7";"Bet365";"3";"5";"recent_results | standing";"1";"5";"Non"
"2182";"football:1552774:12:Draw/Away:11:public-demo-replay-2026-10-08";"Stade Brestois 29 — Angers";"Ligue 1";"Double chance";"Angers ou nul";"1.87";"1xBet";"3";"5";"recent_results | standing";"1";"5";"Non"
"2183";"football:1552774:12:Draw/Away:2:public-demo-replay-2026-10-08";"Stade Brestois 29 — Angers";"Ligue 1";"Double chance";"Angers ou nul";"1.87";"Marathonbet";"3";"5";"recent_results | standing";"1";"5";"Non"
"2184";"football:1552774:12:Draw/Away:3:public-demo-replay-2026-10-08";"Stade Brestois 29 — Angers";"Ligue 1";"Double chance";"Angers ou nul";"1.73";"Betfair";"3";"5";"recent_results | standing";"1";"5";"Non"
"2185";"football:1552774:12:Draw/Away:32:public-demo-replay-2026-10-08";"Stade Brestois 29 — Angers";"Ligue 1";"Double chance";"Angers ou nul";"1.9";"Betano";"3";"5";"recent_results | standing";"1";"5";"Non"
"2186";"football:1552774:12:Draw/Away:36:public-demo-replay-2026-10-08";"Stade Brestois 29 — Angers";"Ligue 1";"Double chance";"Angers ou nul";"1.75";"BetVictor";"3";"5";"recent_results | standing";"1";"5";"Non"
"2187";"football:1552774:12:Draw/Away:5:public-demo-replay-2026-10-08";"Stade Brestois 29 — Angers";"Ligue 1";"Double chance";"Angers ou nul";"1.85";"SBO";"3";"5";"recent_results | standing";"1";"5";"Non"
"2188";"football:1552774:12:Draw/Away:7:public-demo-replay-2026-10-08";"Stade Brestois 29 — Angers";"Ligue 1";"Double chance";"Angers ou nul";"1.83";"William Hill";"3";"5";"recent_results | standing";"1";"5";"Non"
"2189";"football:1552774:12:Draw/Away:8:public-demo-replay-2026-10-08";"Stade Brestois 29 — Angers";"Ligue 1";"Double chance";"Angers ou nul";"1.83";"Bet365";"3";"5";"recent_results | standing";"1";"5";"Non"
"2190";"football:1552777:1:Away:11:public-demo-replay-2026-10-08";"Lorient — Paris FC";"Ligue 1";"Résultat du match";"Paris FC gagne";"2.36";"1xBet";"4";"4";"recent_results | standing";"2";"5";"Non"
"2191";"football:1552777:1:Away:2:public-demo-replay-2026-10-08";"Lorient — Paris FC";"Ligue 1";"Résultat du match";"Paris FC gagne";"2.3";"Marathonbet";"4";"4";"recent_results | standing";"2";"5";"Non"
"2192";"football:1552777:1:Away:3:public-demo-replay-2026-10-08";"Lorient — Paris FC";"Ligue 1";"Résultat du match";"Paris FC gagne";"2.25";"Betfair";"4";"4";"recent_results | standing";"2";"5";"Non"
"2193";"football:1552777:1:Away:32:public-demo-replay-2026-10-08";"Lorient — Paris FC";"Ligue 1";"Résultat du match";"Paris FC gagne";"2.3";"Betano";"4";"4";"recent_results | standing";"2";"5";"Non"
"2194";"football:1552777:1:Away:36:public-demo-replay-2026-10-08";"Lorient — Paris FC";"Ligue 1";"Résultat du match";"Paris FC gagne";"2.2";"BetVictor";"4";"4";"recent_results | standing";"2";"5";"Non"
"2195";"football:1552777:1:Away:4:public-demo-replay-2026-10-08";"Lorient — Paris FC";"Ligue 1";"Résultat du match";"Paris FC gagne";"2.3";"Pinnacle";"4";"4";"recent_results | standing";"2";"5";"Non"
"2196";"football:1552777:1:Away:5:public-demo-replay-2026-10-08";"Lorient — Paris FC";"Ligue 1";"Résultat du match";"Paris FC gagne";"2.14";"SBO";"4";"4";"recent_results | standing";"2";"5";"Non"
"2197";"football:1552777:1:Away:7:public-demo-replay-2026-10-08";"Lorient — Paris FC";"Ligue 1";"Résultat du match";"Paris FC gagne";"2.25";"William Hill";"4";"4";"recent_results | standing";"2";"5";"Non"
"2198";"football:1552777:1:Away:8:public-demo-replay-2026-10-08";"Lorient — Paris FC";"Ligue 1";"Résultat du match";"Paris FC gagne";"2.25";"Bet365";"4";"4";"recent_results | standing";"2";"5";"Non"
"2199";"football:1552777:12:Draw/Away:11:public-demo-replay-2026-10-08";"Lorient — Paris FC";"Ligue 1";"Double chance";"Paris FC ou nul";"1.38";"1xBet";"4";"4";"recent_results | standing";"2";"5";"Non"
"2200";"football:1552777:12:Draw/Away:2:public-demo-replay-2026-10-08";"Lorient — Paris FC";"Ligue 1";"Double chance";"Paris FC ou nul";"1.36";"Marathonbet";"4";"4";"recent_results | standing";"2";"5";"Non"
"2201";"football:1552777:12:Draw/Away:3:public-demo-replay-2026-10-08";"Lorient — Paris FC";"Ligue 1";"Double chance";"Paris FC ou nul";"1.3";"Betfair";"4";"4";"recent_results | standing";"2";"5";"Non"
"2202";"football:1552777:12:Draw/Away:32:public-demo-replay-2026-10-08";"Lorient — Paris FC";"Ligue 1";"Double chance";"Paris FC ou nul";"1.38";"Betano";"4";"4";"recent_results | standing";"2";"5";"Non"
"2203";"football:1552777:12:Draw/Away:36:public-demo-replay-2026-10-08";"Lorient — Paris FC";"Ligue 1";"Double chance";"Paris FC ou nul";"1.33";"BetVictor";"4";"4";"recent_results | standing";"2";"5";"Non"
"2204";"football:1552777:12:Draw/Away:5:public-demo-replay-2026-10-08";"Lorient — Paris FC";"Ligue 1";"Double chance";"Paris FC ou nul";"1.31";"SBO";"4";"4";"recent_results | standing";"2";"5";"Non"
"2205";"football:1552777:12:Draw/Away:7:public-demo-replay-2026-10-08";"Lorient — Paris FC";"Ligue 1";"Double chance";"Paris FC ou nul";"1.36";"William Hill";"4";"4";"recent_results | standing";"2";"5";"Non"
"2206";"football:1552777:12:Draw/Away:8:public-demo-replay-2026-10-08";"Lorient — Paris FC";"Ligue 1";"Double chance";"Paris FC ou nul";"1.36";"Bet365";"4";"4";"recent_results | standing";"2";"5";"Non"
"2207";"football:1552778:1:Home:11:public-demo-replay-2026-10-08";"Monaco — Toulouse";"Ligue 1";"Résultat du match";"Monaco gagne";"1.64";"1xBet";"4";"7";"recent_results | standing";"2";"5";"Non"
"2208";"football:1552778:1:Home:2:public-demo-replay-2026-10-08";"Monaco — Toulouse";"Ligue 1";"Résultat du match";"Monaco gagne";"1.6";"Marathonbet";"4";"7";"recent_results | standing";"2";"5";"Non"
"2209";"football:1552778:1:Home:3:public-demo-replay-2026-10-08";"Monaco — Toulouse";"Ligue 1";"Résultat du match";"Monaco gagne";"1.6";"Betfair";"4";"7";"recent_results | standing";"2";"5";"Non"
"2210";"football:1552778:1:Home:32:public-demo-replay-2026-10-08";"Monaco — Toulouse";"Ligue 1";"Résultat du match";"Monaco gagne";"1.65";"Betano";"4";"7";"recent_results | standing";"2";"5";"Non"
"2211";"football:1552778:1:Home:36:public-demo-replay-2026-10-08";"Monaco — Toulouse";"Ligue 1";"Résultat du match";"Monaco gagne";"1.55";"BetVictor";"4";"7";"recent_results | standing";"2";"5";"Non"
"2212";"football:1552778:1:Home:4:public-demo-replay-2026-10-08";"Monaco — Toulouse";"Ligue 1";"Résultat du match";"Monaco gagne";"1.6";"Pinnacle";"4";"7";"recent_results | standing";"2";"5";"Non"
"2213";"football:1552778:1:Home:5:public-demo-replay-2026-10-08";"Monaco — Toulouse";"Ligue 1";"Résultat du match";"Monaco gagne";"1.54";"SBO";"4";"7";"recent_results | standing";"2";"5";"Non"
"2214";"football:1552778:1:Home:7:public-demo-replay-2026-10-08";"Monaco — Toulouse";"Ligue 1";"Résultat du match";"Monaco gagne";"1.6";"William Hill";"4";"7";"recent_results | standing";"2";"5";"Non"
"2215";"football:1552778:1:Home:8:public-demo-replay-2026-10-08";"Monaco — Toulouse";"Ligue 1";"Résultat du match";"Monaco gagne";"1.6";"Bet365";"4";"7";"recent_results | standing";"2";"5";"Non"
"2216";"football:1552778:12:Home/Draw:11:public-demo-replay-2026-10-08";"Monaco — Toulouse";"Ligue 1";"Double chance";"Monaco ou nul";"1.19";"1xBet";"4";"7";"recent_results | standing";"2";"5";"Non"
"2217";"football:1552778:12:Home/Draw:2:public-demo-replay-2026-10-08";"Monaco — Toulouse";"Ligue 1";"Double chance";"Monaco ou nul";"1.17";"Marathonbet";"4";"7";"recent_results | standing";"2";"5";"Non"
"2218";"football:1552778:12:Home/Draw:3:public-demo-replay-2026-10-08";"Monaco — Toulouse";"Ligue 1";"Double chance";"Monaco ou nul";"1.13";"Betfair";"4";"7";"recent_results | standing";"2";"5";"Non"
"2219";"football:1552778:12:Home/Draw:32:public-demo-replay-2026-10-08";"Monaco — Toulouse";"Ligue 1";"Double chance";"Monaco ou nul";"1.2";"Betano";"4";"7";"recent_results | standing";"2";"5";"Non"
"2220";"football:1552778:12:Home/Draw:36:public-demo-replay-2026-10-08";"Monaco — Toulouse";"Ligue 1";"Double chance";"Monaco ou nul";"1.17";"BetVictor";"4";"7";"recent_results | standing";"2";"5";"Non"
"2221";"football:1552778:12:Home/Draw:5:public-demo-replay-2026-10-08";"Monaco — Toulouse";"Ligue 1";"Double chance";"Monaco ou nul";"1.12";"SBO";"4";"7";"recent_results | standing";"2";"5";"Non"
"2222";"football:1552778:12:Home/Draw:7:public-demo-replay-2026-10-08";"Monaco — Toulouse";"Ligue 1";"Double chance";"Monaco ou nul";"1.18";"William Hill";"4";"7";"recent_results | standing";"2";"5";"Non"
"2223";"football:1552778:12:Home/Draw:8:public-demo-replay-2026-10-08";"Monaco — Toulouse";"Ligue 1";"Double chance";"Monaco ou nul";"1.14";"Bet365";"4";"7";"recent_results | standing";"2";"5";"Non"
"2224";"football:1558651:1:Away:11:public-demo-replay-2026-10-08";"Zulte Waregem — Gent";"Jupiler Pro League";"Résultat du match";"Gent gagne";"2.44";"1xBet";"3";"6";"recent_results | standing";"1";"5";"Non"
"2225";"football:1558651:1:Away:2:public-demo-replay-2026-10-08";"Zulte Waregem — Gent";"Jupiler Pro League";"Résultat du match";"Gent gagne";"2.38";"Marathonbet";"3";"6";"recent_results | standing";"1";"5";"Non"
"2226";"football:1558651:1:Away:3:public-demo-replay-2026-10-08";"Zulte Waregem — Gent";"Jupiler Pro League";"Résultat du match";"Gent gagne";"2.3";"Betfair";"3";"6";"recent_results | standing";"1";"5";"Non"
"2227";"football:1558651:1:Away:32:public-demo-replay-2026-10-08";"Zulte Waregem — Gent";"Jupiler Pro League";"Résultat du match";"Gent gagne";"2.47";"Betano";"3";"6";"recent_results | standing";"1";"5";"Non"
"2228";"football:1558651:1:Away:36:public-demo-replay-2026-10-08";"Zulte Waregem — Gent";"Jupiler Pro League";"Résultat du match";"Gent gagne";"2.4";"BetVictor";"3";"6";"recent_results | standing";"1";"5";"Non"
"2229";"football:1558651:1:Away:4:public-demo-replay-2026-10-08";"Zulte Waregem — Gent";"Jupiler Pro League";"Résultat du match";"Gent gagne";"2.5";"Pinnacle";"3";"6";"recent_results | standing";"1";"5";"Non"
"2230";"football:1558651:1:Away:5:public-demo-replay-2026-10-08";"Zulte Waregem — Gent";"Jupiler Pro League";"Résultat du match";"Gent gagne";"2.3";"SBO";"3";"6";"recent_results | standing";"1";"5";"Non"
"2231";"football:1558651:1:Away:7:public-demo-replay-2026-10-08";"Zulte Waregem — Gent";"Jupiler Pro League";"Résultat du match";"Gent gagne";"2.4";"William Hill";"3";"6";"recent_results | standing";"1";"5";"Non"
"2232";"football:1558651:1:Away:8:public-demo-replay-2026-10-08";"Zulte Waregem — Gent";"Jupiler Pro League";"Résultat du match";"Gent gagne";"2.35";"Bet365";"3";"6";"recent_results | standing";"1";"5";"Non"
"2233";"football:1558651:12:Draw/Away:11:public-demo-replay-2026-10-08";"Zulte Waregem — Gent";"Jupiler Pro League";"Double chance";"Gent ou nul";"1.42";"1xBet";"3";"6";"recent_results | standing";"1";"5";"Non"
"2234";"football:1558651:12:Draw/Away:2:public-demo-replay-2026-10-08";"Zulte Waregem — Gent";"Jupiler Pro League";"Double chance";"Gent ou nul";"1.4";"Marathonbet";"3";"6";"recent_results | standing";"1";"5";"Non"
"2235";"football:1558651:12:Draw/Away:3:public-demo-replay-2026-10-08";"Zulte Waregem — Gent";"Jupiler Pro League";"Double chance";"Gent ou nul";"1.36";"Betfair";"3";"6";"recent_results | standing";"1";"5";"Non"
"2236";"football:1558651:12:Draw/Away:32:public-demo-replay-2026-10-08";"Zulte Waregem — Gent";"Jupiler Pro League";"Double chance";"Gent ou nul";"1.45";"Betano";"3";"6";"recent_results | standing";"1";"5";"Non"
"2237";"football:1558651:12:Draw/Away:36:public-demo-replay-2026-10-08";"Zulte Waregem — Gent";"Jupiler Pro League";"Double chance";"Gent ou nul";"1.4";"BetVictor";"3";"6";"recent_results | standing";"1";"5";"Non"
"2238";"football:1558651:12:Draw/Away:5:public-demo-replay-2026-10-08";"Zulte Waregem — Gent";"Jupiler Pro League";"Double chance";"Gent ou nul";"1.37";"SBO";"3";"6";"recent_results | standing";"1";"5";"Non"
"2239";"football:1558651:12:Draw/Away:7:public-demo-replay-2026-10-08";"Zulte Waregem — Gent";"Jupiler Pro League";"Double chance";"Gent ou nul";"1.4";"William Hill";"3";"6";"recent_results | standing";"1";"5";"Non"
"2240";"football:1558651:12:Draw/Away:8:public-demo-replay-2026-10-08";"Zulte Waregem — Gent";"Jupiler Pro League";"Double chance";"Gent ou nul";"1.36";"Bet365";"3";"6";"recent_results | standing";"1";"5";"Non"
"2241";"football:1601545:1:Home:11:public-demo-replay-2026-10-08";"Benevento — Cesena";"Serie B";"Résultat du match";"Benevento gagne";"1.86";"1xBet";"1";"2";"recent_results";"0";"5";"Non"
"2242";"football:1601545:1:Home:2:public-demo-replay-2026-10-08";"Benevento — Cesena";"Serie B";"Résultat du match";"Benevento gagne";"1.84";"Marathonbet";"1";"2";"recent_results";"0";"5";"Non"
"2243";"football:1601545:1:Home:3:public-demo-replay-2026-10-08";"Benevento — Cesena";"Serie B";"Résultat du match";"Benevento gagne";"1.85";"Betfair";"1";"2";"recent_results";"0";"5";"Non"
"2244";"football:1601545:1:Home:32:public-demo-replay-2026-10-08";"Benevento — Cesena";"Serie B";"Résultat du match";"Benevento gagne";"1.91";"Betano";"1";"2";"recent_results";"0";"5";"Non"
"2245";"football:1601545:1:Home:36:public-demo-replay-2026-10-08";"Benevento — Cesena";"Serie B";"Résultat du match";"Benevento gagne";"1.87";"BetVictor";"1";"2";"recent_results";"0";"5";"Non"
"2246";"football:1601545:1:Home:4:public-demo-replay-2026-10-08";"Benevento — Cesena";"Serie B";"Résultat du match";"Benevento gagne";"1.92";"Pinnacle";"1";"2";"recent_results";"0";"5";"Non"
"2247";"football:1601545:1:Home:5:public-demo-replay-2026-10-08";"Benevento — Cesena";"Serie B";"Résultat du match";"Benevento gagne";"1.91";"SBO";"1";"2";"recent_results";"0";"5";"Non"
"2248";"football:1601545:1:Home:7:public-demo-replay-2026-10-08";"Benevento — Cesena";"Serie B";"Résultat du match";"Benevento gagne";"1.85";"William Hill";"1";"2";"recent_results";"0";"5";"Non"
"2249";"football:1601545:1:Home:8:public-demo-replay-2026-10-08";"Benevento — Cesena";"Serie B";"Résultat du match";"Benevento gagne";"1.8";"Bet365";"1";"2";"recent_results";"0";"5";"Non"
"2250";"football:1601545:12:Home/Draw:11:public-demo-replay-2026-10-08";"Benevento — Cesena";"Serie B";"Double chance";"Benevento ou nul";"1.22";"1xBet";"1";"2";"recent_results";"0";"5";"Non"
"2251";"football:1601545:12:Home/Draw:2:public-demo-replay-2026-10-08";"Benevento — Cesena";"Serie B";"Double chance";"Benevento ou nul";"1.22";"Marathonbet";"1";"2";"recent_results";"0";"5";"Non"
"2252";"football:1601545:12:Home/Draw:3:public-demo-replay-2026-10-08";"Benevento — Cesena";"Serie B";"Double chance";"Benevento ou nul";"1.22";"Betfair";"1";"2";"recent_results";"0";"5";"Non"
"2253";"football:1601545:12:Home/Draw:32:public-demo-replay-2026-10-08";"Benevento — Cesena";"Serie B";"Double chance";"Benevento ou nul";"1.25";"Betano";"1";"2";"recent_results";"0";"5";"Non"
"2254";"football:1601545:12:Home/Draw:36:public-demo-replay-2026-10-08";"Benevento — Cesena";"Serie B";"Double chance";"Benevento ou nul";"1.25";"BetVictor";"1";"2";"recent_results";"0";"5";"Non"
"2255";"football:1601545:12:Home/Draw:5:public-demo-replay-2026-10-08";"Benevento — Cesena";"Serie B";"Double chance";"Benevento ou nul";"1.19";"SBO";"1";"2";"recent_results";"0";"5";"Non"
"2256";"football:1601545:12:Home/Draw:7:public-demo-replay-2026-10-08";"Benevento — Cesena";"Serie B";"Double chance";"Benevento ou nul";"1.22";"William Hill";"1";"2";"recent_results";"0";"5";"Non"
"2257";"football:1601545:12:Home/Draw:8:public-demo-replay-2026-10-08";"Benevento — Cesena";"Serie B";"Double chance";"Benevento ou nul";"1.22";"Bet365";"1";"2";"recent_results";"0";"5";"Non"
"2258";"football:1575180:1:Away:11:public-demo-replay-2026-10-08";"FC Augsburg — Bayern München";"Bundesliga";"Résultat du match";"Bayern München gagne";"1.21";"1xBet";"1";"2";"standing";"0";"5";"Non"
"2259";"football:1575180:1:Away:2:public-demo-replay-2026-10-08";"FC Augsburg — Bayern München";"Bundesliga";"Résultat du match";"Bayern München gagne";"1.19";"Marathonbet";"1";"2";"standing";"0";"5";"Non"
"2260";"football:1575180:1:Away:3:public-demo-replay-2026-10-08";"FC Augsburg — Bayern München";"Bundesliga";"Résultat du match";"Bayern München gagne";"1.18";"Betfair";"1";"2";"standing";"0";"5";"Non"
"2261";"football:1575180:1:Away:32:public-demo-replay-2026-10-08";"FC Augsburg — Bayern München";"Bundesliga";"Résultat du match";"Bayern München gagne";"1.22";"Betano";"1";"2";"standing";"0";"5";"Non"
"2262";"football:1575180:1:Away:36:public-demo-replay-2026-10-08";"FC Augsburg — Bayern München";"Bundesliga";"Résultat du match";"Bayern München gagne";"1.15";"BetVictor";"1";"2";"standing";"0";"5";"Non"
"2263";"football:1575180:1:Away:4:public-demo-replay-2026-10-08";"FC Augsburg — Bayern München";"Bundesliga";"Résultat du match";"Bayern München gagne";"1.2";"Pinnacle";"1";"2";"standing";"0";"5";"Non"
"2264";"football:1575180:1:Away:5:public-demo-replay-2026-10-08";"FC Augsburg — Bayern München";"Bundesliga";"Résultat du match";"Bayern München gagne";"1.17";"SBO";"1";"2";"standing";"0";"5";"Non"
"2265";"football:1575180:1:Away:7:public-demo-replay-2026-10-08";"FC Augsburg — Bayern München";"Bundesliga";"Résultat du match";"Bayern München gagne";"1.18";"William Hill";"1";"2";"standing";"0";"5";"Non"
"2266";"football:1575180:1:Away:8:public-demo-replay-2026-10-08";"FC Augsburg — Bayern München";"Bundesliga";"Résultat du match";"Bayern München gagne";"1.18";"Bet365";"1";"2";"standing";"0";"5";"Non"
"2267";"football:1575180:12:Draw/Away:11:public-demo-replay-2026-10-08";"FC Augsburg — Bayern München";"Bundesliga";"Double chance";"Bayern München ou nul";"1.06";"1xBet";"1";"2";"standing";"0";"5";"Non"
"2268";"football:1575180:12:Draw/Away:2:public-demo-replay-2026-10-08";"FC Augsburg — Bayern München";"Bundesliga";"Double chance";"Bayern München ou nul";"1.05";"Marathonbet";"1";"2";"standing";"0";"5";"Non"
"2269";"football:1575180:12:Draw/Away:3:public-demo-replay-2026-10-08";"FC Augsburg — Bayern München";"Bundesliga";"Double chance";"Bayern München ou nul";"1.03";"Betfair";"1";"2";"standing";"0";"5";"Non"
"2270";"football:1575180:12:Draw/Away:32:public-demo-replay-2026-10-08";"FC Augsburg — Bayern München";"Bundesliga";"Double chance";"Bayern München ou nul";"1.07";"Betano";"1";"2";"standing";"0";"5";"Non"
"2271";"football:1575180:12:Draw/Away:36:public-demo-replay-2026-10-08";"FC Augsburg — Bayern München";"Bundesliga";"Double chance";"Bayern München ou nul";"1.04";"BetVictor";"1";"2";"standing";"0";"5";"Non"
"2272";"football:1575180:12:Draw/Away:5:public-demo-replay-2026-10-08";"FC Augsburg — Bayern München";"Bundesliga";"Double chance";"Bayern München ou nul";"1.02";"SBO";"1";"2";"standing";"0";"5";"Non"
"2273";"football:1575180:12:Draw/Away:7:public-demo-replay-2026-10-08";"FC Augsburg — Bayern München";"Bundesliga";"Double chance";"Bayern München ou nul";"1.05";"William Hill";"1";"2";"standing";"0";"5";"Non"
"2274";"football:1575180:12:Draw/Away:8:public-demo-replay-2026-10-08";"FC Augsburg — Bayern München";"Bundesliga";"Double chance";"Bayern München ou nul";"1.05";"Bet365";"1";"2";"standing";"0";"5";"Non"
"2275";"football:1575182:1:Away:11:public-demo-replay-2026-10-08";"Union Berlin — SV Elversberg";"Bundesliga";"Résultat du match";"SV Elversberg gagne";"3.07";"1xBet";"1";"2";"standing";"0";"5";"Non"
"2276";"football:1575182:1:Away:2:public-demo-replay-2026-10-08";"Union Berlin — SV Elversberg";"Bundesliga";"Résultat du match";"SV Elversberg gagne";"2.99";"Marathonbet";"1";"2";"standing";"0";"5";"Non"
"2277";"football:1575182:1:Away:3:public-demo-replay-2026-10-08";"Union Berlin — SV Elversberg";"Bundesliga";"Résultat du match";"SV Elversberg gagne";"2.9";"Betfair";"1";"2";"standing";"0";"5";"Non"
"2278";"football:1575182:1:Away:32:public-demo-replay-2026-10-08";"Union Berlin — SV Elversberg";"Bundesliga";"Résultat du match";"SV Elversberg gagne";"2.82";"Betano";"1";"2";"standing";"0";"5";"Non"
"2279";"football:1575182:1:Away:36:public-demo-replay-2026-10-08";"Union Berlin — SV Elversberg";"Bundesliga";"Résultat du match";"SV Elversberg gagne";"2.7";"BetVictor";"1";"2";"standing";"0";"5";"Non"
"2280";"football:1575182:1:Away:4:public-demo-replay-2026-10-08";"Union Berlin — SV Elversberg";"Bundesliga";"Résultat du match";"SV Elversberg gagne";"2.87";"Pinnacle";"1";"2";"standing";"0";"5";"Non"
"2281";"football:1575182:1:Away:5:public-demo-replay-2026-10-08";"Union Berlin — SV Elversberg";"Bundesliga";"Résultat du match";"SV Elversberg gagne";"2.54";"SBO";"1";"2";"standing";"0";"5";"Non"
"2282";"football:1575182:1:Away:7:public-demo-replay-2026-10-08";"Union Berlin — SV Elversberg";"Bundesliga";"Résultat du match";"SV Elversberg gagne";"2.8";"William Hill";"1";"2";"standing";"0";"5";"Non"
"2283";"football:1575182:1:Away:8:public-demo-replay-2026-10-08";"Union Berlin — SV Elversberg";"Bundesliga";"Résultat du match";"SV Elversberg gagne";"3";"Bet365";"1";"2";"standing";"0";"5";"Non"
"2284";"football:1575182:12:Draw/Away:11:public-demo-replay-2026-10-08";"Union Berlin — SV Elversberg";"Bundesliga";"Double chance";"SV Elversberg ou nul";"1.7";"1xBet";"1";"2";"standing";"0";"5";"Non"
"2285";"football:1575182:12:Draw/Away:2:public-demo-replay-2026-10-08";"Union Berlin — SV Elversberg";"Bundesliga";"Double chance";"SV Elversberg ou nul";"1.69";"Marathonbet";"1";"2";"standing";"0";"5";"Non"
"2286";"football:1575182:12:Draw/Away:3:public-demo-replay-2026-10-08";"Union Berlin — SV Elversberg";"Bundesliga";"Double chance";"SV Elversberg ou nul";"1.62";"Betfair";"1";"2";"standing";"0";"5";"Non"
"2287";"football:1575182:12:Draw/Away:32:public-demo-replay-2026-10-08";"Union Berlin — SV Elversberg";"Bundesliga";"Double chance";"SV Elversberg ou nul";"1.62";"Betano";"1";"2";"standing";"0";"5";"Non"
"2288";"football:1575182:12:Draw/Away:36:public-demo-replay-2026-10-08";"Union Berlin — SV Elversberg";"Bundesliga";"Double chance";"SV Elversberg ou nul";"1.57";"BetVictor";"1";"2";"standing";"0";"5";"Non"
"2289";"football:1575182:12:Draw/Away:5:public-demo-replay-2026-10-08";"Union Berlin — SV Elversberg";"Bundesliga";"Double chance";"SV Elversberg ou nul";"1.58";"SBO";"1";"2";"standing";"0";"5";"Non"
"2290";"football:1575182:12:Draw/Away:7:public-demo-replay-2026-10-08";"Union Berlin — SV Elversberg";"Bundesliga";"Double chance";"SV Elversberg ou nul";"1.62";"William Hill";"1";"2";"standing";"0";"5";"Non"
"2291";"football:1575182:12:Draw/Away:8:public-demo-replay-2026-10-08";"Union Berlin — SV Elversberg";"Bundesliga";"Double chance";"SV Elversberg ou nul";"1.67";"Bet365";"1";"2";"standing";"0";"5";"Non"
"2292";"football:1575184:1:Home:11:public-demo-replay-2026-10-08";"SC Paderborn 07 — VfB Stuttgart";"Bundesliga";"Résultat du match";"SC Paderborn 07 gagne";"5.08";"1xBet";"1";"2";"standing";"0";"5";"Non"
"2293";"football:1575184:1:Home:2:public-demo-replay-2026-10-08";"SC Paderborn 07 — VfB Stuttgart";"Bundesliga";"Résultat du match";"SC Paderborn 07 gagne";"4.95";"Marathonbet";"1";"2";"standing";"0";"5";"Non"
"2294";"football:1575184:1:Home:3:public-demo-replay-2026-10-08";"SC Paderborn 07 — VfB Stuttgart";"Bundesliga";"Résultat du match";"SC Paderborn 07 gagne";"5";"Betfair";"1";"2";"standing";"0";"5";"Non"
"2295";"football:1575184:1:Home:32:public-demo-replay-2026-10-08";"SC Paderborn 07 — VfB Stuttgart";"Bundesliga";"Résultat du match";"SC Paderborn 07 gagne";"4.8";"Betano";"1";"2";"standing";"0";"5";"Non"
"2296";"football:1575184:1:Home:36:public-demo-replay-2026-10-08";"SC Paderborn 07 — VfB Stuttgart";"Bundesliga";"Résultat du match";"SC Paderborn 07 gagne";"4.6";"BetVictor";"1";"2";"standing";"0";"5";"Non"
"2297";"football:1575184:1:Home:4:public-demo-replay-2026-10-08";"SC Paderborn 07 — VfB Stuttgart";"Bundesliga";"Résultat du match";"SC Paderborn 07 gagne";"5.03";"Pinnacle";"1";"2";"standing";"0";"5";"Non"
"2298";"football:1575184:1:Home:5:public-demo-replay-2026-10-08";"SC Paderborn 07 — VfB Stuttgart";"Bundesliga";"Résultat du match";"SC Paderborn 07 gagne";"4.39";"SBO";"1";"2";"standing";"0";"5";"Non"
"2299";"football:1575184:1:Home:7:public-demo-replay-2026-10-08";"SC Paderborn 07 — VfB Stuttgart";"Bundesliga";"Résultat du match";"SC Paderborn 07 gagne";"4.6";"William Hill";"1";"2";"standing";"0";"5";"Non"
"2300";"football:1575184:1:Home:8:public-demo-replay-2026-10-08";"SC Paderborn 07 — VfB Stuttgart";"Bundesliga";"Résultat du match";"SC Paderborn 07 gagne";"5";"Bet365";"1";"2";"standing";"0";"5";"Non"
"2301";"football:1575184:12:Home/Draw:11:public-demo-replay-2026-10-08";"SC Paderborn 07 — VfB Stuttgart";"Bundesliga";"Double chance";"SC Paderborn 07 ou nul";"2.42";"1xBet";"1";"2";"standing";"0";"5";"Non"
"2302";"football:1575184:12:Home/Draw:2:public-demo-replay-2026-10-08";"SC Paderborn 07 — VfB Stuttgart";"Bundesliga";"Double chance";"SC Paderborn 07 ou nul";"2.42";"Marathonbet";"1";"2";"standing";"0";"5";"Non"
"2303";"football:1575184:12:Home/Draw:3:public-demo-replay-2026-10-08";"SC Paderborn 07 — VfB Stuttgart";"Bundesliga";"Double chance";"SC Paderborn 07 ou nul";"2.3";"Betfair";"1";"2";"standing";"0";"5";"Non"
"2304";"football:1575184:12:Home/Draw:32:public-demo-replay-2026-10-08";"SC Paderborn 07 — VfB Stuttgart";"Bundesliga";"Double chance";"SC Paderborn 07 ou nul";"2.35";"Betano";"1";"2";"standing";"0";"5";"Non"
"2305";"football:1575184:12:Home/Draw:36:public-demo-replay-2026-10-08";"SC Paderborn 07 — VfB Stuttgart";"Bundesliga";"Double chance";"SC Paderborn 07 ou nul";"2.3";"BetVictor";"1";"2";"standing";"0";"5";"Non"
"2306";"football:1575184:12:Home/Draw:5:public-demo-replay-2026-10-08";"SC Paderborn 07 — VfB Stuttgart";"Bundesliga";"Double chance";"SC Paderborn 07 ou nul";"2.27";"SBO";"1";"2";"standing";"0";"5";"Non"
"2307";"football:1575184:12:Home/Draw:7:public-demo-replay-2026-10-08";"SC Paderborn 07 — VfB Stuttgart";"Bundesliga";"Double chance";"SC Paderborn 07 ou nul";"2.2";"William Hill";"1";"2";"standing";"0";"5";"Non"
"2308";"football:1575184:12:Home/Draw:8:public-demo-replay-2026-10-08";"SC Paderborn 07 — VfB Stuttgart";"Bundesliga";"Double chance";"SC Paderborn 07 ou nul";"2.3";"Bet365";"1";"2";"standing";"0";"5";"Non"
"2309";"football:1563183:1:Home:11:public-demo-replay-2026-10-08";"Middlesbrough — Wolves";"Championship";"Résultat du match";"Middlesbrough gagne";"2.22";"1xBet";"1";"7";"recent_results";"0";"5";"Non"
"2310";"football:1563183:1:Home:2:public-demo-replay-2026-10-08";"Middlesbrough — Wolves";"Championship";"Résultat du match";"Middlesbrough gagne";"2.2";"Marathonbet";"1";"7";"recent_results";"0";"5";"Non"
"2311";"football:1563183:1:Home:3:public-demo-replay-2026-10-08";"Middlesbrough — Wolves";"Championship";"Résultat du match";"Middlesbrough gagne";"2.2";"Betfair";"1";"7";"recent_results";"0";"5";"Non"
"2312";"football:1563183:1:Home:32:public-demo-replay-2026-10-08";"Middlesbrough — Wolves";"Championship";"Résultat du match";"Middlesbrough gagne";"2.2";"Betano";"1";"7";"recent_results";"0";"5";"Non"
"2313";"football:1563183:1:Home:36:public-demo-replay-2026-10-08";"Middlesbrough — Wolves";"Championship";"Résultat du match";"Middlesbrough gagne";"2.2";"BetVictor";"1";"7";"recent_results";"0";"5";"Non"
"2314";"football:1563183:1:Home:4:public-demo-replay-2026-10-08";"Middlesbrough — Wolves";"Championship";"Résultat du match";"Middlesbrough gagne";"2.28";"Pinnacle";"1";"7";"recent_results";"0";"5";"Non"
"2315";"football:1563183:1:Home:5:public-demo-replay-2026-10-08";"Middlesbrough — Wolves";"Championship";"Résultat du match";"Middlesbrough gagne";"2.12";"SBO";"1";"7";"recent_results";"0";"5";"Non"
"2316";"football:1563183:1:Home:7:public-demo-replay-2026-10-08";"Middlesbrough — Wolves";"Championship";"Résultat du match";"Middlesbrough gagne";"2.25";"William Hill";"1";"7";"recent_results";"0";"5";"Non"
"2317";"football:1563183:1:Home:8:public-demo-replay-2026-10-08";"Middlesbrough — Wolves";"Championship";"Résultat du match";"Middlesbrough gagne";"2.3";"Bet365";"1";"7";"recent_results";"0";"5";"Non"
"2318";"football:1563183:1:Home:9:public-demo-replay-2026-10-08";"Middlesbrough — Wolves";"Championship";"Résultat du match";"Middlesbrough gagne";"2.29";"Dafabet";"1";"7";"recent_results";"0";"5";"Non"
"2319";"football:1563183:12:Home/Draw:11:public-demo-replay-2026-10-08";"Middlesbrough — Wolves";"Championship";"Double chance";"Middlesbrough ou nul";"1.37";"1xBet";"1";"7";"recent_results";"0";"5";"Non"
"2320";"football:1563183:12:Home/Draw:2:public-demo-replay-2026-10-08";"Middlesbrough — Wolves";"Championship";"Double chance";"Middlesbrough ou nul";"1.37";"Marathonbet";"1";"7";"recent_results";"0";"5";"Non"
"2321";"football:1563183:12:Home/Draw:3:public-demo-replay-2026-10-08";"Middlesbrough — Wolves";"Championship";"Double chance";"Middlesbrough ou nul";"1.36";"Betfair";"1";"7";"recent_results";"0";"5";"Non"
"2322";"football:1563183:12:Home/Draw:32:public-demo-replay-2026-10-08";"Middlesbrough — Wolves";"Championship";"Double chance";"Middlesbrough ou nul";"1.42";"Betano";"1";"7";"recent_results";"0";"5";"Non"
"2323";"football:1563183:12:Home/Draw:36:public-demo-replay-2026-10-08";"Middlesbrough — Wolves";"Championship";"Double chance";"Middlesbrough ou nul";"1.36";"BetVictor";"1";"7";"recent_results";"0";"5";"Non"
"2324";"football:1563183:12:Home/Draw:5:public-demo-replay-2026-10-08";"Middlesbrough — Wolves";"Championship";"Double chance";"Middlesbrough ou nul";"1.35";"SBO";"1";"7";"recent_results";"0";"5";"Non"
"2325";"football:1563183:12:Home/Draw:7:public-demo-replay-2026-10-08";"Middlesbrough — Wolves";"Championship";"Double chance";"Middlesbrough ou nul";"1.36";"William Hill";"1";"7";"recent_results";"0";"5";"Non"
"2326";"football:1563183:12:Home/Draw:8:public-demo-replay-2026-10-08";"Middlesbrough — Wolves";"Championship";"Double chance";"Middlesbrough ou nul";"1.4";"Bet365";"1";"7";"recent_results";"0";"5";"Non"
"2327";"football:1561941:1:Away:11:public-demo-replay-2026-10-08";"WSG Wattens — Ried";"Bundesliga";"Résultat du match";"Ried gagne";"2.43";"1xBet";"1";"4";"recent_results";"0";"5";"Non"
"2328";"football:1561941:1:Away:2:public-demo-replay-2026-10-08";"WSG Wattens — Ried";"Bundesliga";"Résultat du match";"Ried gagne";"2.43";"Marathonbet";"1";"4";"recent_results";"0";"5";"Non"
"2329";"football:1561941:1:Away:3:public-demo-replay-2026-10-08";"WSG Wattens — Ried";"Bundesliga";"Résultat du match";"Ried gagne";"2.4";"Betfair";"1";"4";"recent_results";"0";"5";"Non"
"2330";"football:1561941:1:Away:32:public-demo-replay-2026-10-08";"WSG Wattens — Ried";"Bundesliga";"Résultat du match";"Ried gagne";"2.52";"Betano";"1";"4";"recent_results";"0";"5";"Non"
"2331";"football:1561941:1:Away:36:public-demo-replay-2026-10-08";"WSG Wattens — Ried";"Bundesliga";"Résultat du match";"Ried gagne";"2.4";"BetVictor";"1";"4";"recent_results";"0";"5";"Non"
"2332";"football:1561941:1:Away:4:public-demo-replay-2026-10-08";"WSG Wattens — Ried";"Bundesliga";"Résultat du match";"Ried gagne";"2.48";"Pinnacle";"1";"4";"recent_results";"0";"5";"Non"
"2333";"football:1561941:1:Away:5:public-demo-replay-2026-10-08";"WSG Wattens — Ried";"Bundesliga";"Résultat du match";"Ried gagne";"2.32";"SBO";"1";"4";"recent_results";"0";"5";"Non"
"2334";"football:1561941:1:Away:7:public-demo-replay-2026-10-08";"WSG Wattens — Ried";"Bundesliga";"Résultat du match";"Ried gagne";"2.4";"William Hill";"1";"4";"recent_results";"0";"5";"Non"
"2335";"football:1561941:1:Away:8:public-demo-replay-2026-10-08";"WSG Wattens — Ried";"Bundesliga";"Résultat du match";"Ried gagne";"2.4";"Bet365";"1";"4";"recent_results";"0";"5";"Non"
"2336";"football:1561941:12:Draw/Away:11:public-demo-replay-2026-10-08";"WSG Wattens — Ried";"Bundesliga";"Double chance";"Ried ou nul";"1.45";"1xBet";"1";"4";"recent_results";"0";"5";"Non"
"2337";"football:1561941:12:Draw/Away:2:public-demo-replay-2026-10-08";"WSG Wattens — Ried";"Bundesliga";"Double chance";"Ried ou nul";"1.45";"Marathonbet";"1";"4";"recent_results";"0";"5";"Non"
"2338";"football:1561941:12:Draw/Away:3:public-demo-replay-2026-10-08";"WSG Wattens — Ried";"Bundesliga";"Double chance";"Ried ou nul";"1.44";"Betfair";"1";"4";"recent_results";"0";"5";"Non"
"2339";"football:1561941:12:Draw/Away:32:public-demo-replay-2026-10-08";"WSG Wattens — Ried";"Bundesliga";"Double chance";"Ried ou nul";"1.5";"Betano";"1";"4";"recent_results";"0";"5";"Non"
"2340";"football:1561941:12:Draw/Away:36:public-demo-replay-2026-10-08";"WSG Wattens — Ried";"Bundesliga";"Double chance";"Ried ou nul";"1.44";"BetVictor";"1";"4";"recent_results";"0";"5";"Non"
"2341";"football:1561941:12:Draw/Away:5:public-demo-replay-2026-10-08";"WSG Wattens — Ried";"Bundesliga";"Double chance";"Ried ou nul";"1.41";"SBO";"1";"4";"recent_results";"0";"5";"Non"
"2342";"football:1561941:12:Draw/Away:7:public-demo-replay-2026-10-08";"WSG Wattens — Ried";"Bundesliga";"Double chance";"Ried ou nul";"1.44";"William Hill";"1";"4";"recent_results";"0";"5";"Non"
"2343";"football:1561941:12:Draw/Away:8:public-demo-replay-2026-10-08";"WSG Wattens — Ried";"Bundesliga";"Double chance";"Ried ou nul";"1.5";"Bet365";"1";"4";"recent_results";"0";"5";"Non"
"2344";"football:1584428:1:Away:11:public-demo-replay-2026-10-08";"Rizespor — Fenerbahçe";"Süper Lig";"Résultat du match";"Fenerbahçe gagne";"1.75";"1xBet";"1";"2";"recent_results";"0";"5";"Non"
"2345";"football:1584428:1:Away:2:public-demo-replay-2026-10-08";"Rizespor — Fenerbahçe";"Süper Lig";"Résultat du match";"Fenerbahçe gagne";"1.68";"Marathonbet";"1";"2";"recent_results";"0";"5";"Non"
"2346";"football:1584428:1:Away:3:public-demo-replay-2026-10-08";"Rizespor — Fenerbahçe";"Süper Lig";"Résultat du match";"Fenerbahçe gagne";"1.7";"Betfair";"1";"2";"recent_results";"0";"5";"Non"
"2347";"football:1584428:1:Away:32:public-demo-replay-2026-10-08";"Rizespor — Fenerbahçe";"Süper Lig";"Résultat du match";"Fenerbahçe gagne";"1.72";"Betano";"1";"2";"recent_results";"0";"5";"Non"
"2348";"football:1584428:1:Away:36:public-demo-replay-2026-10-08";"Rizespor — Fenerbahçe";"Süper Lig";"Résultat du match";"Fenerbahçe gagne";"1.67";"BetVictor";"1";"2";"recent_results";"0";"5";"Non"
"2349";"football:1584428:1:Away:4:public-demo-replay-2026-10-08";"Rizespor — Fenerbahçe";"Süper Lig";"Résultat du match";"Fenerbahçe gagne";"1.74";"Pinnacle";"1";"2";"recent_results";"0";"5";"Non"
"2350";"football:1584428:1:Away:5:public-demo-replay-2026-10-08";"Rizespor — Fenerbahçe";"Süper Lig";"Résultat du match";"Fenerbahçe gagne";"1.68";"SBO";"1";"2";"recent_results";"0";"5";"Non"
"2351";"football:1584428:1:Away:7:public-demo-replay-2026-10-08";"Rizespor — Fenerbahçe";"Süper Lig";"Résultat du match";"Fenerbahçe gagne";"1.7";"William Hill";"1";"2";"recent_results";"0";"5";"Non"
"2352";"football:1584428:1:Away:8:public-demo-replay-2026-10-08";"Rizespor — Fenerbahçe";"Süper Lig";"Résultat du match";"Fenerbahçe gagne";"1.7";"Bet365";"1";"2";"recent_results";"0";"5";"Non"
"2353";"football:1584428:1:Home:11:public-demo-replay-2026-10-08";"Rizespor — Fenerbahçe";"Süper Lig";"Résultat du match";"Rizespor gagne";"4.58";"1xBet";"1";"2";"recent_results";"0";"5";"Non"
"2354";"football:1584428:1:Home:2:public-demo-replay-2026-10-08";"Rizespor — Fenerbahçe";"Süper Lig";"Résultat du match";"Rizespor gagne";"4.4";"Marathonbet";"1";"2";"recent_results";"0";"5";"Non"
"2355";"football:1584428:1:Home:3:public-demo-replay-2026-10-08";"Rizespor — Fenerbahçe";"Süper Lig";"Résultat du match";"Rizespor gagne";"4.33";"Betfair";"1";"2";"recent_results";"0";"5";"Non"
"2356";"football:1584428:1:Home:32:public-demo-replay-2026-10-08";"Rizespor — Fenerbahçe";"Süper Lig";"Résultat du match";"Rizespor gagne";"4.45";"Betano";"1";"2";"recent_results";"0";"5";"Non"
"2357";"football:1584428:1:Home:36:public-demo-replay-2026-10-08";"Rizespor — Fenerbahçe";"Süper Lig";"Résultat du match";"Rizespor gagne";"4.33";"BetVictor";"1";"2";"recent_results";"0";"5";"Non"
"2358";"football:1584428:1:Home:4:public-demo-replay-2026-10-08";"Rizespor — Fenerbahçe";"Süper Lig";"Résultat du match";"Rizespor gagne";"4.34";"Pinnacle";"1";"2";"recent_results";"0";"5";"Non"
"2359";"football:1584428:1:Home:5:public-demo-replay-2026-10-08";"Rizespor — Fenerbahçe";"Süper Lig";"Résultat du match";"Rizespor gagne";"4.02";"SBO";"1";"2";"recent_results";"0";"5";"Non"
"2360";"football:1584428:1:Home:7:public-demo-replay-2026-10-08";"Rizespor — Fenerbahçe";"Süper Lig";"Résultat du match";"Rizespor gagne";"4.2";"William Hill";"1";"2";"recent_results";"0";"5";"Non"
"2361";"football:1584428:1:Home:8:public-demo-replay-2026-10-08";"Rizespor — Fenerbahçe";"Süper Lig";"Résultat du match";"Rizespor gagne";"4.5";"Bet365";"1";"2";"recent_results";"0";"5";"Non"
"2362";"football:1584428:12:Draw/Away:11:public-demo-replay-2026-10-08";"Rizespor — Fenerbahçe";"Süper Lig";"Double chance";"Fenerbahçe ou nul";"1.22";"1xBet";"1";"2";"recent_results";"0";"5";"Non"
"2363";"football:1584428:12:Draw/Away:2:public-demo-replay-2026-10-08";"Rizespor — Fenerbahçe";"Süper Lig";"Double chance";"Fenerbahçe ou nul";"1.18";"Marathonbet";"1";"2";"recent_results";"0";"5";"Non"
"2364";"football:1584428:12:Draw/Away:3:public-demo-replay-2026-10-08";"Rizespor — Fenerbahçe";"Süper Lig";"Double chance";"Fenerbahçe ou nul";"1.2";"Betfair";"1";"2";"recent_results";"0";"5";"Non"
"2365";"football:1584428:12:Draw/Away:32:public-demo-replay-2026-10-08";"Rizespor — Fenerbahçe";"Süper Lig";"Double chance";"Fenerbahçe ou nul";"1.22";"Betano";"1";"2";"recent_results";"0";"5";"Non"
"2366";"football:1584428:12:Draw/Away:36:public-demo-replay-2026-10-08";"Rizespor — Fenerbahçe";"Süper Lig";"Double chance";"Fenerbahçe ou nul";"1.2";"BetVictor";"1";"2";"recent_results";"0";"5";"Non"
"2367";"football:1584428:12:Draw/Away:5:public-demo-replay-2026-10-08";"Rizespor — Fenerbahçe";"Süper Lig";"Double chance";"Fenerbahçe ou nul";"1.13";"SBO";"1";"2";"recent_results";"0";"5";"Non"
"2368";"football:1584428:12:Draw/Away:7:public-demo-replay-2026-10-08";"Rizespor — Fenerbahçe";"Süper Lig";"Double chance";"Fenerbahçe ou nul";"1.2";"William Hill";"1";"2";"recent_results";"0";"5";"Non"
"2369";"football:1584428:12:Draw/Away:8:public-demo-replay-2026-10-08";"Rizespor — Fenerbahçe";"Süper Lig";"Double chance";"Fenerbahçe ou nul";"1.18";"Bet365";"1";"2";"recent_results";"0";"5";"Non"
"2370";"football:1584428:12:Home/Draw:11:public-demo-replay-2026-10-08";"Rizespor — Fenerbahçe";"Süper Lig";"Double chance";"Rizespor ou nul";"2.15";"1xBet";"1";"2";"recent_results";"0";"5";"Non"
"2371";"football:1584428:12:Home/Draw:2:public-demo-replay-2026-10-08";"Rizespor — Fenerbahçe";"Süper Lig";"Double chance";"Rizespor ou nul";"2.09";"Marathonbet";"1";"2";"recent_results";"0";"5";"Non"
"2372";"football:1584428:12:Home/Draw:3:public-demo-replay-2026-10-08";"Rizespor — Fenerbahçe";"Süper Lig";"Double chance";"Rizespor ou nul";"2.1";"Betfair";"1";"2";"recent_results";"0";"5";"Non"
"2373";"football:1584428:12:Home/Draw:32:public-demo-replay-2026-10-08";"Rizespor — Fenerbahçe";"Süper Lig";"Double chance";"Rizespor ou nul";"2.15";"Betano";"1";"2";"recent_results";"0";"5";"Non"
"2374";"football:1584428:12:Home/Draw:36:public-demo-replay-2026-10-08";"Rizespor — Fenerbahçe";"Süper Lig";"Double chance";"Rizespor ou nul";"2.05";"BetVictor";"1";"2";"recent_results";"0";"5";"Non"
"2375";"football:1584428:12:Home/Draw:5:public-demo-replay-2026-10-08";"Rizespor — Fenerbahçe";"Süper Lig";"Double chance";"Rizespor ou nul";"2.15";"SBO";"1";"2";"recent_results";"0";"5";"Non"
"2376";"football:1584428:12:Home/Draw:7:public-demo-replay-2026-10-08";"Rizespor — Fenerbahçe";"Süper Lig";"Double chance";"Rizespor ou nul";"2.05";"William Hill";"1";"2";"recent_results";"0";"5";"Non"
"2377";"football:1584428:12:Home/Draw:8:public-demo-replay-2026-10-08";"Rizespor — Fenerbahçe";"Süper Lig";"Double chance";"Rizespor ou nul";"2.1";"Bet365";"1";"2";"recent_results";"0";"5";"Non"
"2378";"football:1575177:1:Home:11:public-demo-replay-2026-10-08";"RB Leipzig — Eintracht Frankfurt";"Bundesliga";"Résultat du match";"RB Leipzig gagne";"1.58";"1xBet";"1";"2";"standing";"0";"5";"Non"
"2379";"football:1575177:1:Home:2:public-demo-replay-2026-10-08";"RB Leipzig — Eintracht Frankfurt";"Bundesliga";"Résultat du match";"RB Leipzig gagne";"1.54";"Marathonbet";"1";"2";"standing";"0";"5";"Non"
"2380";"football:1575177:1:Home:3:public-demo-replay-2026-10-08";"RB Leipzig — Eintracht Frankfurt";"Bundesliga";"Résultat du match";"RB Leipzig gagne";"1.53";"Betfair";"1";"2";"standing";"0";"5";"Non"
"2381";"football:1575177:1:Home:32:public-demo-replay-2026-10-08";"RB Leipzig — Eintracht Frankfurt";"Bundesliga";"Résultat du match";"RB Leipzig gagne";"1.55";"Betano";"1";"2";"standing";"0";"5";"Non"
"2382";"football:1575177:1:Home:36:public-demo-replay-2026-10-08";"RB Leipzig — Eintracht Frankfurt";"Bundesliga";"Résultat du match";"RB Leipzig gagne";"1.5";"BetVictor";"1";"2";"standing";"0";"5";"Non"
"2383";"football:1575177:1:Home:4:public-demo-replay-2026-10-08";"RB Leipzig — Eintracht Frankfurt";"Bundesliga";"Résultat du match";"RB Leipzig gagne";"1.57";"Pinnacle";"1";"2";"standing";"0";"5";"Non"
"2384";"football:1575177:1:Home:5:public-demo-replay-2026-10-08";"RB Leipzig — Eintracht Frankfurt";"Bundesliga";"Résultat du match";"RB Leipzig gagne";"1.49";"SBO";"1";"2";"standing";"0";"5";"Non"
"2385";"football:1575177:1:Home:7:public-demo-replay-2026-10-08";"RB Leipzig — Eintracht Frankfurt";"Bundesliga";"Résultat du match";"RB Leipzig gagne";"1.5";"William Hill";"1";"2";"standing";"0";"5";"Non"
"2386";"football:1575177:1:Home:8:public-demo-replay-2026-10-08";"RB Leipzig — Eintracht Frankfurt";"Bundesliga";"Résultat du match";"RB Leipzig gagne";"1.55";"Bet365";"1";"2";"standing";"0";"5";"Non"
"2387";"football:1575177:12:Home/Draw:11:public-demo-replay-2026-10-08";"RB Leipzig — Eintracht Frankfurt";"Bundesliga";"Double chance";"RB Leipzig ou nul";"1.2";"1xBet";"1";"2";"standing";"0";"5";"Non"
"2388";"football:1575177:12:Home/Draw:2:public-demo-replay-2026-10-08";"RB Leipzig — Eintracht Frankfurt";"Bundesliga";"Double chance";"RB Leipzig ou nul";"1.18";"Marathonbet";"1";"2";"standing";"0";"5";"Non"
"2389";"football:1575177:12:Home/Draw:3:public-demo-replay-2026-10-08";"RB Leipzig — Eintracht Frankfurt";"Bundesliga";"Double chance";"RB Leipzig ou nul";"1.14";"Betfair";"1";"2";"standing";"0";"5";"Non"
"2390";"football:1575177:12:Home/Draw:32:public-demo-replay-2026-10-08";"RB Leipzig — Eintracht Frankfurt";"Bundesliga";"Double chance";"RB Leipzig ou nul";"1.19";"Betano";"1";"2";"standing";"0";"5";"Non"
"2391";"football:1575177:12:Home/Draw:36:public-demo-replay-2026-10-08";"RB Leipzig — Eintracht Frankfurt";"Bundesliga";"Double chance";"RB Leipzig ou nul";"1.18";"BetVictor";"1";"2";"standing";"0";"5";"Non"
"2392";"football:1575177:12:Home/Draw:5:public-demo-replay-2026-10-08";"RB Leipzig — Eintracht Frankfurt";"Bundesliga";"Double chance";"RB Leipzig ou nul";"1.14";"SBO";"1";"2";"standing";"0";"5";"Non"
"2393";"football:1575177:12:Home/Draw:7:public-demo-replay-2026-10-08";"RB Leipzig — Eintracht Frankfurt";"Bundesliga";"Double chance";"RB Leipzig ou nul";"1.18";"William Hill";"1";"2";"standing";"0";"5";"Non"
"2394";"football:1575177:12:Home/Draw:8:public-demo-replay-2026-10-08";"RB Leipzig — Eintracht Frankfurt";"Bundesliga";"Double chance";"RB Leipzig ou nul";"1.17";"Bet365";"1";"2";"standing";"0";"5";"Non"
"2395";"football:1563183:1:Away:11:public-demo-replay-2026-10-08";"Middlesbrough — Wolves";"Championship";"Résultat du match";"Wolves gagne";"2.93";"1xBet";"2";"6";"recent_results";"1";"5";"Non"
"2396";"football:1563183:1:Away:2:public-demo-replay-2026-10-08";"Middlesbrough — Wolves";"Championship";"Résultat du match";"Wolves gagne";"2.92";"Marathonbet";"2";"6";"recent_results";"1";"5";"Non"
"2397";"football:1563183:1:Away:3:public-demo-replay-2026-10-08";"Middlesbrough — Wolves";"Championship";"Résultat du match";"Wolves gagne";"2.88";"Betfair";"2";"6";"recent_results";"1";"5";"Non"
"2398";"football:1563183:1:Away:32:public-demo-replay-2026-10-08";"Middlesbrough — Wolves";"Championship";"Résultat du match";"Wolves gagne";"3";"Betano";"2";"6";"recent_results";"1";"5";"Non"
"2399";"football:1563183:1:Away:36:public-demo-replay-2026-10-08";"Middlesbrough — Wolves";"Championship";"Résultat du match";"Wolves gagne";"2.8";"BetVictor";"2";"6";"recent_results";"1";"5";"Non"
"2400";"football:1563183:1:Away:4:public-demo-replay-2026-10-08";"Middlesbrough — Wolves";"Championship";"Résultat du match";"Wolves gagne";"2.97";"Pinnacle";"2";"6";"recent_results";"1";"5";"Non"
"2401";"football:1563183:1:Away:5:public-demo-replay-2026-10-08";"Middlesbrough — Wolves";"Championship";"Résultat du match";"Wolves gagne";"2.7";"SBO";"2";"6";"recent_results";"1";"5";"Non"
"2402";"football:1563183:1:Away:7:public-demo-replay-2026-10-08";"Middlesbrough — Wolves";"Championship";"Résultat du match";"Wolves gagne";"2.9";"William Hill";"2";"6";"recent_results";"1";"5";"Non"
"2403";"football:1563183:1:Away:8:public-demo-replay-2026-10-08";"Middlesbrough — Wolves";"Championship";"Résultat du match";"Wolves gagne";"2.88";"Bet365";"2";"6";"recent_results";"1";"5";"Non"
"2404";"football:1563183:1:Away:9:public-demo-replay-2026-10-08";"Middlesbrough — Wolves";"Championship";"Résultat du match";"Wolves gagne";"2.95";"Dafabet";"2";"6";"recent_results";"1";"5";"Non"
"2405";"football:1563183:12:Draw/Away:11:public-demo-replay-2026-10-08";"Middlesbrough — Wolves";"Championship";"Double chance";"Wolves ou nul";"1.62";"1xBet";"2";"6";"recent_results";"1";"5";"Non"
"2406";"football:1563183:12:Draw/Away:2:public-demo-replay-2026-10-08";"Middlesbrough — Wolves";"Championship";"Double chance";"Wolves ou nul";"1.62";"Marathonbet";"2";"6";"recent_results";"1";"5";"Non"
"2407";"football:1563183:12:Draw/Away:3:public-demo-replay-2026-10-08";"Middlesbrough — Wolves";"Championship";"Double chance";"Wolves ou nul";"1.57";"Betfair";"2";"6";"recent_results";"1";"5";"Non"
"2408";"football:1563183:12:Draw/Away:32:public-demo-replay-2026-10-08";"Middlesbrough — Wolves";"Championship";"Double chance";"Wolves ou nul";"1.7";"Betano";"2";"6";"recent_results";"1";"5";"Non"
"2409";"football:1563183:12:Draw/Away:36:public-demo-replay-2026-10-08";"Middlesbrough — Wolves";"Championship";"Double chance";"Wolves ou nul";"1.55";"BetVictor";"2";"6";"recent_results";"1";"5";"Non"
"2410";"football:1563183:12:Draw/Away:5:public-demo-replay-2026-10-08";"Middlesbrough — Wolves";"Championship";"Double chance";"Wolves ou nul";"1.56";"SBO";"2";"6";"recent_results";"1";"5";"Non"
"2411";"football:1563183:12:Draw/Away:7:public-demo-replay-2026-10-08";"Middlesbrough — Wolves";"Championship";"Double chance";"Wolves ou nul";"1.65";"William Hill";"2";"6";"recent_results";"1";"5";"Non"
"2412";"football:1563183:12:Draw/Away:8:public-demo-replay-2026-10-08";"Middlesbrough — Wolves";"Championship";"Double chance";"Wolves ou nul";"1.57";"Bet365";"2";"6";"recent_results";"1";"5";"Non"
