api_league_id,name,type,country,country_code,season_count,current_season,logo_url,flag_url
"707","Cup","Cup","Albania","AL","6","2025","https://media.api-sports.io/football/leagues/707.png","https://media.api-sports.io/flags/al.svg"
"708","Super Cup","Cup","Albania","AL","6","2025","https://media.api-sports.io/football/leagues/708.png","https://media.api-sports.io/flags/al.svg"
"311","1st Division","League","Albania","AL","16","2026","https://media.api-sports.io/football/leagues/311.png","https://media.api-sports.io/flags/al.svg"
"512","2nd Division - Group A","League","Albania","AL","14","2024","https://media.api-sports.io/football/leagues/512.png","https://media.api-sports.io/flags/al.svg"
"513","2nd Division - Group B","League","Albania","AL","14","2024","https://media.api-sports.io/football/leagues/513.png","https://media.api-sports.io/flags/al.svg"
"978","2nd Division - Play-offs","League","Albania","AL","3","2024","https://media.api-sports.io/football/leagues/978.png","https://media.api-sports.io/flags/al.svg"
"310","Superliga","League","Albania","AL","15","2026","https://media.api-sports.io/football/leagues/310.png","https://media.api-sports.io/flags/al.svg"
"514","Coupe Nationale","Cup","Algeria","DZ","8","2025","https://media.api-sports.io/football/leagues/514.png","https://media.api-sports.io/flags/dz.svg"
"832","Coupe de la Ligue","Cup","Algeria","DZ","1","2020","https://media.api-sports.io/football/leagues/832.png","https://media.api-sports.io/flags/dz.svg"
"516","Super Cup","Cup","Algeria","DZ","5","2025","https://media.api-sports.io/football/leagues/516.png","https://media.api-sports.io/flags/dz.svg"
"186","Ligue 1","League","Algeria","DZ","16","2026","https://media.api-sports.io/football/leagues/186.png","https://media.api-sports.io/flags/dz.svg"
"187","Ligue 2","League","Algeria","DZ","16","2026","https://media.api-sports.io/football/leagues/187.png","https://media.api-sports.io/flags/dz.svg"
"515","U21 League 1","League","Algeria","DZ","6","2024","https://media.api-sports.io/football/leagues/515.png","https://media.api-sports.io/flags/dz.svg"
"655","Copa Constitució","Cup","Andorra","AD","7","2025","https://media.api-sports.io/football/leagues/655.png","https://media.api-sports.io/flags/ad.svg"
"809","Super Cup","Cup","Andorra","AD","7","2026","https://media.api-sports.io/football/leagues/809.png","https://media.api-sports.io/flags/ad.svg"
"312","1a Divisió","League","Andorra","AD","16","2026","https://media.api-sports.io/football/leagues/312.png","https://media.api-sports.io/flags/ad.svg"
"313","2a Divisió","League","Andorra","AD","14","2024","https://media.api-sports.io/football/leagues/313.png","https://media.api-sports.io/flags/ad.svg"
"1192","Super Cup","Cup","Angola","AO","2","2026","https://media.api-sports.io/football/leagues/1192.png","https://media.api-sports.io/flags/ao.svg"
"397","Girabola","League","Angola","AO","16","2026","https://media.api-sports.io/football/leagues/397.png","https://media.api-sports.io/flags/ao.svg"
"1048","Premier Division","League","Antigua-And-Barbuda","AG","3","2025","https://media.api-sports.io/football/leagues/1048.png","https://media.api-sports.io/flags/ag.svg"
"130","Copa Argentina","Cup","Argentina","AR","10","2026","https://media.api-sports.io/football/leagues/130.png","https://media.api-sports.io/flags/ar.svg"
"483","Copa de la Superliga","Cup","Argentina","AR","1","2020","https://media.api-sports.io/football/leagues/483.png","https://media.api-sports.io/flags/ar.svg"
"810","Super Copa","Cup","Argentina","AR","6","2026","https://media.api-sports.io/football/leagues/810.png","https://media.api-sports.io/flags/ar.svg"
"1178","Super Copa International","Cup","Argentina","AR","2","2025","https://media.api-sports.io/football/leagues/1178.png","https://media.api-sports.io/flags/ar.svg"
"517","Trofeo de Campeones de la Superliga","Cup","Argentina","AR","7","2026","https://media.api-sports.io/football/leagues/517.png","https://media.api-sports.io/flags/ar.svg"
"1032","Copa de la Liga Profesional","League","Argentina","AR","2","2024","https://media.api-sports.io/football/leagues/1032.png","https://media.api-sports.io/flags/ar.svg"
"128","Liga Profesional Argentina","League","Argentina","AR","12","2026","https://media.api-sports.io/football/leagues/128.png","https://media.api-sports.io/flags/ar.svg"
"131","Primera B Metropolitana","League","Argentina","AR","16","2026","https://media.api-sports.io/football/leagues/131.png","https://media.api-sports.io/flags/ar.svg"
"132","Primera C","League","Argentina","AR","16","2026","https://media.api-sports.io/football/leagues/132.png","https://media.api-sports.io/flags/ar.svg"
"133","Primera D","League","Argentina","AR","13","2023","https://media.api-sports.io/football/leagues/133.png","https://media.api-sports.io/flags/ar.svg"
"129","Primera Nacional","League","Argentina","AR","16","2026","https://media.api-sports.io/football/leagues/129.png","https://media.api-sports.io/flags/ar.svg"
"906","Reserve League","League","Argentina","AR","5","2026","https://media.api-sports.io/football/leagues/906.png","https://media.api-sports.io/flags/ar.svg"
"134","Torneo Federal A","League","Argentina","AR","16","2026","https://media.api-sports.io/football/leagues/134.png","https://media.api-sports.io/flags/ar.svg"
"1067","Torneo Promocional Amateur","League","Argentina","AR","3","2026","https://media.api-sports.io/football/leagues/1067.png","https://media.api-sports.io/flags/ar.svg"
"709","Cup","Cup","Armenia","AM","7","2024","https://media.api-sports.io/football/leagues/709.png","https://media.api-sports.io/flags/am.svg"
"654","Super Cup","Cup","Armenia","AM","5","2025","https://media.api-sports.io/football/leagues/654.png","https://media.api-sports.io/flags/am.svg"
"343","First League","League","Armenia","AM","15","2026","https://media.api-sports.io/football/leagues/343.png","https://media.api-sports.io/flags/am.svg"
"342","Premier League","League","Armenia","AM","15","2026","https://media.api-sports.io/football/leagues/342.png","https://media.api-sports.io/flags/am.svg"
"421","Division di Honor","League","Aruba","AW","13","2025","https://media.api-sports.io/football/leagues/421.png","https://media.api-sports.io/flags/aw.svg"
"874","Australia Cup","Cup","Australia","AU","6","2026","https://media.api-sports.io/football/leagues/874.png","https://media.api-sports.io/flags/au.svg"
"1202","Australian Championship","Cup","Australia","AU","2","2026","https://media.api-sports.io/football/leagues/1202.png","https://media.api-sports.io/flags/au.svg"
"188","A-League","League","Australia","AU","16","2026","https://media.api-sports.io/football/leagues/188.png","https://media.api-sports.io/flags/au.svg"
"190","A-League Women","League","Australia","AU","11","2026","https://media.api-sports.io/football/leagues/190.png","https://media.api-sports.io/flags/au.svg"
"191","Brisbane Premier League","League","Australia","AU","15","2025","https://media.api-sports.io/football/leagues/191.png","https://media.api-sports.io/flags/au.svg"
"189","Capital Territory NPL","League","Australia","AU","11","2026","https://media.api-sports.io/football/leagues/189.png","https://media.api-sports.io/flags/au.svg"
"1092","Capital Territory NPL 2","League","Australia","AU","2","2025","https://media.api-sports.io/football/leagues/1092.png","https://media.api-sports.io/flags/au.svg"
"1090","NNSW League 1","League","Australia","AU","3","2026","https://media.api-sports.io/football/leagues/1090.png","https://media.api-sports.io/flags/au.svg"
"192","New South Wales NPL","League","Australia","AU","8","2026","https://media.api-sports.io/football/leagues/192.png","https://media.api-sports.io/flags/au.svg"
"835","New South Wales NPL 2","League","Australia","AU","6","2026","https://media.api-sports.io/football/leagues/835.png","https://media.api-sports.io/flags/au.svg"
"481","Northern NSW NPL","League","Australia","AU","15","2026","https://media.api-sports.io/football/leagues/481.png","https://media.api-sports.io/flags/au.svg"
"193","Northern Territory Premier League","League","Australia","AU","15","2025","https://media.api-sports.io/football/leagues/193.png","https://media.api-sports.io/flags/au.svg"
"1230","Npl Nsw U20","League","Australia","AU","1","2026","https://media.api-sports.io/football/leagues/1230.png","https://media.api-sports.io/flags/au.svg"
"482","Queensland NPL","League","Australia","AU","8","2026","https://media.api-sports.io/football/leagues/482.png","https://media.api-sports.io/flags/au.svg"
"833","Queensland Premier League","League","Australia","AU","6","2026","https://media.api-sports.io/football/leagues/833.png","https://media.api-sports.io/flags/au.svg"
"194","South Australia NPL","League","Australia","AU","8","2026","https://media.api-sports.io/football/leagues/194.png","https://media.api-sports.io/flags/au.svg"
"834","South Australia State League 1","League","Australia","AU","6","2026","https://media.api-sports.io/football/leagues/834.png","https://media.api-sports.io/flags/au.svg"
"648","Tasmania NPL","League","Australia","AU","7","2026","https://media.api-sports.io/football/leagues/648.png","https://media.api-sports.io/flags/au.svg"
"1091","Tasmania Northern Championship","League","Australia","AU","3","2026","https://media.api-sports.io/football/leagues/1091.png","https://media.api-sports.io/flags/au.svg"
"1093","Tasmania Southern Championship","League","Australia","AU","3","2026","https://media.api-sports.io/football/leagues/1093.png","https://media.api-sports.io/flags/au.svg"
"195","Victoria NPL","League","Australia","AU","8","2026","https://media.api-sports.io/football/leagues/195.png","https://media.api-sports.io/flags/au.svg"
"836","Victoria NPL 2","League","Australia","AU","6","2026","https://media.api-sports.io/football/leagues/836.png","https://media.api-sports.io/flags/au.svg"
"1226","Victoria Premier League 2","League","Australia","AU","1","2026","https://media.api-sports.io/football/leagues/1226.png","https://media.api-sports.io/flags/au.svg"
"196","Western Australia NPL","League","Australia","AU","8","2026","https://media.api-sports.io/football/leagues/196.png","https://media.api-sports.io/flags/au.svg"
"1094","Western Australia State League 1","League","Australia","AU","3","2026","https://media.api-sports.io/football/leagues/1094.png","https://media.api-sports.io/flags/au.svg"
"220","Cup","Cup","Austria","AT","16","2026","https://media.api-sports.io/football/leagues/220.png","https://media.api-sports.io/flags/at.svg"
"219","2. Liga","League","Austria","AT","16","2026","https://media.api-sports.io/football/leagues/219.png","https://media.api-sports.io/flags/at.svg"
"218","Bundesliga","League","Austria","AT","16","2026","https://media.api-sports.io/football/leagues/218.png","https://media.api-sports.io/flags/at.svg"
"484","Frauenliga","League","Austria","AT","8","2026","https://media.api-sports.io/football/leagues/484.png","https://media.api-sports.io/flags/at.svg"
"224","Landesliga - Burgenland","League","Austria","AT","7","2025","https://media.api-sports.io/football/leagues/224.png","https://media.api-sports.io/flags/at.svg"
"225","Landesliga - Karnten","League","Austria","AT","7","2025","https://media.api-sports.io/football/leagues/225.png","https://media.api-sports.io/flags/at.svg"
"226","Landesliga - Niederosterreich","League","Austria","AT","7","2025","https://media.api-sports.io/football/leagues/226.png","https://media.api-sports.io/flags/at.svg"
"227","Landesliga - Oberosterreich","League","Austria","AT","7","2025","https://media.api-sports.io/football/leagues/227.png","https://media.api-sports.io/flags/at.svg"
"228","Landesliga - Salzburg","League","Austria","AT","7","2025","https://media.api-sports.io/football/leagues/228.png","https://media.api-sports.io/flags/at.svg"
"229","Landesliga - Steiermark","League","Austria","AT","7","2025","https://media.api-sports.io/football/leagues/229.png","https://media.api-sports.io/flags/at.svg"
"230","Landesliga - Tirol","League","Austria","AT","7","2025","https://media.api-sports.io/football/leagues/230.png","https://media.api-sports.io/flags/at.svg"
"231","Landesliga - Vorarlbergliga","League","Austria","AT","7","2025","https://media.api-sports.io/football/leagues/231.png","https://media.api-sports.io/flags/at.svg"
"232","Landesliga - Wien","League","Austria","AT","7","2025","https://media.api-sports.io/football/leagues/232.png","https://media.api-sports.io/flags/at.svg"
"222","Regionalliga - Mitte","League","Austria","AT","15","2025","https://media.api-sports.io/football/leagues/222.png","https://media.api-sports.io/flags/at.svg"
"1239","Regionalliga - North","League","Austria","AT","1","2026","https://media.api-sports.io/football/leagues/1239.png","https://media.api-sports.io/flags/at.svg"
"221","Regionalliga - Ost","League","Austria","AT","16","2026","https://media.api-sports.io/football/leagues/221.png","https://media.api-sports.io/flags/at.svg"
"688","Regionalliga - Salzburg","League","Austria","AT","3","2022","https://media.api-sports.io/football/leagues/688.png","https://media.api-sports.io/flags/at.svg"
"1238","Regionalliga - South","League","Austria","AT","1","2026","https://media.api-sports.io/football/leagues/1238.png","https://media.api-sports.io/flags/at.svg"
"687","Regionalliga - Tirol","League","Austria","AT","3","2022","https://media.api-sports.io/football/leagues/687.png","https://media.api-sports.io/flags/at.svg"
"223","Regionalliga - West","League","Austria","AT","16","2026","https://media.api-sports.io/football/leagues/223.png","https://media.api-sports.io/flags/at.svg"
"420","Cup","Cup","Azerbaijan","AZ","13","2025","https://media.api-sports.io/football/leagues/420.png","https://media.api-sports.io/flags/az.svg"
"418","Birinci Dasta","League","Azerbaijan","AZ","16","2026","https://media.api-sports.io/football/leagues/418.png","https://media.api-sports.io/flags/az.svg"
"419","Premyer Liqa","League","Azerbaijan","AZ","16","2026","https://media.api-sports.io/football/leagues/419.png","https://media.api-sports.io/flags/az.svg"
"485","Federation Cup","Cup","Bahrain","BH","5","2023","https://media.api-sports.io/football/leagues/485.png","https://media.api-sports.io/flags/bh.svg"
"1049","King's Cup","Cup","Bahrain","BH","3","2025","https://media.api-sports.io/football/leagues/1049.png","https://media.api-sports.io/flags/bh.svg"
"1109","Super Cup","Cup","Bahrain","BH","3","2025","https://media.api-sports.io/football/leagues/1109.png","https://media.api-sports.io/flags/bh.svg"
"417","Premier League","League","Bahrain","BH","11","2026","https://media.api-sports.io/football/leagues/417.png","https://media.api-sports.io/flags/bh.svg"
"811","Federation Cup","Cup","Bangladesh","BD","7","2026","https://media.api-sports.io/football/leagues/811.png","https://media.api-sports.io/flags/bd.svg"
"398","Premier League","League","Bangladesh","BD","11","2027","https://media.api-sports.io/football/leagues/398.png","https://media.api-sports.io/flags/bd.svg"
"422","Premier League","League","Barbados","BB","13","2026","https://media.api-sports.io/football/leagues/422.png","https://media.api-sports.io/flags/bb.svg"
"486","Coppa","Cup","Belarus","BY","8","2026","https://media.api-sports.io/football/leagues/486.png","https://media.api-sports.io/flags/by.svg"
"812","Super Cup","Cup","Belarus","BY","6","2026","https://media.api-sports.io/football/leagues/812.png","https://media.api-sports.io/flags/by.svg"
"117","1. Division","League","Belarus","BY","15","2026","https://media.api-sports.io/football/leagues/117.png","https://media.api-sports.io/flags/by.svg"
"118","2. Division","League","Belarus","BY","13","2024","https://media.api-sports.io/football/leagues/118.png","https://media.api-sports.io/flags/by.svg"
"116","Premier League","League","Belarus","BY","15","2026","https://media.api-sports.io/football/leagues/116.png","https://media.api-sports.io/flags/by.svg"
"562","Reserve League","League","Belarus","BY","5","2024","https://media.api-sports.io/football/leagues/562.png","https://media.api-sports.io/flags/by.svg"
"147","Cup","Cup","Belgium","BE","8","2026","https://media.api-sports.io/football/leagues/147.png","https://media.api-sports.io/flags/be.svg"
"519","Super Cup","Cup","Belgium","BE","11","2026","https://media.api-sports.io/football/leagues/519.png","https://media.api-sports.io/flags/be.svg"
"145","Challenger Pro League","League","Belgium","BE","11","2026","https://media.api-sports.io/football/leagues/145.png","https://media.api-sports.io/flags/be.svg"
"487","First Amateur Division","League","Belgium","BE","8","2026","https://media.api-sports.io/football/leagues/487.png","https://media.api-sports.io/flags/be.svg"
"144","Jupiler Pro League","League","Belgium","BE","17","2026","https://media.api-sports.io/football/leagues/144.png","https://media.api-sports.io/flags/be.svg"
"153","Provincial - Antwerpen","League","Belgium","BE","6","2024","https://media.api-sports.io/football/leagues/153.png","https://media.api-sports.io/flags/be.svg"
"691","Provincial - Brabant ACFF","League","Belgium","BE","5","2024","https://media.api-sports.io/football/leagues/691.png","https://media.api-sports.io/flags/be.svg"
"154","Provincial - Brabant VFV","League","Belgium","BE","6","2024","https://media.api-sports.io/football/leagues/154.png","https://media.api-sports.io/flags/be.svg"
"155","Provincial - Hainaut","League","Belgium","BE","6","2024","https://media.api-sports.io/football/leagues/155.png","https://media.api-sports.io/flags/be.svg"
"156","Provincial - Liege","League","Belgium","BE","6","2024","https://media.api-sports.io/football/leagues/156.png","https://media.api-sports.io/flags/be.svg"
"157","Provincial - Limburg","League","Belgium","BE","6","2024","https://media.api-sports.io/football/leagues/157.png","https://media.api-sports.io/flags/be.svg"
"158","Provincial - Luxembourg","League","Belgium","BE","6","2024","https://media.api-sports.io/football/leagues/158.png","https://media.api-sports.io/flags/be.svg"
"159","Provincial - Namur","League","Belgium","BE","6","2024","https://media.api-sports.io/football/leagues/159.png","https://media.api-sports.io/flags/be.svg"
"160","Provincial - Oost-Vlaanderen","League","Belgium","BE","6","2024","https://media.api-sports.io/football/leagues/160.png","https://media.api-sports.io/flags/be.svg"
"980","Provincial - Play-offs ACFF","League","Belgium","BE","3","2024","https://media.api-sports.io/football/leagues/980.png","https://media.api-sports.io/flags/be.svg"
"979","Provincial - Play-offs VV","League","Belgium","BE","3","2024","https://media.api-sports.io/football/leagues/979.png","https://media.api-sports.io/flags/be.svg"
"161","Provincial - West-Vlaanderen","League","Belgium","BE","6","2024","https://media.api-sports.io/football/leagues/161.png","https://media.api-sports.io/flags/be.svg"
"518","Reserve Pro League","League","Belgium","BE","8","2026","https://media.api-sports.io/football/leagues/518.png","https://media.api-sports.io/flags/be.svg"
"148","Second Amateur Division - ACFF","League","Belgium","BE","8","2026","https://media.api-sports.io/football/leagues/148.png","https://media.api-sports.io/flags/be.svg"
"1011","Second Amateur Division - Play-offs ","League","Belgium","BE","4","2025","https://media.api-sports.io/football/leagues/1011.png","https://media.api-sports.io/flags/be.svg"
"149","Second Amateur Division - VFV A","League","Belgium","BE","9","2026","https://media.api-sports.io/football/leagues/149.png","https://media.api-sports.io/flags/be.svg"
"150","Second Amateur Division - VFV B","League","Belgium","BE","9","2026","https://media.api-sports.io/football/leagues/150.png","https://media.api-sports.io/flags/be.svg"
"146","Super League Women","League","Belgium","BE","11","2026","https://media.api-sports.io/football/leagues/146.png","https://media.api-sports.io/flags/be.svg"
"689","Third Amateur Division - ACFF A","League","Belgium","BE","5","2024","https://media.api-sports.io/football/leagues/689.png","https://media.api-sports.io/flags/be.svg"
"690","Third Amateur Division - ACFF B","League","Belgium","BE","5","2024","https://media.api-sports.io/football/leagues/690.png","https://media.api-sports.io/flags/be.svg"
"981","Third Amateur Division - Play-offs","League","Belgium","BE","3","2024","https://media.api-sports.io/football/leagues/981.png","https://media.api-sports.io/flags/be.svg"
"151","Third Amateur Division - VFV A","League","Belgium","BE","7","2024","https://media.api-sports.io/football/leagues/151.png","https://media.api-sports.io/flags/be.svg"
"152","Third Amateur Division - VFV B","League","Belgium","BE","7","2024","https://media.api-sports.io/football/leagues/152.png","https://media.api-sports.io/flags/be.svg"
"416","Premier League","League","Belize","BZ","7","2025","https://media.api-sports.io/football/leagues/416.png","https://media.api-sports.io/flags/bz.svg"
"415","Championnat National","League","Benin","BJ","10","2026","https://media.api-sports.io/football/leagues/415.png","https://media.api-sports.io/flags/bj.svg"
"414","Premier League","League","Bermuda","BM","9","2024","https://media.api-sports.io/football/leagues/414.png","https://media.api-sports.io/flags/bm.svg"
"1031","Premier League","League","Bhutan","BT","4","2026","https://media.api-sports.io/football/leagues/1031.png","https://media.api-sports.io/flags/bt.svg"
"413","Super League","League","Bhutan","BT","8","","https://media.api-sports.io/football/leagues/413.png","https://media.api-sports.io/flags/bt.svg"
"964","Copa de la División Profesional","Cup","Bolivia","BO","3","2026","https://media.api-sports.io/football/leagues/964.png","https://media.api-sports.io/flags/bo.svg"
"1172","Torneo Amistoso de Verano","Cup","Bolivia","BO","2","2026","https://media.api-sports.io/football/leagues/1172.png","https://media.api-sports.io/flags/bo.svg"
"710","Nacional B","League","Bolivia","BO","7","2026","https://media.api-sports.io/football/leagues/710.png","https://media.api-sports.io/flags/bo.svg"
"344","Primera División","League","Bolivia","BO","9","2026","https://media.api-sports.io/football/leagues/344.png","https://media.api-sports.io/flags/bo.svg"
"314","Cup","Cup","Bosnia","BA","10","2025","https://media.api-sports.io/football/leagues/314.png","https://media.api-sports.io/flags/ba.svg"
"1221","Super Cup","Cup","Bosnia","BA","1","2025","https://media.api-sports.io/football/leagues/1221.png","https://media.api-sports.io/flags/ba.svg"
"316","1st League - FBiH","League","Bosnia","BA","11","2026","https://media.api-sports.io/football/leagues/316.png","https://media.api-sports.io/flags/ba.svg"
"317","1st League - RS","League","Bosnia","BA","11","2026","https://media.api-sports.io/football/leagues/317.png","https://media.api-sports.io/flags/ba.svg"
"315","Premijer Liga","League","Bosnia","BA","11","2026","https://media.api-sports.io/football/leagues/315.png","https://media.api-sports.io/flags/ba.svg"
"412","Premier League","League","Botswana","BW","10","2026","https://media.api-sports.io/football/leagues/412.png","https://media.api-sports.io/flags/bw.svg"
"77","Alagoano","Cup","Brazil","BR","10","2026","https://media.api-sports.io/football/leagues/77.png","https://media.api-sports.io/flags/br.svg"
"1146","Alagoano - 2","Cup","Brazil","BR","3","2026","https://media.api-sports.io/football/leagues/1146.png","https://media.api-sports.io/flags/br.svg"
"740","Brasileiro U20 A","Cup","Brazil","BR","7","2026","https://media.api-sports.io/football/leagues/740.png","https://media.api-sports.io/flags/br.svg"
"1183","Brasileiro U20 B","Cup","Brazil","BR","2","2026","https://media.api-sports.io/football/leagues/1183.png","https://media.api-sports.io/flags/br.svg"
"741","Brasileiro de Aspirantes","Cup","Brazil","BR","4","2024","https://media.api-sports.io/football/leagues/741.png","https://media.api-sports.io/flags/br.svg"
"1063","Copa Alagoas","Cup","Brazil","BR","3","2026","https://media.api-sports.io/football/leagues/1063.png","https://media.api-sports.io/flags/br.svg"
"1225","Copa Centro-Oeste","Cup","Brazil","BR","1","2026","https://media.api-sports.io/football/leagues/1225.png","https://media.api-sports.io/flags/br.svg"
"73","Copa Do Brasil","Cup","Brazil","BR","11","2026","https://media.api-sports.io/football/leagues/73.png","https://media.api-sports.io/flags/br.svg"
"1097","Copa Espírito Santo","Cup","Brazil","BR","3","2026","https://media.api-sports.io/football/leagues/1097.png","https://media.api-sports.io/flags/br.svg"
"1165","Copa Fares Lopes","Cup","Brazil","BR","3","2026","https://media.api-sports.io/football/leagues/1165.png","https://media.api-sports.io/flags/br.svg"
"1158","Copa Gaúcha","Cup","Brazil","BR","3","2026","https://media.api-sports.io/football/leagues/1158.png","https://media.api-sports.io/flags/br.svg"
"1184","Copa Grão Pará","Cup","Brazil","BR","2","2026","https://media.api-sports.io/football/leagues/1184.png","https://media.api-sports.io/flags/br.svg"
"1223","Copa Norte","Cup","Brazil","BR","1","2026","https://media.api-sports.io/football/leagues/1223.png","https://media.api-sports.io/flags/br.svg"
"742","Copa Paulista","Cup","Brazil","BR","7","2026","https://media.api-sports.io/football/leagues/742.png","https://media.api-sports.io/flags/br.svg"
"1035","Copa Rio","Cup","Brazil","BR","4","2026","https://media.api-sports.io/football/leagues/1035.png","https://media.api-sports.io/flags/br.svg"
"1082","Copa Rio U20","Cup","Brazil","BR","3","2026","https://media.api-sports.io/football/leagues/1082.png","https://media.api-sports.io/flags/br.svg"
"1036","Copa Santa Catarina","Cup","Brazil","BR","4","2026","https://media.api-sports.io/football/leagues/1036.png","https://media.api-sports.io/flags/br.svg"
"1224","Copa Sul-Sudeste","Cup","Brazil","BR","1","2026","https://media.api-sports.io/football/leagues/1224.png","https://media.api-sports.io/flags/br.svg"
"843","Copa Verde","Cup","Brazil","BR","6","","https://media.api-sports.io/football/leagues/843.png","https://media.api-sports.io/flags/br.svg"
"1179","Copa do Brasil U17","Cup","Brazil","BR","2","2026","https://media.api-sports.io/football/leagues/1179.png","https://media.api-sports.io/flags/br.svg"
"617","Copa do Brasil U20","Cup","Brazil","BR","7","2026","https://media.api-sports.io/football/leagues/617.png","https://media.api-sports.io/flags/br.svg"
"612","Copa do Nordeste","Cup","Brazil","BR","7","2026","https://media.api-sports.io/football/leagues/612.png","https://media.api-sports.io/flags/br.svg"
"1205","Kings Cup","Cup","Brazil","BR","1","2025","https://media.api-sports.io/football/leagues/1205.png","https://media.api-sports.io/flags/br.svg"
"1059","Recopa Catarinense","Cup","Brazil","BR","2","2026","https://media.api-sports.io/football/leagues/1059.png","https://media.api-sports.io/flags/br.svg"
"632","Supercopa do Brasil","Cup","Brazil","BR","7","2026","https://media.api-sports.io/football/leagues/632.png","https://media.api-sports.io/flags/br.svg"
"618","São Paulo Youth Cup","Cup","Brazil","BR","6","2026","https://media.api-sports.io/football/leagues/618.png","https://media.api-sports.io/flags/br.svg"
"520","Acreano","League","Brazil","BR","13","2026","https://media.api-sports.io/football/leagues/520.png","https://media.api-sports.io/flags/br.svg"
"1110","Alagoano U20","League","Brazil","BR","2","2025","https://media.api-sports.io/football/leagues/1110.png","https://media.api-sports.io/flags/br.svg"
"521","Amapaense","League","Brazil","BR","11","2026","https://media.api-sports.io/football/leagues/521.png","https://media.api-sports.io/flags/br.svg"
"522","Amazonense","League","Brazil","BR","11","2026","https://media.api-sports.io/football/leagues/522.png","https://media.api-sports.io/flags/br.svg"
"1134","Amazonense - 2","League","Brazil","BR","3","2026","https://media.api-sports.io/football/leagues/1134.png","https://media.api-sports.io/flags/br.svg"
"602","Baiano - 1","League","Brazil","BR","7","2026","https://media.api-sports.io/football/leagues/602.png","https://media.api-sports.io/flags/br.svg"
"613","Baiano - 2","League","Brazil","BR","8","2026","https://media.api-sports.io/football/leagues/613.png","https://media.api-sports.io/flags/br.svg"
"1073","Baiano U20","League","Brazil","BR","3","2026","https://media.api-sports.io/football/leagues/1073.png","https://media.api-sports.io/flags/br.svg"
"1128","Brasileiro U17","League","Brazil","BR","3","2026","https://media.api-sports.io/football/leagues/1128.png","https://media.api-sports.io/flags/br.svg"
"74","Brasileiro Women","League","Brazil","BR","11","2026","https://media.api-sports.io/football/leagues/74.png","https://media.api-sports.io/flags/br.svg"
"610","Brasiliense","League","Brazil","BR","7","2026","https://media.api-sports.io/football/leagues/610.png","https://media.api-sports.io/flags/br.svg"
"1141","Brasiliense B","League","Brazil","BR","3","2026","https://media.api-sports.io/football/leagues/1141.png","https://media.api-sports.io/flags/br.svg"
"1100","Brasiliense U20","League","Brazil","BR","3","2026","https://media.api-sports.io/football/leagues/1100.png","https://media.api-sports.io/flags/br.svg"
"611","Capixaba","League","Brazil","BR","7","2026","https://media.api-sports.io/football/leagues/611.png","https://media.api-sports.io/flags/br.svg"
"1147","Capixaba B","League","Brazil","BR","3","2027","https://media.api-sports.io/football/leagues/1147.png","https://media.api-sports.io/flags/br.svg"
"624","Carioca - 1","League","Brazil","BR","7","2026","https://media.api-sports.io/football/leagues/624.png","https://media.api-sports.io/flags/br.svg"
"625","Carioca - 2","League","Brazil","BR","8","2026","https://media.api-sports.io/football/leagues/625.png","https://media.api-sports.io/flags/br.svg"
"851","Carioca A2","League","Brazil","BR","6","2026","https://media.api-sports.io/football/leagues/851.png","https://media.api-sports.io/flags/br.svg"
"1155","Carioca B2","League","Brazil","BR","3","2026","https://media.api-sports.io/football/leagues/1155.png","https://media.api-sports.io/flags/br.svg"
"1106","Carioca C","League","Brazil","BR","3","2026","https://media.api-sports.io/football/leagues/1106.png","https://media.api-sports.io/flags/br.svg"
"1114","Carioca U20","League","Brazil","BR","3","2026","https://media.api-sports.io/football/leagues/1114.png","https://media.api-sports.io/flags/br.svg"
"604","Catarinense - 1","League","Brazil","BR","7","2026","https://media.api-sports.io/football/leagues/604.png","https://media.api-sports.io/flags/br.svg"
"936","Catarinense - 2","League","Brazil","BR","5","2026","https://media.api-sports.io/football/leagues/936.png","https://media.api-sports.io/flags/br.svg"
"1154","Catarinense - 3","League","Brazil","BR","3","2026","https://media.api-sports.io/football/leagues/1154.png","https://media.api-sports.io/flags/br.svg"
"1076","Catarinense U20","League","Brazil","BR","3","2026","https://media.api-sports.io/football/leagues/1076.png","https://media.api-sports.io/flags/br.svg"
"609","Cearense - 1","League","Brazil","BR","7","2026","https://media.api-sports.io/football/leagues/609.png","https://media.api-sports.io/flags/br.svg"
"620","Cearense - 2","League","Brazil","BR","8","2026","https://media.api-sports.io/football/leagues/620.png","https://media.api-sports.io/flags/br.svg"
"1124","Cearense - 3","League","Brazil","BR","3","2026","https://media.api-sports.io/football/leagues/1124.png","https://media.api-sports.io/flags/br.svg"
"1112","Cearense U20","League","Brazil","BR","3","2026","https://media.api-sports.io/football/leagues/1112.png","https://media.api-sports.io/flags/br.svg"
"1143","Estadual Junior U20","League","Brazil","BR","3","2026","https://media.api-sports.io/football/leagues/1143.png","https://media.api-sports.io/flags/br.svg"
"477","Gaúcho - 1","League","Brazil","BR","7","2026","https://media.api-sports.io/football/leagues/477.png","https://media.api-sports.io/flags/br.svg"
"478","Gaúcho - 2","League","Brazil","BR","6","2025","https://media.api-sports.io/football/leagues/478.png","https://media.api-sports.io/flags/br.svg"
"1150","Gaúcho - 3","League","Brazil","BR","3","2026","https://media.api-sports.io/football/leagues/1150.png","https://media.api-sports.io/flags/br.svg"
"628","Goiano - 1","League","Brazil","BR","7","2026","https://media.api-sports.io/football/leagues/628.png","https://media.api-sports.io/flags/br.svg"
"1030","Goiano - 2","League","Brazil","BR","4","2026","https://media.api-sports.io/football/leagues/1030.png","https://media.api-sports.io/flags/br.svg"
"1133","Goiano - 3","League","Brazil","BR","3","2026","https://media.api-sports.io/football/leagues/1133.png","https://media.api-sports.io/flags/br.svg"
"1069","Goiano U20","League","Brazil","BR","3","2026","https://media.api-sports.io/football/leagues/1069.png","https://media.api-sports.io/flags/br.svg"
"608","Maranhense","League","Brazil","BR","7","2026","https://media.api-sports.io/football/leagues/608.png","https://media.api-sports.io/flags/br.svg"
"1148","Maranhense - 2","League","Brazil","BR","3","2026","https://media.api-sports.io/football/leagues/1148.png","https://media.api-sports.io/flags/br.svg"
"630","Matogrossense","League","Brazil","BR","7","2026","https://media.api-sports.io/football/leagues/630.png","https://media.api-sports.io/flags/br.svg"
"1096","Matogrossense 2","League","Brazil","BR","3","2026","https://media.api-sports.io/football/leagues/1096.png","https://media.api-sports.io/flags/br.svg"
"629","Mineiro - 1","League","Brazil","BR","7","2026","https://media.api-sports.io/football/leagues/629.png","https://media.api-sports.io/flags/br.svg"
"619","Mineiro - 2","League","Brazil","BR","7","2026","https://media.api-sports.io/football/leagues/619.png","https://media.api-sports.io/flags/br.svg"
"1142","Mineiro - 3","League","Brazil","BR","3","2026","https://media.api-sports.io/football/leagues/1142.png","https://media.api-sports.io/flags/br.svg"
"1107","Mineiro U20","League","Brazil","BR","3","2026","https://media.api-sports.io/football/leagues/1107.png","https://media.api-sports.io/flags/br.svg"
"627","Paraense","League","Brazil","BR","7","2026","https://media.api-sports.io/football/leagues/627.png","https://media.api-sports.io/flags/br.svg"
"1115","Paraense A3","League","Brazil","BR","3","2026","https://media.api-sports.io/football/leagues/1115.png","https://media.api-sports.io/flags/br.svg"
"1145","Paraense B1","League","Brazil","BR","2","2025","https://media.api-sports.io/football/leagues/1145.png","https://media.api-sports.io/flags/br.svg"
"1157","Paraense U20","League","Brazil","BR","2","2025","https://media.api-sports.io/football/leagues/1157.png","https://media.api-sports.io/flags/br.svg"
"603","Paraibano","League","Brazil","BR","7","2026","https://media.api-sports.io/football/leagues/603.png","https://media.api-sports.io/flags/br.svg"
"1037","Paraibano 2","League","Brazil","BR","4","2026","https://media.api-sports.io/football/leagues/1037.png","https://media.api-sports.io/flags/br.svg"
"1120","Paraibano U20","League","Brazil","BR","3","2026","https://media.api-sports.io/football/leagues/1120.png","https://media.api-sports.io/flags/br.svg"
"606","Paranaense - 1","League","Brazil","BR","7","2026","https://media.api-sports.io/football/leagues/606.png","https://media.api-sports.io/flags/br.svg"
"614","Paranaense - 2","League","Brazil","BR","7","2026","https://media.api-sports.io/football/leagues/614.png","https://media.api-sports.io/flags/br.svg"
"1138","Paranaense - 3","League","Brazil","BR","3","2026","https://media.api-sports.io/football/leagues/1138.png","https://media.api-sports.io/flags/br.svg"
"1071","Paranaense U20","League","Brazil","BR","3","2026","https://media.api-sports.io/football/leagues/1071.png","https://media.api-sports.io/flags/br.svg"
"475","Paulista - A1","League","Brazil","BR","7","2026","https://media.api-sports.io/football/leagues/475.png","https://media.api-sports.io/flags/br.svg"
"476","Paulista - A2","League","Brazil","BR","7","2026","https://media.api-sports.io/football/leagues/476.png","https://media.api-sports.io/flags/br.svg"
"605","Paulista - A3","League","Brazil","BR","7","2026","https://media.api-sports.io/football/leagues/605.png","https://media.api-sports.io/flags/br.svg"
"1062","Paulista - A4","League","Brazil","BR","3","2026","https://media.api-sports.io/football/leagues/1062.png","https://media.api-sports.io/flags/br.svg"
"1086","Paulista - U20","League","Brazil","BR","3","2026","https://media.api-sports.io/football/leagues/1086.png","https://media.api-sports.io/flags/br.svg"
"1098","Paulista Série B","League","Brazil","BR","3","2026","https://media.api-sports.io/football/leagues/1098.png","https://media.api-sports.io/flags/br.svg"
"622","Pernambucano - 1","League","Brazil","BR","7","2026","https://media.api-sports.io/football/leagues/622.png","https://media.api-sports.io/flags/br.svg"
"1125","Pernambucano - 2","League","Brazil","BR","2","2025","https://media.api-sports.io/football/leagues/1125.png","https://media.api-sports.io/flags/br.svg"
"1151","Pernambucano - 3","League","Brazil","BR","1","2024","https://media.api-sports.io/football/leagues/1151.png","https://media.api-sports.io/flags/br.svg"
"1088","Pernambucano - U20","League","Brazil","BR","3","2026","https://media.api-sports.io/football/leagues/1088.png","https://media.api-sports.io/flags/br.svg"
"621","Piauiense","League","Brazil","BR","7","2026","https://media.api-sports.io/football/leagues/621.png","https://media.api-sports.io/flags/br.svg"
"1203","Piauiense - 2","League","Brazil","BR","2","2026","https://media.api-sports.io/football/leagues/1203.png","https://media.api-sports.io/flags/br.svg"
"616","Potiguar","League","Brazil","BR","7","2026","https://media.api-sports.io/football/leagues/616.png","https://media.api-sports.io/flags/br.svg"
"1149","Potiguar - 2","League","Brazil","BR","2","2025","https://media.api-sports.io/football/leagues/1149.png","https://media.api-sports.io/flags/br.svg"
"1139","Potiguar - U20","League","Brazil","BR","2","2025","https://media.api-sports.io/football/leagues/1139.png","https://media.api-sports.io/flags/br.svg"
"615","Rondoniense","League","Brazil","BR","7","2026","https://media.api-sports.io/football/leagues/615.png","https://media.api-sports.io/flags/br.svg"
"1204","Rondoniense - 2","League","Brazil","BR","2","2026","https://media.api-sports.io/football/leagues/1204.png","https://media.api-sports.io/flags/br.svg"
"607","Roraimense","League","Brazil","BR","7","2026","https://media.api-sports.io/football/leagues/607.png","https://media.api-sports.io/flags/br.svg"
"626","Sergipano","League","Brazil","BR","7","2026","https://media.api-sports.io/football/leagues/626.png","https://media.api-sports.io/flags/br.svg"
"1135","Sergipano - 2","League","Brazil","BR","2","2025","https://media.api-sports.io/football/leagues/1135.png","https://media.api-sports.io/flags/br.svg"
"1108","Sergipano U20","League","Brazil","BR","2","2025","https://media.api-sports.io/football/leagues/1108.png","https://media.api-sports.io/flags/br.svg"
"71","Serie A","League","Brazil","BR","17","2026","https://media.api-sports.io/football/leagues/71.png","https://media.api-sports.io/flags/br.svg"
"72","Serie B","League","Brazil","BR","15","2026","https://media.api-sports.io/football/leagues/72.png","https://media.api-sports.io/flags/br.svg"
"75","Serie C","League","Brazil","BR","15","2026","https://media.api-sports.io/football/leagues/75.png","https://media.api-sports.io/flags/br.svg"
"76","Serie D","League","Brazil","BR","15","2026","https://media.api-sports.io/football/leagues/76.png","https://media.api-sports.io/flags/br.svg"
"623","Sul-Matogrossense","League","Brazil","BR","7","2026","https://media.api-sports.io/football/leagues/623.png","https://media.api-sports.io/flags/br.svg"
"631","Tocantinense","League","Brazil","BR","7","2026","https://media.api-sports.io/football/leagues/631.png","https://media.api-sports.io/flags/br.svg"
"174","Cup","Cup","Bulgaria","BG","9","2025","https://media.api-sports.io/football/leagues/174.png","https://media.api-sports.io/flags/bg.svg"
"656","Super Cup","Cup","Bulgaria","BG","7","2026","https://media.api-sports.io/football/leagues/656.png","https://media.api-sports.io/flags/bg.svg"
"172","First League","League","Bulgaria","BG","9","2026","https://media.api-sports.io/football/leagues/172.png","https://media.api-sports.io/flags/bg.svg"
"173","Second League","League","Bulgaria","BG","11","2026","https://media.api-sports.io/football/leagues/173.png","https://media.api-sports.io/flags/bg.svg"
"175","Third League - Northeast","League","Bulgaria","BG","9","2026","https://media.api-sports.io/football/leagues/175.png","https://media.api-sports.io/flags/bg.svg"
"176","Third League - Northwest","League","Bulgaria","BG","9","2026","https://media.api-sports.io/football/leagues/176.png","https://media.api-sports.io/flags/bg.svg"
"177","Third League - Southeast","League","Bulgaria","BG","9","2026","https://media.api-sports.io/football/leagues/177.png","https://media.api-sports.io/flags/bg.svg"
"178","Third League - Southwest","League","Bulgaria","BG","9","2026","https://media.api-sports.io/football/leagues/178.png","https://media.api-sports.io/flags/bg.svg"
"423","Ligue 1","League","Burkina-Faso","BF","8","2026","https://media.api-sports.io/football/leagues/423.png","https://media.api-sports.io/flags/bf.svg"
"566","Ligue A","League","Burundi","BI","8","2026","https://media.api-sports.io/football/leagues/566.png","https://media.api-sports.io/flags/bi.svg"
"1174","Hun Sen Cup","Cup","Cambodia","KH","2","2025","https://media.api-sports.io/football/leagues/1174.png","https://media.api-sports.io/flags/kh.svg"
"410","C-League","League","Cambodia","KH","11","2026","https://media.api-sports.io/football/leagues/410.png","https://media.api-sports.io/flags/kh.svg"
"1166","Super Cup","Cup","Cameroon","CM","2","2025","https://media.api-sports.io/football/leagues/1166.png","https://media.api-sports.io/flags/cm.svg"
"411","Elite One","League","Cameroon","CM","11","2026","https://media.api-sports.io/football/leagues/411.png","https://media.api-sports.io/flags/cm.svg"
"813","Elite Two","League","Cameroon","CM","6","2026","https://media.api-sports.io/football/leagues/813.png","https://media.api-sports.io/flags/cm.svg"
"259","Canadian Championship","Cup","Canada","CA","11","2026","https://media.api-sports.io/football/leagues/259.png","https://media.api-sports.io/flags/ca.svg"
"479","Canadian Premier League","League","Canada","CA","7","2026","https://media.api-sports.io/football/leagues/479.png","https://media.api-sports.io/flags/ca.svg"
"258","Canadian Soccer League","League","Canada","CA","9","2025","https://media.api-sports.io/football/leagues/258.png","https://media.api-sports.io/flags/ca.svg"
"923","League 1 Ontario","League","Canada","CA","4","2025","https://media.api-sports.io/football/leagues/923.png","https://media.api-sports.io/flags/ca.svg"
"1182","Northern Super League","League","Canada","CA","2","2026","https://media.api-sports.io/football/leagues/1182.png","https://media.api-sports.io/flags/ca.svg"
"260","Pacific Coast Soccer League","League","Canada","CA","6","2025","https://media.api-sports.io/football/leagues/260.png","https://media.api-sports.io/flags/ca.svg"
"267","Copa Chile","Cup","Chile","CL","7","2026","https://media.api-sports.io/football/leagues/267.png","https://media.api-sports.io/flags/cl.svg"
"1220","Copa De La Liga","Cup","Chile","CL","1","2026","https://media.api-sports.io/football/leagues/1220.png","https://media.api-sports.io/flags/cl.svg"
"527","Super Cup","Cup","Chile","CL","12","2026","https://media.api-sports.io/football/leagues/527.png","https://media.api-sports.io/flags/cl.svg"
"266","Primera B","League","Chile","CL","9","2026","https://media.api-sports.io/football/leagues/266.png","https://media.api-sports.io/flags/cl.svg"
"265","Primera División","League","Chile","CL","9","2026","https://media.api-sports.io/football/leagues/265.png","https://media.api-sports.io/flags/cl.svg"
"711","Segunda División","League","Chile","CL","7","2026","https://media.api-sports.io/football/leagues/711.png","https://media.api-sports.io/flags/cl.svg"
"171","FA Cup","Cup","China","CN","8","2026","https://media.api-sports.io/football/leagues/171.png","https://media.api-sports.io/flags/cn.svg"
"972","Super Cup","Cup","China","CN","4","2026","https://media.api-sports.io/football/leagues/972.png","https://media.api-sports.io/flags/cn.svg"
"170","League One","League","China","CN","11","2026","https://media.api-sports.io/football/leagues/170.png","https://media.api-sports.io/flags/cn.svg"
"929","League Two","League","China","CN","5","2026","https://media.api-sports.io/football/leagues/929.png","https://media.api-sports.io/flags/cn.svg"
"169","Super League","League","China","CN","11","2026","https://media.api-sports.io/football/leagues/169.png","https://media.api-sports.io/flags/cn.svg"
"589","Taiwan Football Premier League","League","Chinese-Taipei","TW","10","2026","https://media.api-sports.io/football/leagues/589.png","https://media.api-sports.io/flags/tw.svg"
"241","Copa Colombia","Cup","Colombia","CO","8","2026","https://media.api-sports.io/football/leagues/241.png","https://media.api-sports.io/flags/co.svg"
"713","Superliga","Cup","Colombia","CO","7","2026","https://media.api-sports.io/football/leagues/713.png","https://media.api-sports.io/flags/co.svg"
"712","Liga Femenina","League","Colombia","CO","7","2026","https://media.api-sports.io/football/leagues/712.png","https://media.api-sports.io/flags/co.svg"
"239","Primera A","League","Colombia","CO","11","2026","https://media.api-sports.io/football/leagues/239.png","https://media.api-sports.io/flags/co.svg"
"240","Primera B","League","Colombia","CO","11","2026","https://media.api-sports.io/football/leagues/240.png","https://media.api-sports.io/flags/co.svg"
"844","Ligue 1","League","Congo","CD","6","2025","https://media.api-sports.io/football/leagues/844.png","https://media.api-sports.io/flags/cd.svg"
"424","Ligue 1","League","Congo-DR","CG","7","2025","https://media.api-sports.io/football/leagues/424.png","https://media.api-sports.io/flags/cg.svg"
"958","Copa Costa Rica","Cup","Costa-Rica","CR","4","2025","https://media.api-sports.io/football/leagues/958.png","https://media.api-sports.io/flags/cr.svg"
"1167","Recopa","Cup","Costa-Rica","CR","3","2026","https://media.api-sports.io/football/leagues/1167.png","https://media.api-sports.io/flags/cr.svg"
"864","Supercopa","Cup","Costa-Rica","CR","5","2025","https://media.api-sports.io/football/leagues/864.png","https://media.api-sports.io/flags/cr.svg"
"163","Liga de Ascenso","League","Costa-Rica","CR","9","2026","https://media.api-sports.io/football/leagues/163.png","https://media.api-sports.io/flags/cr.svg"
"162","Primera División","League","Costa-Rica","CR","11","2026","https://media.api-sports.io/football/leagues/162.png","https://media.api-sports.io/flags/cr.svg"
"870","Premier League","League","Crimea","UA","2","","https://media.api-sports.io/football/leagues/870.png","https://media.api-sports.io/flags/ua.svg"
"212","Cup","Cup","Croatia","HR","9","2026","https://media.api-sports.io/football/leagues/212.png","https://media.api-sports.io/flags/hr.svg"
"1021","Super Cup","Cup","Croatia","HR","1","2023","https://media.api-sports.io/football/leagues/1021.png","https://media.api-sports.io/flags/hr.svg"
"211","First NL","League","Croatia","HR","11","2026","https://media.api-sports.io/football/leagues/211.png","https://media.api-sports.io/flags/hr.svg"
"210","HNL","League","Croatia","HR","11","2026","https://media.api-sports.io/football/leagues/210.png","https://media.api-sports.io/flags/hr.svg"
"946","Second NL","League","Croatia","HR","5","2026","https://media.api-sports.io/football/leagues/946.png","https://media.api-sports.io/flags/hr.svg"
"213","Third NL - Istok","League","Croatia","HR","7","2025","https://media.api-sports.io/football/leagues/213.png","https://media.api-sports.io/flags/hr.svg"
"214","Third NL - Jug","League","Croatia","HR","7","2025","https://media.api-sports.io/football/leagues/214.png","https://media.api-sports.io/flags/hr.svg"
"215","Third NL - Sjever","League","Croatia","HR","7","2025","https://media.api-sports.io/football/leagues/215.png","https://media.api-sports.io/flags/hr.svg"
"216","Third NL - Sredite","League","Croatia","HR","7","2025","https://media.api-sports.io/football/leagues/216.png","https://media.api-sports.io/flags/hr.svg"
"217","Third NL - Zapad","League","Croatia","HR","7","2025","https://media.api-sports.io/football/leagues/217.png","https://media.api-sports.io/flags/hr.svg"
"907","Primera Division","League","Cuba","CU","4","2025","https://media.api-sports.io/football/leagues/907.png","https://media.api-sports.io/flags/cu.svg"
"642","Curaçao Sekshon Pagá","League","Curacao","CW","4","2023","https://media.api-sports.io/football/leagues/642.png","https://media.api-sports.io/flags/cw.svg"
"321","Cup","Cup","Cyprus","CY","8","2025","https://media.api-sports.io/football/leagues/321.png","https://media.api-sports.io/flags/cy.svg"
"852","Super Cup","Cup","Cyprus","CY","6","2026","https://media.api-sports.io/football/leagues/852.png","https://media.api-sports.io/flags/cy.svg"
"318","1. Division","League","Cyprus","CY","9","2026","https://media.api-sports.io/football/leagues/318.png","https://media.api-sports.io/flags/cy.svg"
"319","2. Division","League","Cyprus","CY","9","2026","https://media.api-sports.io/football/leagues/319.png","https://media.api-sports.io/flags/cy.svg"
"320","3. Division","League","Cyprus","CY","8","2025","https://media.api-sports.io/football/leagues/320.png","https://media.api-sports.io/flags/cy.svg"
"347","Cup","Cup","Czech-Republic","CZ","8","2026","https://media.api-sports.io/football/leagues/347.png","https://media.api-sports.io/flags/cz.svg"
"925","Super Cup","Cup","Czech-Republic","CZ","1","2015","https://media.api-sports.io/football/leagues/925.png","https://media.api-sports.io/flags/cz.svg"
"668","1. Liga U19","League","Czech-Republic","CZ","7","2026","https://media.api-sports.io/football/leagues/668.png","https://media.api-sports.io/flags/cz.svg"
"669","1. Liga Women","League","Czech-Republic","CZ","7","2026","https://media.api-sports.io/football/leagues/669.png","https://media.api-sports.io/flags/cz.svg"
"348","3. liga - CFL A","League","Czech-Republic","CZ","8","2026","https://media.api-sports.io/football/leagues/348.png","https://media.api-sports.io/flags/cz.svg"
"685","3. liga - CFL B","League","Czech-Republic","CZ","7","2026","https://media.api-sports.io/football/leagues/685.png","https://media.api-sports.io/flags/cz.svg"
"349","3. liga - MSFL","League","Czech-Republic","CZ","8","2026","https://media.api-sports.io/football/leagues/349.png","https://media.api-sports.io/flags/cz.svg"
"1010","3. liga - Promotion Play-off","League","Czech-Republic","CZ","4","2025","https://media.api-sports.io/football/leagues/1010.png","https://media.api-sports.io/flags/cz.svg"
"350","4. liga - Divizie A","League","Czech-Republic","CZ","8","2026","https://media.api-sports.io/football/leagues/350.png","https://media.api-sports.io/flags/cz.svg"
"351","4. liga - Divizie B","League","Czech-Republic","CZ","8","2026","https://media.api-sports.io/football/leagues/351.png","https://media.api-sports.io/flags/cz.svg"
"352","4. liga - Divizie C","League","Czech-Republic","CZ","8","2026","https://media.api-sports.io/football/leagues/352.png","https://media.api-sports.io/flags/cz.svg"
"353","4. liga - Divizie D","League","Czech-Republic","CZ","8","2026","https://media.api-sports.io/football/leagues/353.png","https://media.api-sports.io/flags/cz.svg"
"354","4. liga - Divizie E","League","Czech-Republic","CZ","8","2026","https://media.api-sports.io/football/leagues/354.png","https://media.api-sports.io/flags/cz.svg"
"686","4. liga - Divizie F","League","Czech-Republic","CZ","7","2026","https://media.api-sports.io/football/leagues/686.png","https://media.api-sports.io/flags/cz.svg"
"345","Czech Liga","League","Czech-Republic","CZ","9","2026","https://media.api-sports.io/football/leagues/345.png","https://media.api-sports.io/flags/cz.svg"
"346","FNL","League","Czech-Republic","CZ","9","2026","https://media.api-sports.io/football/leagues/346.png","https://media.api-sports.io/flags/cz.svg"
"1211","Tipsport Liga","League","Czech-Republic","CZ","1","2026","https://media.api-sports.io/football/leagues/1211.png","https://media.api-sports.io/flags/cz.svg"
"121","DBU Pokalen","Cup","Denmark","DK","15","2026","https://media.api-sports.io/football/leagues/121.png","https://media.api-sports.io/flags/dk.svg"
"120","1. Division","League","Denmark","DK","16","2026","https://media.api-sports.io/football/leagues/120.png","https://media.api-sports.io/flags/dk.svg"
"122","2. Division","League","Denmark","DK","12","2026","https://media.api-sports.io/football/leagues/122.png","https://media.api-sports.io/flags/dk.svg"
"123","2nd Division - Group 2","League","Denmark","DK","6","","https://media.api-sports.io/football/leagues/123.png","https://media.api-sports.io/flags/dk.svg"
"862","3. Division","League","Denmark","DK","6","2026","https://media.api-sports.io/football/leagues/862.png","https://media.api-sports.io/flags/dk.svg"
"1244","B-Liga Women","League","Denmark","DK","1","2026","https://media.api-sports.io/football/leagues/1244.png","https://media.api-sports.io/flags/dk.svg"
"124","Denmark Series - Group 1","League","Denmark","DK","15","2025","https://media.api-sports.io/football/leagues/124.png","https://media.api-sports.io/flags/dk.svg"
"125","Denmark Series - Group 2","League","Denmark","DK","15","2025","https://media.api-sports.io/football/leagues/125.png","https://media.api-sports.io/flags/dk.svg"
"126","Denmark Series - Group 3","League","Denmark","DK","15","2025","https://media.api-sports.io/football/leagues/126.png","https://media.api-sports.io/flags/dk.svg"
"127","Denmark Series - Group 4","League","Denmark","DK","10","2025","https://media.api-sports.io/football/leagues/127.png","https://media.api-sports.io/flags/dk.svg"
"982","Denmark Series - Promotion Round","League","Denmark","DK","3","2024","https://media.api-sports.io/football/leagues/982.png","https://media.api-sports.io/flags/dk.svg"
"983","Denmark Series - Relegation Round","League","Denmark","DK","3","2024","https://media.api-sports.io/football/leagues/983.png","https://media.api-sports.io/flags/dk.svg"
"638","Kvindeliga","League","Denmark","DK","8","2026","https://media.api-sports.io/football/leagues/638.png","https://media.api-sports.io/flags/dk.svg"
"119","Superliga","League","Denmark","DK","16","2026","https://media.api-sports.io/football/leagues/119.png","https://media.api-sports.io/flags/dk.svg"
"1180","Copa LDF","Cup","Dominican-Republic","DO","1","2025","https://media.api-sports.io/football/leagues/1180.png","https://media.api-sports.io/flags/do.svg"
"759","Liga Mayor","League","Dominican-Republic","DO","7","2026","https://media.api-sports.io/football/leagues/759.png","https://media.api-sports.io/flags/do.svg"
"917","Copa Ecuador","Cup","Ecuador","EC","4","2025","https://media.api-sports.io/football/leagues/917.png","https://media.api-sports.io/flags/ec.svg"
"853","Supercopa de Ecuador","Cup","Ecuador","EC","4","2026","https://media.api-sports.io/football/leagues/853.png","https://media.api-sports.io/flags/ec.svg"
"242","Liga Pro","League","Ecuador","EC","15","2026","https://media.api-sports.io/football/leagues/242.png","https://media.api-sports.io/flags/ec.svg"
"243","Liga Pro Serie B","League","Ecuador","EC","15","2026","https://media.api-sports.io/football/leagues/243.png","https://media.api-sports.io/flags/ec.svg"
"714","Cup","Cup","Egypt","EG","7","2025","https://media.api-sports.io/football/leagues/714.png","https://media.api-sports.io/flags/eg.svg"
"895","League Cup","Cup","Egypt","EG","6","2026","https://media.api-sports.io/football/leagues/895.png","https://media.api-sports.io/flags/eg.svg"
"539","Super Cup","Cup","Egypt","EG","13","2026","https://media.api-sports.io/football/leagues/539.png","https://media.api-sports.io/flags/eg.svg"
"233","Premier League","League","Egypt","EG","16","2026","https://media.api-sports.io/football/leagues/233.png","https://media.api-sports.io/flags/eg.svg"
"887","Second League","League","Egypt","EG","6","2026","https://media.api-sports.io/football/leagues/887.png","https://media.api-sports.io/flags/eg.svg"
"888","Second League - Group B","League","Egypt","EG","2","2022","https://media.api-sports.io/football/leagues/888.png","https://media.api-sports.io/flags/eg.svg"
"889","Second League - Group C","League","Egypt","EG","2","2022","https://media.api-sports.io/football/leagues/889.png","https://media.api-sports.io/flags/eg.svg"
"1014","Second League - Play-offs","League","Egypt","EG","2","2023","https://media.api-sports.io/football/leagues/1014.png","https://media.api-sports.io/flags/eg.svg"
"1219","Copa Presidente","League","El-Salvador","SV","1","2026","https://media.api-sports.io/football/leagues/1219.png","https://media.api-sports.io/flags/sv.svg"
"370","Primera Division","League","El-Salvador","SV","16","2026","https://media.api-sports.io/football/leagues/370.png","https://media.api-sports.io/flags/sv.svg"
"528","Community Shield","Cup","England","GB-ENG","15","2026","https://media.api-sports.io/football/leagues/528.png","https://media.api-sports.io/flags/gb-eng.svg"
"670","Community Shield Women","Cup","England","GB-ENG","1","2020","https://media.api-sports.io/football/leagues/670.png","https://media.api-sports.io/flags/gb-eng.svg"
"46","EFL Trophy","Cup","England","GB-ENG","16","2026","https://media.api-sports.io/football/leagues/46.png","https://media.api-sports.io/flags/gb-eng.svg"
"45","FA Cup","Cup","England","GB-ENG","16","2026","https://media.api-sports.io/football/leagues/45.png","https://media.api-sports.io/flags/gb-eng.svg"
"47","FA Trophy","Cup","England","GB-ENG","16","2026","https://media.api-sports.io/football/leagues/47.png","https://media.api-sports.io/flags/gb-eng.svg"
"698","FA Women's Cup","Cup","England","GB-ENG","7","2025","https://media.api-sports.io/football/leagues/698.png","https://media.api-sports.io/flags/gb-eng.svg"
"1068","FA Youth Cup","Cup","England","GB-ENG","3","2025","https://media.api-sports.io/football/leagues/1068.png","https://media.api-sports.io/flags/gb-eng.svg"
"48","League Cup","Cup","England","GB-ENG","16","2026","https://media.api-sports.io/football/leagues/48.png","https://media.api-sports.io/flags/gb-eng.svg"
"1156","National League Cup","Cup","England","GB-ENG","3","2026","https://media.api-sports.io/football/leagues/1156.png","https://media.api-sports.io/flags/gb-eng.svg"
"871","Premier League Cup","Cup","England","GB-ENG","6","2026","https://media.api-sports.io/football/leagues/871.png","https://media.api-sports.io/flags/gb-eng.svg"
"697","WSL Cup","Cup","England","GB-ENG","7","2026","https://media.api-sports.io/football/leagues/697.png","https://media.api-sports.io/flags/gb-eng.svg"
"40","Championship","League","England","GB-ENG","16","2026","https://media.api-sports.io/football/leagues/40.png","https://media.api-sports.io/flags/gb-eng.svg"
"44","FA WSL","League","England","GB-ENG","11","2026","https://media.api-sports.io/football/leagues/44.png","https://media.api-sports.io/flags/gb-eng.svg"
"41","League One","League","England","GB-ENG","16","2026","https://media.api-sports.io/football/leagues/41.png","https://media.api-sports.io/flags/gb-eng.svg"
"42","League Two","League","England","GB-ENG","16","2026","https://media.api-sports.io/football/leagues/42.png","https://media.api-sports.io/flags/gb-eng.svg"
"43","National League","League","England","GB-ENG","16","2026","https://media.api-sports.io/football/leagues/43.png","https://media.api-sports.io/flags/gb-eng.svg"
"50","National League - North","League","England","GB-ENG","8","2026","https://media.api-sports.io/football/leagues/50.png","https://media.api-sports.io/flags/gb-eng.svg"
"984","National League - North - Play-offs","League","England","GB-ENG","3","2024","https://media.api-sports.io/football/leagues/984.png","https://media.api-sports.io/flags/gb-eng.svg"
"49","National League - Play-offs","League","England","GB-ENG","1","2018","https://media.api-sports.io/football/leagues/49.png","https://media.api-sports.io/flags/gb-eng.svg"
"51","National League - South","League","England","GB-ENG","8","2026","https://media.api-sports.io/football/leagues/51.png","https://media.api-sports.io/flags/gb-eng.svg"
"985","National League - South - Play-offs","League","England","GB-ENG","3","2024","https://media.api-sports.io/football/leagues/985.png","https://media.api-sports.io/flags/gb-eng.svg"
"52","Non League Div One - Isthmian North","League","England","GB-ENG","7","2025","https://media.api-sports.io/football/leagues/52.png","https://media.api-sports.io/flags/gb-eng.svg"
"53","Non League Div One - Isthmian South Central","League","England","GB-ENG","7","2025","https://media.api-sports.io/football/leagues/53.png","https://media.api-sports.io/flags/gb-eng.svg"
"57","Non League Div One - Isthmian South East","League","England","GB-ENG","7","2025","https://media.api-sports.io/football/leagues/57.png","https://media.api-sports.io/flags/gb-eng.svg"
"932","Non League Div One - Northern East","League","England","GB-ENG","4","2025","https://media.api-sports.io/football/leagues/932.png","https://media.api-sports.io/flags/gb-eng.svg"
"55","Non League Div One - Northern Midlands","League","England","GB-ENG","6","2025","https://media.api-sports.io/football/leagues/55.png","https://media.api-sports.io/flags/gb-eng.svg"
"54","Non League Div One - Northern West","League","England","GB-ENG","6","2025","https://media.api-sports.io/football/leagues/54.png","https://media.api-sports.io/flags/gb-eng.svg"
"986","Non League Div One - Play-offs","League","England","GB-ENG","3","2024","https://media.api-sports.io/football/leagues/986.png","https://media.api-sports.io/flags/gb-eng.svg"
"933","Non League Div One - Southern Central","League","England","GB-ENG","4","2025","https://media.api-sports.io/football/leagues/933.png","https://media.api-sports.io/flags/gb-eng.svg"
"56","Non League Div One - Southern South","League","England","GB-ENG","7","2025","https://media.api-sports.io/football/leagues/56.png","https://media.api-sports.io/flags/gb-eng.svg"
"58","Non League Premier - Isthmian","League","England","GB-ENG","8","2026","https://media.api-sports.io/football/leagues/58.png","https://media.api-sports.io/flags/gb-eng.svg"
"993","Non League Premier - Isthmian - Play-offs","League","England","GB-ENG","3","2024","https://media.api-sports.io/football/leagues/993.png","https://media.api-sports.io/flags/gb-eng.svg"
"59","Non League Premier - Northern","League","England","GB-ENG","8","2026","https://media.api-sports.io/football/leagues/59.png","https://media.api-sports.io/flags/gb-eng.svg"
"994","Non League Premier - Northern - Play-offs","League","England","GB-ENG","3","2024","https://media.api-sports.io/football/leagues/994.png","https://media.api-sports.io/flags/gb-eng.svg"
"931","Non League Premier - Southern Central","League","England","GB-ENG","5","2026","https://media.api-sports.io/football/leagues/931.png","https://media.api-sports.io/flags/gb-eng.svg"
"996","Non League Premier - Southern Central - Play-offs","League","England","GB-ENG","3","2024","https://media.api-sports.io/football/leagues/996.png","https://media.api-sports.io/flags/gb-eng.svg"
"60","Non League Premier - Southern South","League","England","GB-ENG","8","2026","https://media.api-sports.io/football/leagues/60.png","https://media.api-sports.io/flags/gb-eng.svg"
"995","Non League Premier - Southern South - Play-offs","League","England","GB-ENG","3","2024","https://media.api-sports.io/football/leagues/995.png","https://media.api-sports.io/flags/gb-eng.svg"
"39","Premier League","League","England","GB-ENG","17","2026","https://media.api-sports.io/football/leagues/39.png","https://media.api-sports.io/flags/gb-eng.svg"
"1022","Premier League - Summer Series","League","England","GB-ENG","3","2025","https://media.api-sports.io/football/leagues/1022.png","https://media.api-sports.io/flags/gb-eng.svg"
"702","Premier League 2 Division One","League","England","GB-ENG","7","2026","https://media.api-sports.io/football/leagues/702.png","https://media.api-sports.io/flags/gb-eng.svg"
"703","Professional Development League","League","England","GB-ENG","7","2026","https://media.api-sports.io/football/leagues/703.png","https://media.api-sports.io/flags/gb-eng.svg"
"987","U18 Premier League - Championship","League","England","GB-ENG","4","2025","https://media.api-sports.io/football/leagues/987.png","https://media.api-sports.io/flags/gb-eng.svg"
"695","U18 Premier League - North","League","England","GB-ENG","7","2026","https://media.api-sports.io/football/leagues/695.png","https://media.api-sports.io/flags/gb-eng.svg"
"696","U18 Premier League - South","League","England","GB-ENG","7","2026","https://media.api-sports.io/football/leagues/696.png","https://media.api-sports.io/flags/gb-eng.svg"
"699","Women's Championship","League","England","GB-ENG","7","2026","https://media.api-sports.io/football/leagues/699.png","https://media.api-sports.io/flags/gb-eng.svg"
"657","Cup","Cup","Estonia","EE","7","2026","https://media.api-sports.io/football/leagues/657.png","https://media.api-sports.io/flags/ee.svg"
"328","Esiliiga A","League","Estonia","EE","16","2026","https://media.api-sports.io/football/leagues/328.png","https://media.api-sports.io/flags/ee.svg"
"1126","Esiliiga B","League","Estonia","EE","3","2026","https://media.api-sports.io/football/leagues/1126.png","https://media.api-sports.io/flags/ee.svg"
"329","Meistriliiga","League","Estonia","EE","16","2026","https://media.api-sports.io/football/leagues/329.png","https://media.api-sports.io/flags/ee.svg"
"847","Premier League","League","Eswatini","SZ","7","2026","https://media.api-sports.io/football/leagues/847.png","https://media.api-sports.io/flags/sz.svg"
"1228","Ethiopia Cup","Cup","Ethiopia","ET","1","2026","https://media.api-sports.io/football/leagues/1228.png","https://media.api-sports.io/flags/et.svg"
"363","Premier League","League","Ethiopia","ET","11","2025","https://media.api-sports.io/football/leagues/363.png","https://media.api-sports.io/flags/et.svg"
"491","Løgmanssteypid","Cup","Faroe-Islands","FO","9","2026","https://media.api-sports.io/football/leagues/491.png","https://media.api-sports.io/flags/fo.svg"
"1177","Super Cup","Cup","Faroe-Islands","FO","2","2026","https://media.api-sports.io/football/leagues/1177.png","https://media.api-sports.io/flags/fo.svg"
"366","1. Deild","League","Faroe-Islands","FO","15","2026","https://media.api-sports.io/football/leagues/366.png","https://media.api-sports.io/flags/fo.svg"
"367","Meistaradeildin","League","Faroe-Islands","FO","15","2026","https://media.api-sports.io/football/leagues/367.png","https://media.api-sports.io/flags/fo.svg"
"376","National Football League","League","Fiji","FJ","13","2025","https://media.api-sports.io/football/leagues/376.png","https://media.api-sports.io/flags/fj.svg"
"700","Kakkosen Cup","Cup","Finland","FI","2","2021","https://media.api-sports.io/football/leagues/700.png","https://media.api-sports.io/flags/fi.svg"
"899","League Cup","Cup","Finland","FI","5","2026","https://media.api-sports.io/football/leagues/899.png","https://media.api-sports.io/flags/fi.svg"
"246","Suomen Cup","Cup","Finland","FI","15","2026","https://media.api-sports.io/football/leagues/246.png","https://media.api-sports.io/flags/fi.svg"
"901","Ykköscup","Cup","Finland","FI","5","2026","https://media.api-sports.io/football/leagues/901.png","https://media.api-sports.io/flags/fi.svg"
"247","Kakkonen - Lohko A","League","Finland","FI","15","2026","https://media.api-sports.io/football/leagues/247.png","https://media.api-sports.io/flags/fi.svg"
"248","Kakkonen - Lohko B","League","Finland","FI","15","2026","https://media.api-sports.io/football/leagues/248.png","https://media.api-sports.io/flags/fi.svg"
"249","Kakkonen - Lohko C","League","Finland","FI","15","2025","https://media.api-sports.io/football/leagues/249.png","https://media.api-sports.io/flags/fi.svg"
"1052","Kakkonen - Play-offs","League","Finland","FI","3","2025","https://media.api-sports.io/football/leagues/1052.png","https://media.api-sports.io/flags/fi.svg"
"640","Kansallinen Liiga","League","Finland","FI","7","2026","https://media.api-sports.io/football/leagues/640.png","https://media.api-sports.io/flags/fi.svg"
"244","Veikkausliiga","League","Finland","FI","15","2026","https://media.api-sports.io/football/leagues/244.png","https://media.api-sports.io/flags/fi.svg"
"245","Ykkönen","League","Finland","FI","15","2026","https://media.api-sports.io/football/leagues/245.png","https://media.api-sports.io/flags/fi.svg"
"1087","Ykkösliiga","League","Finland","FI","3","2026","https://media.api-sports.io/football/leagues/1087.png","https://media.api-sports.io/flags/fi.svg"
"66","Coupe de France","Cup","France","FR","15","2025","https://media.api-sports.io/football/leagues/66.png","https://media.api-sports.io/flags/fr.svg"
"65","Coupe de la Ligue","Cup","France","FR","9","2019","https://media.api-sports.io/football/leagues/65.png","https://media.api-sports.io/flags/fr.svg"
"526","Trophée des Champions","Cup","France","FR","15","2026","https://media.api-sports.io/football/leagues/526.png","https://media.api-sports.io/flags/fr.svg"
"64","Feminine Division 1","League","France","FR","14","2026","https://media.api-sports.io/football/leagues/64.png","https://media.api-sports.io/flags/fr.svg"
"61","Ligue 1","League","France","FR","17","2026","https://media.api-sports.io/football/leagues/61.png","https://media.api-sports.io/flags/fr.svg"
"62","Ligue 2","League","France","FR","17","2026","https://media.api-sports.io/football/leagues/62.png","https://media.api-sports.io/flags/fr.svg"
"63","Ligue 3","League","France","FR","16","2026","https://media.api-sports.io/football/leagues/63.png","https://media.api-sports.io/flags/fr.svg"
"67","National 2 - Group A","League","France","FR","16","2026","https://media.api-sports.io/football/leagues/67.png","https://media.api-sports.io/flags/fr.svg"
"68","National 2 - Group B","League","France","FR","16","2026","https://media.api-sports.io/football/leagues/68.png","https://media.api-sports.io/flags/fr.svg"
"69","National 2 - Group C","League","France","FR","16","2026","https://media.api-sports.io/football/leagues/69.png","https://media.api-sports.io/flags/fr.svg"
"70","National 2 - Group D","League","France","FR","13","2023","https://media.api-sports.io/football/leagues/70.png","https://media.api-sports.io/flags/fr.svg"
"461","National 3 - Group A","League","France","FR","7","2025","https://media.api-sports.io/football/leagues/461.png","https://media.api-sports.io/flags/fr.svg"
"462","National 3 - Group B","League","France","FR","7","2025","https://media.api-sports.io/football/leagues/462.png","https://media.api-sports.io/flags/fr.svg"
"463","National 3 - Group C","League","France","FR","7","2025","https://media.api-sports.io/football/leagues/463.png","https://media.api-sports.io/flags/fr.svg"
"464","National 3 - Group D","League","France","FR","7","2025","https://media.api-sports.io/football/leagues/464.png","https://media.api-sports.io/flags/fr.svg"
"465","National 3 - Group E","League","France","FR","7","2025","https://media.api-sports.io/football/leagues/465.png","https://media.api-sports.io/flags/fr.svg"
"466","National 3 - Group F","League","France","FR","7","2025","https://media.api-sports.io/football/leagues/466.png","https://media.api-sports.io/flags/fr.svg"
"1029","National 3 - Group G","League","France","FR","3","2025","https://media.api-sports.io/football/leagues/1029.png","https://media.api-sports.io/flags/fr.svg"
"467","National 3 - Group H","League","France","FR","7","2025","https://media.api-sports.io/football/leagues/467.png","https://media.api-sports.io/flags/fr.svg"
"468","National 3 - Group I","League","France","FR","6","2024","https://media.api-sports.io/football/leagues/468.png","https://media.api-sports.io/flags/fr.svg"
"469","National 3 - Group J","League","France","FR","6","2024","https://media.api-sports.io/football/leagues/469.png","https://media.api-sports.io/flags/fr.svg"
"470","National 3 - Group K","League","France","FR","5","2023","https://media.api-sports.io/football/leagues/470.png","https://media.api-sports.io/flags/fr.svg"
"471","National 3 - Group L","League","France","FR","4","2022","https://media.api-sports.io/football/leagues/471.png","https://media.api-sports.io/flags/fr.svg"
"472","National 3 - Group M","League","France","FR","4","2022","https://media.api-sports.io/football/leagues/472.png","https://media.api-sports.io/flags/fr.svg"
"968","Championnat D1","League","Gabon","GA","5","2026","https://media.api-sports.io/football/leagues/968.png","https://media.api-sports.io/flags/ga.svg"
"845","GFA League","League","Gambia","GM","6","2025","https://media.api-sports.io/football/leagues/845.png","https://media.api-sports.io/flags/gm.svg"
"672","David Kipiani Cup","Cup","Georgia","GE","7","2026","https://media.api-sports.io/football/leagues/672.png","https://media.api-sports.io/flags/ge.svg"
"530","Super Cup","Cup","Georgia","GE","9","2026","https://media.api-sports.io/football/leagues/530.png","https://media.api-sports.io/flags/ge.svg"
"327","Erovnuli Liga","League","Georgia","GE","13","2026","https://media.api-sports.io/football/leagues/327.png","https://media.api-sports.io/flags/ge.svg"
"326","Erovnuli Liga 2","League","Georgia","GE","16","2026","https://media.api-sports.io/football/leagues/326.png","https://media.api-sports.io/flags/ge.svg"
"1104","Liga 3","League","Georgia","GE","3","2026","https://media.api-sports.io/football/leagues/1104.png","https://media.api-sports.io/flags/ge.svg"
"715","DFB Junioren Pokal","Cup","Germany","DE","7","2026","https://media.api-sports.io/football/leagues/715.png","https://media.api-sports.io/flags/de.svg"
"81","DFB Pokal","Cup","Germany","DE","16","2026","https://media.api-sports.io/football/leagues/81.png","https://media.api-sports.io/flags/de.svg"
"947","DFB Pokal - Women","Cup","Germany","DE","5","2026","https://media.api-sports.io/football/leagues/947.png","https://media.api-sports.io/flags/de.svg"
"529","Super Cup","Cup","Germany","DE","16","2026","https://media.api-sports.io/football/leagues/529.png","https://media.api-sports.io/flags/de.svg"
"79","2. Bundesliga","League","Germany","DE","16","2026","https://media.api-sports.io/football/leagues/79.png","https://media.api-sports.io/flags/de.svg"
"1034","2. Frauen Bundesliga","League","Germany","DE","4","2026","https://media.api-sports.io/football/leagues/1034.png","https://media.api-sports.io/flags/de.svg"
"80","3. Liga","League","Germany","DE","16","2026","https://media.api-sports.io/football/leagues/80.png","https://media.api-sports.io/flags/de.svg"
"78","Bundesliga","League","Germany","DE","17","2026","https://media.api-sports.io/football/leagues/78.png","https://media.api-sports.io/flags/de.svg"
"82","Frauen Bundesliga","League","Germany","DE","11","2026","https://media.api-sports.io/football/leagues/82.png","https://media.api-sports.io/flags/de.svg"
"753","Oberliga - Baden-Württemberg","League","Germany","DE","7","2026","https://media.api-sports.io/football/leagues/753.png","https://media.api-sports.io/flags/de.svg"
"938","Oberliga - Bayern Nord","League","Germany","DE","5","2026","https://media.api-sports.io/football/leagues/938.png","https://media.api-sports.io/flags/de.svg"
"939","Oberliga - Bayern Süd","League","Germany","DE","5","2026","https://media.api-sports.io/football/leagues/939.png","https://media.api-sports.io/flags/de.svg"
"749","Oberliga - Bremen","League","Germany","DE","7","2026","https://media.api-sports.io/football/leagues/749.png","https://media.api-sports.io/flags/de.svg"
"745","Oberliga - Hamburg","League","Germany","DE","7","2026","https://media.api-sports.io/football/leagues/745.png","https://media.api-sports.io/flags/de.svg"
"750","Oberliga - Hessen","League","Germany","DE","7","2026","https://media.api-sports.io/football/leagues/750.png","https://media.api-sports.io/flags/de.svg"
"746","Oberliga - Mittelrhein","League","Germany","DE","7","2026","https://media.api-sports.io/football/leagues/746.png","https://media.api-sports.io/flags/de.svg"
"751","Oberliga - Niederrhein","League","Germany","DE","7","2026","https://media.api-sports.io/football/leagues/751.png","https://media.api-sports.io/flags/de.svg"
"748","Oberliga - Niedersachsen","League","Germany","DE","7","2026","https://media.api-sports.io/football/leagues/748.png","https://media.api-sports.io/flags/de.svg"
"754","Oberliga - Nordost-Nord","League","Germany","DE","7","2026","https://media.api-sports.io/football/leagues/754.png","https://media.api-sports.io/flags/de.svg"
"755","Oberliga - Nordost-Süd","League","Germany","DE","7","2026","https://media.api-sports.io/football/leagues/755.png","https://media.api-sports.io/flags/de.svg"
"988","Oberliga - Promotion Round","League","Germany","DE","4","2025","https://media.api-sports.io/football/leagues/988.png","https://media.api-sports.io/flags/de.svg"
"989","Oberliga - Relegation Round","League","Germany","DE","4","2025","https://media.api-sports.io/football/leagues/989.png","https://media.api-sports.io/flags/de.svg"
"752","Oberliga - Rheinland-Pfalz / Saar","League","Germany","DE","7","2026","https://media.api-sports.io/football/leagues/752.png","https://media.api-sports.io/flags/de.svg"
"744","Oberliga - Schleswig-Holstein","League","Germany","DE","7","2026","https://media.api-sports.io/football/leagues/744.png","https://media.api-sports.io/flags/de.svg"
"747","Oberliga - Westfalen","League","Germany","DE","7","2026","https://media.api-sports.io/football/leagues/747.png","https://media.api-sports.io/flags/de.svg"
"83","Regionalliga - Bayern","League","Germany","DE","7","2026","https://media.api-sports.io/football/leagues/83.png","https://media.api-sports.io/flags/de.svg"
"84","Regionalliga - Nord","League","Germany","DE","8","2026","https://media.api-sports.io/football/leagues/84.png","https://media.api-sports.io/flags/de.svg"
"85","Regionalliga - Nordost","League","Germany","DE","8","2026","https://media.api-sports.io/football/leagues/85.png","https://media.api-sports.io/flags/de.svg"
"1002","Regionalliga - Promotion Play-offs","League","Germany","DE","4","2025","https://media.api-sports.io/football/leagues/1002.png","https://media.api-sports.io/flags/de.svg"
"1003","Regionalliga - Relegation Round","League","Germany","DE","3","2024","https://media.api-sports.io/football/leagues/1003.png","https://media.api-sports.io/flags/de.svg"
"86","Regionalliga - SudWest","League","Germany","DE","8","2026","https://media.api-sports.io/football/leagues/86.png","https://media.api-sports.io/flags/de.svg"
"87","Regionalliga - West","League","Germany","DE","8","2026","https://media.api-sports.io/football/leagues/87.png","https://media.api-sports.io/flags/de.svg"
"1137","Supercup der Frauen","League","Germany","DE","3","2026","https://media.api-sports.io/football/leagues/1137.png","https://media.api-sports.io/flags/de.svg"
"488","U19 Bundesliga","League","Germany","DE","11","2026","https://media.api-sports.io/football/leagues/488.png","https://media.api-sports.io/flags/de.svg"
"966","Cup","Cup","Ghana","GH","4","2025","https://media.api-sports.io/football/leagues/966.png","https://media.api-sports.io/flags/gh.svg"
"1144","Super Cup","Cup","Ghana","GH","2","2025","https://media.api-sports.io/football/leagues/1144.png","https://media.api-sports.io/flags/gh.svg"
"1196","Division One League","League","Ghana","GH","2","2026","https://media.api-sports.io/football/leagues/1196.png","https://media.api-sports.io/flags/gh.svg"
"570","Premier League","League","Ghana","GH","16","2026","https://media.api-sports.io/football/leagues/570.png","https://media.api-sports.io/flags/gh.svg"
"837","Rock Cup","Cup","Gibraltar","GI","6","2026","https://media.api-sports.io/football/leagues/837.png","https://media.api-sports.io/flags/gi.svg"
"1042","Super Cup","Cup","Gibraltar","GI","4","2026","https://media.api-sports.io/football/leagues/1042.png","https://media.api-sports.io/flags/gi.svg"
"758","Premier Division","League","Gibraltar","GI","7","2026","https://media.api-sports.io/football/leagues/758.png","https://media.api-sports.io/flags/gi.svg"
"199","Cup","Cup","Greece","GR","16","2026","https://media.api-sports.io/football/leagues/199.png","https://media.api-sports.io/flags/gr.svg"
"1210","Super Cup","Cup","Greece","GR","2","2027","https://media.api-sports.io/football/leagues/1210.png","https://media.api-sports.io/flags/gr.svg"
"198","Football League","League","Greece","GR","10","2020","https://media.api-sports.io/football/leagues/198.png","https://media.api-sports.io/flags/gr.svg"
"576","Gamma Ethniki - Group 1","League","Greece","GR","8","2026","https://media.api-sports.io/football/leagues/576.png","https://media.api-sports.io/flags/gr.svg"
"694","Gamma Ethniki - Group 10","League","Greece","GR","1","2020","https://media.api-sports.io/football/leagues/694.png","https://media.api-sports.io/flags/gr.svg"
"577","Gamma Ethniki - Group 2","League","Greece","GR","8","2026","https://media.api-sports.io/football/leagues/577.png","https://media.api-sports.io/flags/gr.svg"
"578","Gamma Ethniki - Group 3","League","Greece","GR","8","2026","https://media.api-sports.io/football/leagues/578.png","https://media.api-sports.io/flags/gr.svg"
"579","Gamma Ethniki - Group 4","League","Greece","GR","8","2026","https://media.api-sports.io/football/leagues/579.png","https://media.api-sports.io/flags/gr.svg"
"580","Gamma Ethniki - Group 5","League","Greece","GR","6","2026","https://media.api-sports.io/football/leagues/580.png","https://media.api-sports.io/flags/gr.svg"
"581","Gamma Ethniki - Group 6","League","Greece","GR","5","2026","https://media.api-sports.io/football/leagues/581.png","https://media.api-sports.io/flags/gr.svg"
"582","Gamma Ethniki - Group 7","League","Greece","GR","3","2021","https://media.api-sports.io/football/leagues/582.png","https://media.api-sports.io/flags/gr.svg"
"583","Gamma Ethniki - Group 8","League","Greece","GR","2","2020","https://media.api-sports.io/football/leagues/583.png","https://media.api-sports.io/flags/gr.svg"
"693","Gamma Ethniki - Group 9","League","Greece","GR","1","2020","https://media.api-sports.io/football/leagues/693.png","https://media.api-sports.io/flags/gr.svg"
"990","Gamma Ethniki - Promotion Group","League","Greece","GR","2","2026","https://media.api-sports.io/football/leagues/990.png","https://media.api-sports.io/flags/gr.svg"
"1099","Gamma Ethniki - Relegation Play-offs","League","Greece","GR","1","2023","https://media.api-sports.io/football/leagues/1099.png","https://media.api-sports.io/flags/gr.svg"
"197","Super League 1","League","Greece","GR","16","2026","https://media.api-sports.io/football/leagues/197.png","https://media.api-sports.io/flags/gr.svg"
"494","Super League 2","League","Greece","GR","8","2026","https://media.api-sports.io/football/leagues/494.png","https://media.api-sports.io/flags/gr.svg"
"1080","Premier Division","League","Grenada","GD","3","2025","https://media.api-sports.io/football/leagues/1080.png","https://media.api-sports.io/flags/gd.svg"
"377","Division d'Honneur","League","Guadeloupe","GP","14","2024","https://media.api-sports.io/football/leagues/377.png","https://media.api-sports.io/flags/gp.svg"
"339","Liga Nacional","League","Guatemala","GT","16","2026","https://media.api-sports.io/football/leagues/339.png","https://media.api-sports.io/flags/gt.svg"
"338","Primera Division","League","Guatemala","GT","14","2024","https://media.api-sports.io/football/leagues/338.png","https://media.api-sports.io/flags/gt.svg"
"378","Ligue 1","League","Guinea","GN","12","2025","https://media.api-sports.io/football/leagues/378.png","https://media.api-sports.io/flags/gn.svg"
"379","Ligue Haïtienne","League","Haiti","HT","12","2025","https://media.api-sports.io/football/leagues/379.png","https://media.api-sports.io/flags/ht.svg"
"234","Liga Nacional","League","Honduras","HN","16","2026","https://media.api-sports.io/football/leagues/234.png","https://media.api-sports.io/flags/hn.svg"
"544","FA Cup","Cup","Hong-Kong","HK","9","2027","https://media.api-sports.io/football/leagues/544.png","https://media.api-sports.io/flags/hk.svg"
"1209","Guangdong - Hong Kong Cup","Cup","Hong-Kong","HK","1","2026","https://media.api-sports.io/football/leagues/1209.png","https://media.api-sports.io/flags/hk.svg"
"1051","HKPL Cup","Cup","Hong-Kong","HK","1","2024","https://media.api-sports.io/football/leagues/1051.png","https://media.api-sports.io/flags/hk.svg"
"1199","League Cup","Cup","Hong-Kong","HK","2","2026","https://media.api-sports.io/football/leagues/1199.png","https://media.api-sports.io/flags/hk.svg"
"1160","Sapling Cup","Cup","Hong-Kong","HK","1","2024","https://media.api-sports.io/football/leagues/1160.png","https://media.api-sports.io/flags/hk.svg"
"716","Senior Shield","Cup","Hong-Kong","HK","6","2026","https://media.api-sports.io/football/leagues/716.png","https://media.api-sports.io/flags/hk.svg"
"381","HKFA 1st Division","League","Hong-Kong","HK","15","2025","https://media.api-sports.io/football/leagues/381.png","https://media.api-sports.io/flags/hk.svg"
"380","Premier League","League","Hong-Kong","HK","16","2026","https://media.api-sports.io/football/leagues/380.png","https://media.api-sports.io/flags/hk.svg"
"273","Magyar Kupa","Cup","Hungary","HU","16","2026","https://media.api-sports.io/football/leagues/273.png","https://media.api-sports.io/flags/hu.svg"
"271","NB I","League","Hungary","HU","16","2026","https://media.api-sports.io/football/leagues/271.png","https://media.api-sports.io/flags/hu.svg"
"272","NB II","League","Hungary","HU","16","2026","https://media.api-sports.io/football/leagues/272.png","https://media.api-sports.io/flags/hu.svg"
"633","NB III - Northeast","League","Hungary","HU","8","2026","https://media.api-sports.io/football/leagues/633.png","https://media.api-sports.io/flags/hu.svg"
"635","NB III - Northwest","League","Hungary","HU","8","2026","https://media.api-sports.io/football/leagues/635.png","https://media.api-sports.io/flags/hu.svg"
"1111","NB III - Promotion Play-offs","League","Hungary","HU","3","2025","https://media.api-sports.io/football/leagues/1111.png","https://media.api-sports.io/flags/hu.svg"
"1023","NB III - Southeast","League","Hungary","HU","4","2026","https://media.api-sports.io/football/leagues/1023.png","https://media.api-sports.io/flags/hu.svg"
"634","NB III - Southwest","League","Hungary","HU","8","2026","https://media.api-sports.io/football/leagues/634.png","https://media.api-sports.io/flags/hu.svg"
"167","Cup","Cup","Iceland","IS","8","2026","https://media.api-sports.io/football/leagues/167.png","https://media.api-sports.io/flags/is.svg"
"815","Fotbolti.net Cup A","Cup","Iceland","IS","4","2026","https://media.api-sports.io/football/leagues/815.png","https://media.api-sports.io/flags/is.svg"
"168","League Cup","Cup","Iceland","IS","8","2026","https://media.api-sports.io/football/leagues/168.png","https://media.api-sports.io/flags/is.svg"
"814","Reykjavik Cup","Cup","Iceland","IS","6","2026","https://media.api-sports.io/football/leagues/814.png","https://media.api-sports.io/flags/is.svg"
"639","Super Cup","Cup","Iceland","IS","7","2026","https://media.api-sports.io/football/leagues/639.png","https://media.api-sports.io/flags/is.svg"
"165","1. Deild","League","Iceland","IS","11","2026","https://media.api-sports.io/football/leagues/165.png","https://media.api-sports.io/flags/is.svg"
"166","2. Deild","League","Iceland","IS","11","2026","https://media.api-sports.io/football/leagues/166.png","https://media.api-sports.io/flags/is.svg"
"164","Úrvalsdeild","League","Iceland","IS","11","2026","https://media.api-sports.io/football/leagues/164.png","https://media.api-sports.io/flags/is.svg"
"671","Úrvalsdeild Women","League","Iceland","IS","6","2025","https://media.api-sports.io/football/leagues/671.png","https://media.api-sports.io/flags/is.svg"
"545","AIFF Super Cup","Cup","India","IN","6","2026","https://media.api-sports.io/football/leagues/545.png","https://media.api-sports.io/flags/in.svg"
"1201","IFA Shield","Cup","India","IN","2","2026","https://media.api-sports.io/football/leagues/1201.png","https://media.api-sports.io/flags/in.svg"
"325","Santosh Trophy","Cup","India","IN","7","2025","https://media.api-sports.io/football/leagues/325.png","https://media.api-sports.io/flags/in.svg"
"1020","Calcutta Premier Division","League","India","IN","4","2026","https://media.api-sports.io/football/leagues/1020.png","https://media.api-sports.io/flags/in.svg"
"324","I-League","League","India","IN","8","2025","https://media.api-sports.io/football/leagues/324.png","https://media.api-sports.io/flags/in.svg"
"717","I-League - 2nd Division","League","India","IN","6","2026","https://media.api-sports.io/football/leagues/717.png","https://media.api-sports.io/flags/in.svg"
"323","Indian Super League","League","India","IN","8","2025","https://media.api-sports.io/football/leagues/323.png","https://media.api-sports.io/flags/in.svg"
"718","Piala Indonesia","Cup","Indonesia","ID","1","2018","https://media.api-sports.io/football/leagues/718.png","https://media.api-sports.io/flags/id.svg"
"924","Piala Presiden","Cup","Indonesia","ID","4","2026","https://media.api-sports.io/football/leagues/924.png","https://media.api-sports.io/flags/id.svg"
"274","Liga 1","League","Indonesia","ID","10","2026","https://media.api-sports.io/football/leagues/274.png","https://media.api-sports.io/flags/id.svg"
"275","Liga 2","League","Indonesia","ID","8","2026","https://media.api-sports.io/football/leagues/275.png","https://media.api-sports.io/flags/id.svg"
"495","Hazfi Cup","Cup","Iran","IR","10","2025","https://media.api-sports.io/football/leagues/495.png","https://media.api-sports.io/flags/ir.svg"
"905","Super Cup","Cup","Iran","IR","4","2025","https://media.api-sports.io/football/leagues/905.png","https://media.api-sports.io/flags/ir.svg"
"291","Azadegan League","League","Iran","IR","11","2026","https://media.api-sports.io/football/leagues/291.png","https://media.api-sports.io/flags/ir.svg"
"290","Persian Gulf Pro League","League","Iran","IR","11","2026","https://media.api-sports.io/football/leagues/290.png","https://media.api-sports.io/flags/ir.svg"
"542","Iraqi League","League","Iraq","IQ","8","2026","https://media.api-sports.io/football/leagues/542.png","https://media.api-sports.io/flags/iq.svg"
"359","FAI Cup","Cup","Ireland","IE","8","2026","https://media.api-sports.io/football/leagues/359.png","https://media.api-sports.io/flags/ie.svg"
"546","FAI President's Cup","Cup","Ireland","IE","7","2025","https://media.api-sports.io/football/leagues/546.png","https://media.api-sports.io/flags/ie.svg"
"360","League Cup","Cup","Ireland","IE","2","2020","https://media.api-sports.io/football/leagues/360.png","https://media.api-sports.io/flags/ie.svg"
"1175","Women's President's Cup","Cup","Ireland","IE","2","2026","https://media.api-sports.io/football/leagues/1175.png","https://media.api-sports.io/flags/ie.svg"
"358","First Division","League","Ireland","IE","8","2026","https://media.api-sports.io/football/leagues/358.png","https://media.api-sports.io/flags/ie.svg"
"357","Premier Division","League","Ireland","IE","8","2026","https://media.api-sports.io/football/leagues/357.png","https://media.api-sports.io/flags/ie.svg"
"384","State Cup","Cup","Israel","IL","9","2026","https://media.api-sports.io/football/leagues/384.png","https://media.api-sports.io/flags/il.svg"
"659","Super Cup","Cup","Israel","IL","7","2026","https://media.api-sports.io/football/leagues/659.png","https://media.api-sports.io/flags/il.svg"
"385","Toto Cup Ligat Al","Cup","Israel","IL","8","2026","https://media.api-sports.io/football/leagues/385.png","https://media.api-sports.io/flags/il.svg"
"496","Liga Alef","League","Israel","IL","11","2026","https://media.api-sports.io/football/leagues/496.png","https://media.api-sports.io/flags/il.svg"
"382","Liga Leumit","League","Israel","IL","11","2026","https://media.api-sports.io/football/leagues/382.png","https://media.api-sports.io/flags/il.svg"
"383","Ligat Ha'al","League","Israel","IL","11","2026","https://media.api-sports.io/football/leagues/383.png","https://media.api-sports.io/flags/il.svg"
"137","Coppa Italia","Cup","Italy","IT","11","2026","https://media.api-sports.io/football/leagues/137.png","https://media.api-sports.io/flags/it.svg"
"704","Coppa Italia Primavera","Cup","Italy","IT","7","2026","https://media.api-sports.io/football/leagues/704.png","https://media.api-sports.io/flags/it.svg"
"891","Coppa Italia Serie C","Cup","Italy","IT","6","2026","https://media.api-sports.io/football/leagues/891.png","https://media.api-sports.io/flags/it.svg"
"892","Coppa Italia Serie D","Cup","Italy","IT","6","2026","https://media.api-sports.io/football/leagues/892.png","https://media.api-sports.io/flags/it.svg"
"1171","Coppa Italia Women","Cup","Italy","IT","2","2025","https://media.api-sports.io/football/leagues/1171.png","https://media.api-sports.io/flags/it.svg"
"1198","Serie A Cup Women","Cup","Italy","IT","2","2026","https://media.api-sports.io/football/leagues/1198.png","https://media.api-sports.io/flags/it.svg"
"547","Super Cup","Cup","Italy","IT","11","2025","https://media.api-sports.io/football/leagues/547.png","https://media.api-sports.io/flags/it.svg"
"817","Super Cup Primavera","Cup","Italy","IT","6","2025","https://media.api-sports.io/football/leagues/817.png","https://media.api-sports.io/flags/it.svg"
"705","Campionato Primavera - 1","League","Italy","IT","7","2026","https://media.api-sports.io/football/leagues/705.png","https://media.api-sports.io/flags/it.svg"
"706","Campionato Primavera - 2","League","Italy","IT","7","2026","https://media.api-sports.io/football/leagues/706.png","https://media.api-sports.io/flags/it.svg"
"135","Serie A","League","Italy","IT","17","2026","https://media.api-sports.io/football/leagues/135.png","https://media.api-sports.io/flags/it.svg"
"139","Serie A Women","League","Italy","IT","11","2026","https://media.api-sports.io/football/leagues/139.png","https://media.api-sports.io/flags/it.svg"
"136","Serie B","League","Italy","IT","11","2026","https://media.api-sports.io/football/leagues/136.png","https://media.api-sports.io/flags/it.svg"
"138","Serie C - Girone A","League","Italy","IT","11","2026","https://media.api-sports.io/football/leagues/138.png","https://media.api-sports.io/flags/it.svg"
"942","Serie C - Girone B","League","Italy","IT","9","2026","https://media.api-sports.io/football/leagues/942.png","https://media.api-sports.io/flags/it.svg"
"943","Serie C - Girone C","League","Italy","IT","9","2026","https://media.api-sports.io/football/leagues/943.png","https://media.api-sports.io/flags/it.svg"
"976","Serie C - Promotion - Play-offs","League","Italy","IT","4","2025","https://media.api-sports.io/football/leagues/976.png","https://media.api-sports.io/flags/it.svg"
"975","Serie C - Relegation - Play-offs","League","Italy","IT","4","2025","https://media.api-sports.io/football/leagues/975.png","https://media.api-sports.io/flags/it.svg"
"974","Serie C - Supercoppa Lega Finals","League","Italy","IT","4","2025","https://media.api-sports.io/football/leagues/974.png","https://media.api-sports.io/flags/it.svg"
"999","Serie D - Championship Round","League","Italy","IT","4","2025","https://media.api-sports.io/football/leagues/999.png","https://media.api-sports.io/flags/it.svg"
"426","Serie D - Girone A","League","Italy","IT","7","2026","https://media.api-sports.io/football/leagues/426.png","https://media.api-sports.io/flags/it.svg"
"427","Serie D - Girone B","League","Italy","IT","7","2026","https://media.api-sports.io/football/leagues/427.png","https://media.api-sports.io/flags/it.svg"
"428","Serie D - Girone C","League","Italy","IT","7","2026","https://media.api-sports.io/football/leagues/428.png","https://media.api-sports.io/flags/it.svg"
"429","Serie D - Girone D","League","Italy","IT","7","2026","https://media.api-sports.io/football/leagues/429.png","https://media.api-sports.io/flags/it.svg"
"430","Serie D - Girone E","League","Italy","IT","7","2026","https://media.api-sports.io/football/leagues/430.png","https://media.api-sports.io/flags/it.svg"
"431","Serie D - Girone F","League","Italy","IT","7","2026","https://media.api-sports.io/football/leagues/431.png","https://media.api-sports.io/flags/it.svg"
"432","Serie D - Girone G","League","Italy","IT","7","2026","https://media.api-sports.io/football/leagues/432.png","https://media.api-sports.io/flags/it.svg"
"433","Serie D - Girone H","League","Italy","IT","7","2026","https://media.api-sports.io/football/leagues/433.png","https://media.api-sports.io/flags/it.svg"
"434","Serie D - Girone I","League","Italy","IT","7","2026","https://media.api-sports.io/football/leagues/434.png","https://media.api-sports.io/flags/it.svg"
"997","Serie D - Promotion - Play-offs","League","Italy","IT","3","2024","https://media.api-sports.io/football/leagues/997.png","https://media.api-sports.io/flags/it.svg"
"998","Serie D - Relegation - Play-offs","League","Italy","IT","3","2024","https://media.api-sports.io/football/leagues/998.png","https://media.api-sports.io/flags/it.svg"
"386","Ligue 1","League","Ivory-Coast","CI","10","2025","https://media.api-sports.io/football/leagues/386.png","https://media.api-sports.io/flags/ci.svg"
"322","Premier League","League","Jamaica","JM","16","2026","https://media.api-sports.io/football/leagues/322.png","https://media.api-sports.io/flags/jm.svg"
"102","Emperor Cup","Cup","Japan","JP","15","2026","https://media.api-sports.io/football/leagues/102.png","https://media.api-sports.io/flags/jp.svg"
"101","J-League Cup","Cup","Japan","JP","15","2026","https://media.api-sports.io/football/leagues/101.png","https://media.api-sports.io/flags/jp.svg"
"548","Super Cup","Cup","Japan","JP","6","2025","https://media.api-sports.io/football/leagues/548.png","https://media.api-sports.io/flags/jp.svg"
"98","J1 League","League","Japan","JP","16","2027","https://media.api-sports.io/football/leagues/98.png","https://media.api-sports.io/flags/jp.svg"
"99","J2 League","League","Japan","JP","15","2026","https://media.api-sports.io/football/leagues/99.png","https://media.api-sports.io/flags/jp.svg"
"1235","J2/J3 League","League","Japan","JP","1","2026","https://media.api-sports.io/football/leagues/1235.png","https://media.api-sports.io/flags/jp.svg"
"100","J3 League","League","Japan","JP","15","2026","https://media.api-sports.io/football/leagues/100.png","https://media.api-sports.io/flags/jp.svg"
"497","Japan Football League","League","Japan","JP","10","2025","https://media.api-sports.io/football/leagues/497.png","https://media.api-sports.io/flags/jp.svg"
"854","WE League","League","Japan","JP","6","2026","https://media.api-sports.io/football/leagues/854.png","https://media.api-sports.io/flags/jp.svg"
"863","Cup","Cup","Jordan","JO","5","2025","https://media.api-sports.io/football/leagues/863.png","https://media.api-sports.io/flags/jo.svg"
"816","Shield Cup","Cup","Jordan","JO","5","2025","https://media.api-sports.io/football/leagues/816.png","https://media.api-sports.io/flags/jo.svg"
"838","Super Cup","Cup","Jordan","JO","6","2026","https://media.api-sports.io/football/leagues/838.png","https://media.api-sports.io/flags/jo.svg"
"387","League","League","Jordan","JO","15","2026","https://media.api-sports.io/football/leagues/387.png","https://media.api-sports.io/flags/jo.svg"
"498","Cup","Cup","Kazakhstan","KZ","10","2026","https://media.api-sports.io/football/leagues/498.png","https://media.api-sports.io/flags/kz.svg"
"818","Super Cup","Cup","Kazakhstan","KZ","6","2026","https://media.api-sports.io/football/leagues/818.png","https://media.api-sports.io/flags/kz.svg"
"388","1. Division","League","Kazakhstan","KZ","16","2026","https://media.api-sports.io/football/leagues/388.png","https://media.api-sports.io/flags/kz.svg"
"389","Premier League","League","Kazakhstan","KZ","15","2026","https://media.api-sports.io/football/leagues/389.png","https://media.api-sports.io/flags/kz.svg"
"971","Shield Cup","Cup","Kenya","KE","4","2026","https://media.api-sports.io/football/leagues/971.png","https://media.api-sports.io/flags/ke.svg"
"1193","Super Cup","Cup","Kenya","KE","1","2025","https://media.api-sports.io/football/leagues/1193.png","https://media.api-sports.io/flags/ke.svg"
"276","FKF Premier League","League","Kenya","KE","16","2026","https://media.api-sports.io/football/leagues/276.png","https://media.api-sports.io/flags/ke.svg"
"277","Super League","League","Kenya","KE","6","2025","https://media.api-sports.io/football/leagues/277.png","https://media.api-sports.io/flags/ke.svg"
"665","Cup","Cup","Kosovo","XK","7","2025","https://media.api-sports.io/football/leagues/665.png","https://media.api-sports.io/flags/xk.svg"
"819","Super Cup","Cup","Kosovo","XK","4","2024","https://media.api-sports.io/football/leagues/819.png","https://media.api-sports.io/flags/xk.svg"
"1195","Liga E Pare","League","Kosovo","XK","2","2026","https://media.api-sports.io/football/leagues/1195.png","https://media.api-sports.io/flags/xk.svg"
"664","Superliga","League","Kosovo","XK","8","2026","https://media.api-sports.io/football/leagues/664.png","https://media.api-sports.io/flags/xk.svg"
"820","Crown Prince Cup","Cup","Kuwait","KW","6","2025","https://media.api-sports.io/football/leagues/820.png","https://media.api-sports.io/flags/kw.svg"
"720","Emir Cup","Cup","Kuwait","KW","7","2026","https://media.api-sports.io/football/leagues/720.png","https://media.api-sports.io/flags/kw.svg"
"719","Super Cup","Cup","Kuwait","KW","6","2025","https://media.api-sports.io/football/leagues/719.png","https://media.api-sports.io/flags/kw.svg"
"331","Division 1","League","Kuwait","KW","9","2025","https://media.api-sports.io/football/leagues/331.png","https://media.api-sports.io/flags/kw.svg"
"330","Premier League","League","Kuwait","KW","16","2026","https://media.api-sports.io/football/leagues/330.png","https://media.api-sports.io/flags/kw.svg"
"569","Premier League","League","Kyrgyzstan","KG","11","2026","https://media.api-sports.io/football/leagues/569.png","https://media.api-sports.io/flags/kg.svg"
"647","Lao League","League","Laos","LA","6","2025","https://media.api-sports.io/football/leagues/647.png","https://media.api-sports.io/flags/la.svg"
"658","Cup","Cup","Latvia","LV","7","2026","https://media.api-sports.io/football/leagues/658.png","https://media.api-sports.io/flags/lv.svg"
"1176","Super Cup","Cup","Latvia","LV","2","2026","https://media.api-sports.io/football/leagues/1176.png","https://media.api-sports.io/flags/lv.svg"
"364","1. Liga","League","Latvia","LV","15","2026","https://media.api-sports.io/football/leagues/364.png","https://media.api-sports.io/flags/lv.svg"
"365","Virsliga","League","Latvia","LV","15","2026","https://media.api-sports.io/football/leagues/365.png","https://media.api-sports.io/flags/lv.svg"
"967","Cup","Cup","Lebanon","LB","4","2025","https://media.api-sports.io/football/leagues/967.png","https://media.api-sports.io/flags/lb.svg"
"1018","Federation Cup","Cup","Lebanon","LB","1","2023","https://media.api-sports.io/football/leagues/1018.png","https://media.api-sports.io/flags/lb.svg"
"390","Premier League","League","Lebanon","LB","15","2025","https://media.api-sports.io/football/leagues/390.png","https://media.api-sports.io/flags/lb.svg"
"962","Premier League","League","Lesotho","LS","5","2026","https://media.api-sports.io/football/leagues/962.png","https://media.api-sports.io/flags/ls.svg"
"760","LFA First Division","League","Liberia","LR","6","2025","https://media.api-sports.io/football/leagues/760.png","https://media.api-sports.io/flags/lr.svg"
"584","Premier League","League","Libya","LY","8","2025","https://media.api-sports.io/football/leagues/584.png","https://media.api-sports.io/flags/ly.svg"
"761","Cup","Cup","Liechtenstein","LI","7","2026","https://media.api-sports.io/football/leagues/761.png","https://media.api-sports.io/flags/li.svg"
"661","Cup","Cup","Lithuania","LT","7","2026","https://media.api-sports.io/football/leagues/661.png","https://media.api-sports.io/flags/lt.svg"
"839","Super Cup","Cup","Lithuania","LT","6","2026","https://media.api-sports.io/football/leagues/839.png","https://media.api-sports.io/flags/lt.svg"
"361","1 Lyga","League","Lithuania","LT","15","2026","https://media.api-sports.io/football/leagues/361.png","https://media.api-sports.io/flags/lt.svg"
"362","A Lyga","League","Lithuania","LT","15","2026","https://media.api-sports.io/football/leagues/362.png","https://media.api-sports.io/flags/lt.svg"
"721","Cup","Cup","Luxembourg","LU","7","2026","https://media.api-sports.io/football/leagues/721.png","https://media.api-sports.io/flags/lu.svg"
"261","National Division","League","Luxembourg","LU","16","2026","https://media.api-sports.io/football/leagues/261.png","https://media.api-sports.io/flags/lu.svg"
"969","Primeira Divisão","League","Macao","MO","4","2026","https://media.api-sports.io/football/leagues/969.png","https://media.api-sports.io/flags/mo.svg"
"756","Cup","Cup","Macedonia","MK","7","2026","https://media.api-sports.io/football/leagues/756.png","https://media.api-sports.io/flags/mk.svg"
"371","First League","League","Macedonia","MK","11","2026","https://media.api-sports.io/football/leagues/371.png","https://media.api-sports.io/flags/mk.svg"
"372","Second League","League","Macedonia","MK","10","2026","https://media.api-sports.io/football/leagues/372.png","https://media.api-sports.io/flags/mk.svg"
"391","Super League","League","Malawi","MW","8","2026","https://media.api-sports.io/football/leagues/391.png","https://media.api-sports.io/flags/mw.svg"
"500","FA Cup","Cup","Malaysia","MY","6","2026","https://media.api-sports.io/football/leagues/500.png","https://media.api-sports.io/flags/my.svg"
"1170","MFL Cup","Cup","Malaysia","MY","2","2026","https://media.api-sports.io/football/leagues/1170.png","https://media.api-sports.io/flags/my.svg"
"499","Malaysia Cup","Cup","Malaysia","MY","8","2025","https://media.api-sports.io/football/leagues/499.png","https://media.api-sports.io/flags/my.svg"
"279","Premier League","League","Malaysia","MY","7","2022","https://media.api-sports.io/football/leagues/279.png","https://media.api-sports.io/flags/my.svg"
"278","Super League","League","Malaysia","MY","11","2026","https://media.api-sports.io/football/leagues/278.png","https://media.api-sports.io/flags/my.svg"
"855","Dhivehi Premier League","League","Maldives","MV","3","2023","https://media.api-sports.io/football/leagues/855.png","https://media.api-sports.io/flags/mv.svg"
"598","Première Division","League","Mali","ML","13","2025","https://media.api-sports.io/football/leagues/598.png","https://media.api-sports.io/flags/ml.svg"
"1173","Challenge Cup","Cup","Malta","MT","2","2025","https://media.api-sports.io/football/leagues/1173.png","https://media.api-sports.io/flags/mt.svg"
"821","FA Trophy","Cup","Malta","MT","6","2025","https://media.api-sports.io/football/leagues/821.png","https://media.api-sports.io/flags/mt.svg"
"1050","Super Cup","Cup","Malta","MT","4","2026","https://media.api-sports.io/football/leagues/1050.png","https://media.api-sports.io/flags/mt.svg"
"392","Challenge League","League","Malta","MT","11","2026","https://media.api-sports.io/football/leagues/392.png","https://media.api-sports.io/flags/mt.svg"
"393","Premier League","League","Malta","MT","11","2026","https://media.api-sports.io/football/leagues/393.png","https://media.api-sports.io/flags/mt.svg"
"762","Premier League","League","Mauritania","MR","6","2025","https://media.api-sports.io/football/leagues/762.png","https://media.api-sports.io/flags/mr.svg"
"763","Mauritian League","League","Mauritius","MU","4","2024","https://media.api-sports.io/football/leagues/763.png","https://media.api-sports.io/flags/mu.svg"
"857","Campeón de Campeones","Cup","Mexico","MX","6","2026","https://media.api-sports.io/football/leagues/857.png","https://media.api-sports.io/flags/mx.svg"
"264","Copa MX","Cup","Mexico","MX","1","2019","https://media.api-sports.io/football/leagues/264.png","https://media.api-sports.io/flags/mx.svg"
"662","Copa por México","Cup","Mexico","MX","2","2022","https://media.api-sports.io/football/leagues/662.png","https://media.api-sports.io/flags/mx.svg"
"262","Liga MX","League","Mexico","MX","11","2026","https://media.api-sports.io/football/leagues/262.png","https://media.api-sports.io/flags/mx.svg"
"673","Liga MX Femenil","League","Mexico","MX","7","2026","https://media.api-sports.io/football/leagues/673.png","https://media.api-sports.io/flags/mx.svg"
"1200","Liga MX U21","League","Mexico","MX","2","2026","https://media.api-sports.io/football/leagues/1200.png","https://media.api-sports.io/flags/mx.svg"
"722","Liga Premier Serie A","League","Mexico","MX","7","2026","https://media.api-sports.io/football/leagues/722.png","https://media.api-sports.io/flags/mx.svg"
"872","Liga Premier Serie B","League","Mexico","MX","6","2026","https://media.api-sports.io/football/leagues/872.png","https://media.api-sports.io/flags/mx.svg"
"263","Liga de Expansión MX","League","Mexico","MX","11","2026","https://media.api-sports.io/football/leagues/263.png","https://media.api-sports.io/flags/mx.svg"
"1242","Primera Premier","League","Mexico","MX","1","2026","https://media.api-sports.io/football/leagues/1242.png","https://media.api-sports.io/flags/mx.svg"
"861","U20 League","League","Mexico","MX","2","2022","https://media.api-sports.io/football/leagues/861.png","https://media.api-sports.io/flags/mx.svg"
"1017","U23 League","League","Mexico","MX","2","2024","https://media.api-sports.io/football/leagues/1017.png","https://media.api-sports.io/flags/mx.svg"
"674","Cupa","Cup","Moldova","MD","7","2026","https://media.api-sports.io/football/leagues/674.png","https://media.api-sports.io/flags/md.svg"
"395","Liga 1","League","Moldova","MD","8","2026","https://media.api-sports.io/football/leagues/395.png","https://media.api-sports.io/flags/md.svg"
"394","Super Liga","League","Moldova","MD","11","2026","https://media.api-sports.io/football/leagues/394.png","https://media.api-sports.io/flags/md.svg"
"764","Premier League","League","Mongolia","MN","8","2027","https://media.api-sports.io/football/leagues/764.png","https://media.api-sports.io/flags/mn.svg"
"1131","Super Cup","League","Mongolia","MN","1","2024","https://media.api-sports.io/football/leagues/1131.png","https://media.api-sports.io/flags/mn.svg"
"723","Cup","Cup","Montenegro","ME","6","2025","https://media.api-sports.io/football/leagues/723.png","https://media.api-sports.io/flags/me.svg"
"355","First League","League","Montenegro","ME","9","2026","https://media.api-sports.io/football/leagues/355.png","https://media.api-sports.io/flags/me.svg"
"356","Second League","League","Montenegro","ME","9","2026","https://media.api-sports.io/football/leagues/356.png","https://media.api-sports.io/flags/me.svg"
"822","Cup","Cup","Morocco","MA","6","2025","https://media.api-sports.io/football/leagues/822.png","https://media.api-sports.io/flags/ma.svg"
"201","Botola 2","League","Morocco","MA","8","2025","https://media.api-sports.io/football/leagues/201.png","https://media.api-sports.io/flags/ma.svg"
"200","Botola Pro","League","Morocco","MA","11","2026","https://media.api-sports.io/football/leagues/200.png","https://media.api-sports.io/flags/ma.svg"
"588","National League","League","Myanmar","MM","15","2026","https://media.api-sports.io/football/leagues/588.png","https://media.api-sports.io/flags/mm.svg"
"409","Premier League","League","Namibia","NA","1","2018","https://media.api-sports.io/football/leagues/409.png","https://media.api-sports.io/flags/na.svg"
"590","A Division","League","Nepal","NP","3","2023","https://media.api-sports.io/football/leagues/590.png","https://media.api-sports.io/flags/np.svg"
"90","KNVB Beker","Cup","Netherlands","NL","11","2026","https://media.api-sports.io/football/leagues/90.png","https://media.api-sports.io/flags/nl.svg"
"543","Super Cup","Cup","Netherlands","NL","10","2025","https://media.api-sports.io/football/leagues/543.png","https://media.api-sports.io/flags/nl.svg"
"1190","Super Cup Women","Cup","Netherlands","NL","2","2025","https://media.api-sports.io/football/leagues/1190.png","https://media.api-sports.io/flags/nl.svg"
"92","Derde Divisie","League","Netherlands","NL","8","2026","https://media.api-sports.io/football/leagues/92.png","https://media.api-sports.io/flags/nl.svg"
"1004","Derde Divisie - Relegation Round","League","Netherlands","NL","4","2025","https://media.api-sports.io/football/leagues/1004.png","https://media.api-sports.io/flags/nl.svg"
"93","Derde Divisie - Sunday","League","Netherlands","NL","7","","https://media.api-sports.io/football/leagues/93.png","https://media.api-sports.io/flags/nl.svg"
"89","Eerste Divisie","League","Netherlands","NL","11","2026","https://media.api-sports.io/football/leagues/89.png","https://media.api-sports.io/flags/nl.svg"
"88","Eredivisie","League","Netherlands","NL","17","2026","https://media.api-sports.io/football/leagues/88.png","https://media.api-sports.io/flags/nl.svg"
"91","Eredivisie Women","League","Netherlands","NL","11","2026","https://media.api-sports.io/football/leagues/91.png","https://media.api-sports.io/flags/nl.svg"
"883","Reserve League","League","Netherlands","NL","1","2021","https://media.api-sports.io/football/leagues/883.png","https://media.api-sports.io/flags/nl.svg"
"492","Tweede Divisie","League","Netherlands","NL","10","2026","https://media.api-sports.io/football/leagues/492.png","https://media.api-sports.io/flags/nl.svg"
"724","U18 Divisie 1","League","Netherlands","NL","4","2023","https://media.api-sports.io/football/leagues/724.png","https://media.api-sports.io/flags/nl.svg"
"1152","U19 Divisie 1","League","Netherlands","NL","2","2025","https://media.api-sports.io/football/leagues/1152.png","https://media.api-sports.io/flags/nl.svg"
"675","U21 Divisie 1","League","Netherlands","NL","7","2026","https://media.api-sports.io/football/leagues/675.png","https://media.api-sports.io/flags/nl.svg"
"1127","Chatham Cup","Cup","New-Zealand","NZ","3","2026","https://media.api-sports.io/football/leagues/1127.png","https://media.api-sports.io/flags/nz.svg"
"954","National League - Central","League","New-Zealand","NZ","4","2025","https://media.api-sports.io/football/leagues/954.png","https://media.api-sports.io/flags/nz.svg"
"1056","National League - Championship - Final","League","New-Zealand","NZ","3","2025","https://media.api-sports.io/football/leagues/1056.png","https://media.api-sports.io/flags/nz.svg"
"955","National League - National","League","New-Zealand","NZ","5","2026","https://media.api-sports.io/football/leagues/955.png","https://media.api-sports.io/flags/nz.svg"
"956","National League - Northern","League","New-Zealand","NZ","4","2025","https://media.api-sports.io/football/leagues/956.png","https://media.api-sports.io/flags/nz.svg"
"957","National League - Southern","League","New-Zealand","NZ","4","2025","https://media.api-sports.io/football/leagues/957.png","https://media.api-sports.io/flags/nz.svg"
"280","Premiership","League","New-Zealand","NZ","5","","https://media.api-sports.io/football/leagues/280.png","https://media.api-sports.io/flags/nz.svg"
"1187","Copa Nicaragua","Cup","Nicaragua","NI","2","2026","https://media.api-sports.io/football/leagues/1187.png","https://media.api-sports.io/flags/ni.svg"
"565","Liga Primera U20","League","Nicaragua","NI","6","2025","https://media.api-sports.io/football/leagues/565.png","https://media.api-sports.io/flags/ni.svg"
"396","Primera Division","League","Nicaragua","NI","11","2026","https://media.api-sports.io/football/leagues/396.png","https://media.api-sports.io/flags/ni.svg"
"1231","Federation Cup","Cup","Nigeria","NG","1","2026","https://media.api-sports.io/football/leagues/1231.png","https://media.api-sports.io/flags/ng.svg"
"399","NPFL","League","Nigeria","NG","12","2027","https://media.api-sports.io/football/leagues/399.png","https://media.api-sports.io/flags/ng.svg"
"1019","Charity Shield","Cup","Northern-Ireland","GB-NIR","3","2025","https://media.api-sports.io/football/leagues/1019.png","https://media.api-sports.io/flags/gb-nir.svg"
"757","Irish Cup","Cup","Northern-Ireland","GB-NIR","6","2025","https://media.api-sports.io/football/leagues/757.png","https://media.api-sports.io/flags/gb-nir.svg"
"559","League Cup","Cup","Northern-Ireland","GB-NIR","9","2026","https://media.api-sports.io/football/leagues/559.png","https://media.api-sports.io/flags/gb-nir.svg"
"407","Championship","League","Northern-Ireland","GB-NIR","10","2026","https://media.api-sports.io/football/leagues/407.png","https://media.api-sports.io/flags/gb-nir.svg"
"561","Premier Intermediate League","League","Northern-Ireland","GB-NIR","8","2025","https://media.api-sports.io/football/leagues/561.png","https://media.api-sports.io/flags/gb-nir.svg"
"408","Premiership","League","Northern-Ireland","GB-NIR","10","2026","https://media.api-sports.io/football/leagues/408.png","https://media.api-sports.io/flags/gb-nir.svg"
"1103","Premiership Women","League","Northern-Ireland","GB-NIR","3","2026","https://media.api-sports.io/football/leagues/1103.png","https://media.api-sports.io/flags/gb-nir.svg"
"105","NM Cupen","Cup","Norway","NO","8","2027","https://media.api-sports.io/football/leagues/105.png","https://media.api-sports.io/flags/no.svg"
"823","Nasjonal U19 Champions League","Cup","Norway","NO","6","2026","https://media.api-sports.io/football/leagues/823.png","https://media.api-sports.io/flags/no.svg"
"1215","Obos Supercup","Cup","Norway","NO","1","2026","https://media.api-sports.io/football/leagues/1215.png","https://media.api-sports.io/flags/no.svg"
"557","Super Cup","Cup","Norway","NO","2","2019","https://media.api-sports.io/football/leagues/557.png","https://media.api-sports.io/flags/no.svg"
"104","1. Division","League","Norway","NO","11","2026","https://media.api-sports.io/football/leagues/104.png","https://media.api-sports.io/flags/no.svg"
"915","1. Division Women","League","Norway","NO","5","2026","https://media.api-sports.io/football/leagues/915.png","https://media.api-sports.io/flags/no.svg"
"473","2. Division - Group 1","League","Norway","NO","8","2026","https://media.api-sports.io/football/leagues/473.png","https://media.api-sports.io/flags/no.svg"
"474","2. Division - Group 2","League","Norway","NO","8","2026","https://media.api-sports.io/football/leagues/474.png","https://media.api-sports.io/flags/no.svg"
"1054","2. Division - Play-offs","League","Norway","NO","2","2024","https://media.api-sports.io/football/leagues/1054.png","https://media.api-sports.io/flags/no.svg"
"774","3. Division - Girone 1","League","Norway","NO","7","2026","https://media.api-sports.io/football/leagues/774.png","https://media.api-sports.io/flags/no.svg"
"775","3. Division - Girone 2","League","Norway","NO","7","2026","https://media.api-sports.io/football/leagues/775.png","https://media.api-sports.io/flags/no.svg"
"776","3. Division - Girone 3","League","Norway","NO","7","2026","https://media.api-sports.io/football/leagues/776.png","https://media.api-sports.io/flags/no.svg"
"777","3. Division - Girone 4","League","Norway","NO","7","2026","https://media.api-sports.io/football/leagues/777.png","https://media.api-sports.io/flags/no.svg"
"778","3. Division - Girone 5","League","Norway","NO","7","2026","https://media.api-sports.io/football/leagues/778.png","https://media.api-sports.io/flags/no.svg"
"779","3. Division - Girone 6","League","Norway","NO","7","2026","https://media.api-sports.io/football/leagues/779.png","https://media.api-sports.io/flags/no.svg"
"103","Eliteserien","League","Norway","NO","11","2026","https://media.api-sports.io/football/leagues/103.png","https://media.api-sports.io/flags/no.svg"
"725","Toppserien","League","Norway","NO","6","2026","https://media.api-sports.io/football/leagues/725.png","https://media.api-sports.io/flags/no.svg"
"1197","FA Cup","Cup","Oman","OM","2","2026","https://media.api-sports.io/football/leagues/1197.png","https://media.api-sports.io/flags/om.svg"
"726","Sultan Cup","Cup","Oman","OM","6","2025","https://media.api-sports.io/football/leagues/726.png","https://media.api-sports.io/flags/om.svg"
"944","Super Cup","Cup","Oman","OM","4","2025","https://media.api-sports.io/football/leagues/944.png","https://media.api-sports.io/flags/om.svg"
"406","Professional League","League","Oman","OM","16","2026","https://media.api-sports.io/football/leagues/406.png","https://media.api-sports.io/flags/om.svg"
"868","Premier League","League","Pakistan","PK","1","2021","https://media.api-sports.io/football/leagues/868.png","https://media.api-sports.io/flags/pk.svg"
"586","West Bank Premier League","League","Palestine","PS","13","2023","https://media.api-sports.io/football/leagues/586.png","https://media.api-sports.io/flags/ps.svg"
"304","Liga Panameña de Fútbol","League","Panama","PA","10","2026","https://media.api-sports.io/football/leagues/304.png","https://media.api-sports.io/flags/pa.svg"
"501","Copa Paraguay","Cup","Paraguay","PY","7","2026","https://media.api-sports.io/football/leagues/501.png","https://media.api-sports.io/flags/py.svg"
"961","Supercopa","Cup","Paraguay","PY","3","2025","https://media.api-sports.io/football/leagues/961.png","https://media.api-sports.io/flags/py.svg"
"251","Division Intermedia","League","Paraguay","PY","11","2026","https://media.api-sports.io/football/leagues/251.png","https://media.api-sports.io/flags/py.svg"
"250","Division Profesional - Apertura","League","Paraguay","PY","11","2026","https://media.api-sports.io/football/leagues/250.png","https://media.api-sports.io/flags/py.svg"
"252","Division Profesional - Clausura","League","Paraguay","PY","11","2026","https://media.api-sports.io/football/leagues/252.png","https://media.api-sports.io/flags/py.svg"
"502","Copa Bicentenario","Cup","Peru","PE","2","2020","https://media.api-sports.io/football/leagues/502.png","https://media.api-sports.io/flags/pe.svg"
"1232","Copa De La Liga","Cup","Peru","PE","1","2026","https://media.api-sports.io/football/leagues/1232.png","https://media.api-sports.io/flags/pe.svg"
"503","Copa Perú","Cup","Peru","PE","6","2025","https://media.api-sports.io/football/leagues/503.png","https://media.api-sports.io/flags/pe.svg"
"558","Supercopa","Cup","Peru","PE","1","2020","https://media.api-sports.io/football/leagues/558.png","https://media.api-sports.io/flags/pe.svg"
"1229","Liga Women","League","Peru","PE","1","2026","https://media.api-sports.io/football/leagues/1229.png","https://media.api-sports.io/flags/pe.svg"
"281","Primera División","League","Peru","PE","11","2026","https://media.api-sports.io/football/leagues/281.png","https://media.api-sports.io/flags/pe.svg"
"282","Segunda División","League","Peru","PE","11","2026","https://media.api-sports.io/football/leagues/282.png","https://media.api-sports.io/flags/pe.svg"
"867","Copa Paulino Alcantara","League","Philippines","PH","3","2023","https://media.api-sports.io/football/leagues/867.png","https://media.api-sports.io/flags/ph.svg"
"765","PFL","League","Philippines","PH","6","2027","https://media.api-sports.io/football/leagues/765.png","https://media.api-sports.io/flags/ph.svg"
"108","Cup","Cup","Poland","PL","8","2026","https://media.api-sports.io/football/leagues/108.png","https://media.api-sports.io/flags/pl.svg"
"727","Super Cup","Cup","Poland","PL","7","2026","https://media.api-sports.io/football/leagues/727.png","https://media.api-sports.io/flags/pl.svg"
"676","Central Youth League","League","Poland","PL","7","2026","https://media.api-sports.io/football/leagues/676.png","https://media.api-sports.io/flags/pl.svg"
"106","Ekstraklasa","League","Poland","PL","9","2026","https://media.api-sports.io/football/leagues/106.png","https://media.api-sports.io/flags/pl.svg"
"1033","Ekstraliga Women","League","Poland","PL","4","2026","https://media.api-sports.io/football/leagues/1033.png","https://media.api-sports.io/flags/pl.svg"
"107","I Liga","League","Poland","PL","9","2026","https://media.api-sports.io/football/leagues/107.png","https://media.api-sports.io/flags/pl.svg"
"109","II Liga - East","League","Poland","PL","8","2026","https://media.api-sports.io/football/leagues/109.png","https://media.api-sports.io/flags/pl.svg"
"780","III Liga - Group 1","League","Poland","PL","7","2026","https://media.api-sports.io/football/leagues/780.png","https://media.api-sports.io/flags/pl.svg"
"781","III Liga - Group 2","League","Poland","PL","7","2026","https://media.api-sports.io/football/leagues/781.png","https://media.api-sports.io/flags/pl.svg"
"782","III Liga - Group 3","League","Poland","PL","7","2026","https://media.api-sports.io/football/leagues/782.png","https://media.api-sports.io/flags/pl.svg"
"783","III Liga - Group 4","League","Poland","PL","7","2026","https://media.api-sports.io/football/leagues/783.png","https://media.api-sports.io/flags/pl.svg"
"550","Super Cup","Cup","Portugal","PT","11","2026","https://media.api-sports.io/football/leagues/550.png","https://media.api-sports.io/flags/pt.svg"
"840","Taça Revelação U23","Cup","Portugal","PT","6","2026","https://media.api-sports.io/football/leagues/840.png","https://media.api-sports.io/flags/pt.svg"
"97","Taça da Liga","Cup","Portugal","PT","8","2026","https://media.api-sports.io/football/leagues/97.png","https://media.api-sports.io/flags/pt.svg"
"96","Taça de Portugal","Cup","Portugal","PT","11","2026","https://media.api-sports.io/football/leagues/96.png","https://media.api-sports.io/flags/pt.svg"
"948","1a Divisão - Women","League","Portugal","PT","5","2026","https://media.api-sports.io/football/leagues/948.png","https://media.api-sports.io/flags/pt.svg"
"457","Campeonato de Portugal Prio - Group A","League","Portugal","PT","8","2026","https://media.api-sports.io/football/leagues/457.png","https://media.api-sports.io/flags/pt.svg"
"458","Campeonato de Portugal Prio - Group B","League","Portugal","PT","8","2026","https://media.api-sports.io/football/leagues/458.png","https://media.api-sports.io/flags/pt.svg"
"459","Campeonato de Portugal Prio - Group C","League","Portugal","PT","8","2026","https://media.api-sports.io/football/leagues/459.png","https://media.api-sports.io/flags/pt.svg"
"460","Campeonato de Portugal Prio - Group D","League","Portugal","PT","8","2026","https://media.api-sports.io/football/leagues/460.png","https://media.api-sports.io/flags/pt.svg"
"681","Campeonato de Portugal Prio - Group E","League","Portugal","PT","2","2021","https://media.api-sports.io/football/leagues/681.png","https://media.api-sports.io/flags/pt.svg"
"682","Campeonato de Portugal Prio - Group F","League","Portugal","PT","2","2021","https://media.api-sports.io/football/leagues/682.png","https://media.api-sports.io/flags/pt.svg"
"683","Campeonato de Portugal Prio - Group G","League","Portugal","PT","1","2020","https://media.api-sports.io/football/leagues/683.png","https://media.api-sports.io/flags/pt.svg"
"684","Campeonato de Portugal Prio - Group H","League","Portugal","PT","1","2020","https://media.api-sports.io/football/leagues/684.png","https://media.api-sports.io/flags/pt.svg"
"991","Campeonato de Portugal Prio - Promotion Round","League","Portugal","PT","4","2025","https://media.api-sports.io/football/leagues/991.png","https://media.api-sports.io/flags/pt.svg"
"1041","Júniores U19","League","Portugal","PT","4","2026","https://media.api-sports.io/football/leagues/1041.png","https://media.api-sports.io/flags/pt.svg"
"865","Liga 3","League","Portugal","PT","6","2026","https://media.api-sports.io/football/leagues/865.png","https://media.api-sports.io/flags/pt.svg"
"701","Liga Revelação U23","League","Portugal","PT","7","2026","https://media.api-sports.io/football/leagues/701.png","https://media.api-sports.io/flags/pt.svg"
"94","Primeira Liga","League","Portugal","PT","17","2026","https://media.api-sports.io/football/leagues/94.png","https://media.api-sports.io/flags/pt.svg"
"95","Segunda Liga","League","Portugal","PT","11","2026","https://media.api-sports.io/football/leagues/95.png","https://media.api-sports.io/flags/pt.svg"
"824","Emir Cup","Cup","Qatar","QA","6","2026","https://media.api-sports.io/football/leagues/824.png","https://media.api-sports.io/flags/qa.svg"
"841","QFA Cup","Cup","Qatar","QA","3","2022","https://media.api-sports.io/football/leagues/841.png","https://media.api-sports.io/flags/qa.svg"
"677","QSL Cup","Cup","Qatar","QA","8","2026","https://media.api-sports.io/football/leagues/677.png","https://media.api-sports.io/flags/qa.svg"
"825","Qatar Cup","Cup","Qatar","QA","5","2025","https://media.api-sports.io/football/leagues/825.png","https://media.api-sports.io/flags/qa.svg"
"306","Second Division","League","Qatar","QA","16","2026","https://media.api-sports.io/football/leagues/306.png","https://media.api-sports.io/flags/qa.svg"
"305","Stars League","League","Qatar","QA","16","2026","https://media.api-sports.io/football/leagues/305.png","https://media.api-sports.io/flags/qa.svg"
"285","Cupa României","Cup","Romania","RO","9","2026","https://media.api-sports.io/football/leagues/285.png","https://media.api-sports.io/flags/ro.svg"
"555","Supercupa","Cup","Romania","RO","11","2026","https://media.api-sports.io/football/leagues/555.png","https://media.api-sports.io/flags/ro.svg"
"728","Liga 1 Feminin","League","Romania","RO","7","2026","https://media.api-sports.io/football/leagues/728.png","https://media.api-sports.io/flags/ro.svg"
"283","Liga I","League","Romania","RO","11","2026","https://media.api-sports.io/football/leagues/283.png","https://media.api-sports.io/flags/ro.svg"
"284","Liga II","League","Romania","RO","11","2026","https://media.api-sports.io/football/leagues/284.png","https://media.api-sports.io/flags/ro.svg"
"1009","Liga III - Play-offs","League","Romania","RO","4","2025","https://media.api-sports.io/football/leagues/1009.png","https://media.api-sports.io/flags/ro.svg"
"784","Liga III - Serie 1","League","Romania","RO","6","2026","https://media.api-sports.io/football/leagues/784.png","https://media.api-sports.io/flags/ro.svg"
"793","Liga III - Serie 10","League","Romania","RO","4","2024","https://media.api-sports.io/football/leagues/793.png","https://media.api-sports.io/flags/ro.svg"
"785","Liga III - Serie 2","League","Romania","RO","6","2026","https://media.api-sports.io/football/leagues/785.png","https://media.api-sports.io/flags/ro.svg"
"786","Liga III - Serie 3","League","Romania","RO","6","2026","https://media.api-sports.io/football/leagues/786.png","https://media.api-sports.io/flags/ro.svg"
"787","Liga III - Serie 4","League","Romania","RO","6","2026","https://media.api-sports.io/football/leagues/787.png","https://media.api-sports.io/flags/ro.svg"
"788","Liga III - Serie 5","League","Romania","RO","6","2026","https://media.api-sports.io/football/leagues/788.png","https://media.api-sports.io/flags/ro.svg"
"789","Liga III - Serie 6","League","Romania","RO","6","2026","https://media.api-sports.io/football/leagues/789.png","https://media.api-sports.io/flags/ro.svg"
"790","Liga III - Serie 7","League","Romania","RO","6","2026","https://media.api-sports.io/football/leagues/790.png","https://media.api-sports.io/flags/ro.svg"
"791","Liga III - Serie 8","League","Romania","RO","6","2026","https://media.api-sports.io/football/leagues/791.png","https://media.api-sports.io/flags/ro.svg"
"792","Liga III - Serie 9","League","Romania","RO","4","2024","https://media.api-sports.io/football/leagues/792.png","https://media.api-sports.io/flags/ro.svg"
"237","Cup","Cup","Russia","RU","8","2026","https://media.api-sports.io/football/leagues/237.png","https://media.api-sports.io/flags/ru.svg"
"663","Super Cup","Cup","Russia","RU","7","2026","https://media.api-sports.io/football/leagues/663.png","https://media.api-sports.io/flags/ru.svg"
"1233","Super Cup Women","Cup","Russia","RU","1","2026","https://media.api-sports.io/football/leagues/1233.png","https://media.api-sports.io/flags/ru.svg"
"236","First League","League","Russia","RU","11","2026","https://media.api-sports.io/football/leagues/236.png","https://media.api-sports.io/flags/ru.svg"
"235","Premier League","League","Russia","RU","11","2026","https://media.api-sports.io/football/leagues/235.png","https://media.api-sports.io/flags/ru.svg"
"651","Second League - Group 1","League","Russia","RU","7","2026","https://media.api-sports.io/football/leagues/651.png","https://media.api-sports.io/flags/ru.svg"
"652","Second League - Group 2","League","Russia","RU","7","2026","https://media.api-sports.io/football/leagues/652.png","https://media.api-sports.io/flags/ru.svg"
"650","Second League - Group 3","League","Russia","RU","7","2026","https://media.api-sports.io/football/leagues/650.png","https://media.api-sports.io/flags/ru.svg"
"653","Second League - Group 4","League","Russia","RU","7","2026","https://media.api-sports.io/football/leagues/653.png","https://media.api-sports.io/flags/ru.svg"
"1025","Second League A - Division A Gold","League","Russia","RU","4","2026","https://media.api-sports.io/football/leagues/1025.png","https://media.api-sports.io/flags/ru.svg"
"1026","Second League A - Division A Silver","League","Russia","RU","4","2026","https://media.api-sports.io/football/leagues/1026.png","https://media.api-sports.io/flags/ru.svg"
"1121","Second League A - Promotion Play-offs","League","Russia","RU","2","2024","https://media.api-sports.io/football/leagues/1121.png","https://media.api-sports.io/flags/ru.svg"
"1061","Second League A - Spring Season Gold","League","Russia","RU","2","2024","https://media.api-sports.io/football/leagues/1061.png","https://media.api-sports.io/flags/ru.svg"
"1064","Second League A - Spring Season Silver","League","Russia","RU","2","2024","https://media.api-sports.io/football/leagues/1064.png","https://media.api-sports.io/flags/ru.svg"
"649","Supreme Division Women","League","Russia","RU","7","2026","https://media.api-sports.io/football/leagues/649.png","https://media.api-sports.io/flags/ru.svg"
"238","Youth Championship","League","Russia","RU","8","2026","https://media.api-sports.io/football/leagues/238.png","https://media.api-sports.io/flags/ru.svg"
"405","National Soccer League","League","Rwanda","RW","9","2026","https://media.api-sports.io/football/leagues/405.png","https://media.api-sports.io/flags/rw.svg"
"729","Coppa Titano","Cup","San-Marino","SM","7","2026","https://media.api-sports.io/football/leagues/729.png","https://media.api-sports.io/flags/sm.svg"
"884","Super Cup","Cup","San-Marino","SM","5","2025","https://media.api-sports.io/football/leagues/884.png","https://media.api-sports.io/flags/sm.svg"
"404","Campionato","League","San-Marino","SM","11","2026","https://media.api-sports.io/football/leagues/404.png","https://media.api-sports.io/flags/sm.svg"
"827","Crown Prince Cup","Cup","Saudi-Arabia","SA","1","2017","https://media.api-sports.io/football/leagues/827.png","https://media.api-sports.io/flags/sa.svg"
"504","King's Cup","Cup","Saudi-Arabia","SA","11","2027","https://media.api-sports.io/football/leagues/504.png","https://media.api-sports.io/flags/sa.svg"
"826","Super Cup","Cup","Saudi-Arabia","SA","6","2026","https://media.api-sports.io/football/leagues/826.png","https://media.api-sports.io/flags/sa.svg"
"308","Division 1","League","Saudi-Arabia","SA","11","2026","https://media.api-sports.io/football/leagues/308.png","https://media.api-sports.io/flags/sa.svg"
"309","Division 2","League","Saudi-Arabia","SA","5","2026","https://media.api-sports.io/football/leagues/309.png","https://media.api-sports.io/flags/sa.svg"
"1227","Premier League Women","League","Saudi-Arabia","SA","2","2027","https://media.api-sports.io/football/leagues/1227.png","https://media.api-sports.io/flags/sa.svg"
"307","Pro League","League","Saudi-Arabia","SA","11","2026","https://media.api-sports.io/football/leagues/307.png","https://media.api-sports.io/flags/sa.svg"
"182","Challenge Cup","Cup","Scotland","GB-SCT","7","2026","https://media.api-sports.io/football/leagues/182.png","https://media.api-sports.io/flags/gb-sct.svg"
"181","FA Cup","Cup","Scotland","GB-SCT","8","2026","https://media.api-sports.io/football/leagues/181.png","https://media.api-sports.io/flags/gb-sct.svg"
"185","League Cup","Cup","Scotland","GB-SCT","10","2026","https://media.api-sports.io/football/leagues/185.png","https://media.api-sports.io/flags/gb-sct.svg"
"1078","SWF Scottish Cup","Cup","Scotland","GB-SCT","1","2023","https://media.api-sports.io/football/leagues/1078.png","https://media.api-sports.io/flags/gb-sct.svg"
"1074","SWPL Cup","Cup","Scotland","GB-SCT","2","2025","https://media.api-sports.io/football/leagues/1074.png","https://media.api-sports.io/flags/gb-sct.svg"
"180","Championship","League","Scotland","GB-SCT","17","2026","https://media.api-sports.io/football/leagues/180.png","https://media.api-sports.io/flags/gb-sct.svg"
"992","Football League - Championship","League","Scotland","GB-SCT","3","2024","https://media.api-sports.io/football/leagues/992.png","https://media.api-sports.io/flags/gb-sct.svg"
"730","Football League - Highland League","League","Scotland","GB-SCT","7","2026","https://media.api-sports.io/football/leagues/730.png","https://media.api-sports.io/flags/gb-sct.svg"
"731","Football League - Lowland League","League","Scotland","GB-SCT","7","2026","https://media.api-sports.io/football/leagues/731.png","https://media.api-sports.io/flags/gb-sct.svg"
"183","League One","League","Scotland","GB-SCT","12","2026","https://media.api-sports.io/football/leagues/183.png","https://media.api-sports.io/flags/gb-sct.svg"
"184","League Two","League","Scotland","GB-SCT","12","2026","https://media.api-sports.io/football/leagues/184.png","https://media.api-sports.io/flags/gb-sct.svg"
"179","Premiership","League","Scotland","GB-SCT","17","2026","https://media.api-sports.io/football/leagues/179.png","https://media.api-sports.io/flags/gb-sct.svg"
"403","Ligue 1","League","Senegal","SN","11","2026","https://media.api-sports.io/football/leagues/403.png","https://media.api-sports.io/flags/sn.svg"
"732","Cup","Cup","Serbia","RS","7","2026","https://media.api-sports.io/football/leagues/732.png","https://media.api-sports.io/flags/rs.svg"
"287","Prva Liga","League","Serbia","RS","11","2026","https://media.api-sports.io/football/leagues/287.png","https://media.api-sports.io/flags/rs.svg"
"572","Srpska Liga - Belgrade","League","Serbia","RS","7","2025","https://media.api-sports.io/football/leagues/572.png","https://media.api-sports.io/flags/rs.svg"
"574","Srpska Liga - East","League","Serbia","RS","7","2025","https://media.api-sports.io/football/leagues/574.png","https://media.api-sports.io/flags/rs.svg"
"573","Srpska Liga - Vojvodina","League","Serbia","RS","7","2025","https://media.api-sports.io/football/leagues/573.png","https://media.api-sports.io/flags/rs.svg"
"575","Srpska Liga - West","League","Serbia","RS","7","2025","https://media.api-sports.io/football/leagues/575.png","https://media.api-sports.io/flags/rs.svg"
"286","Super Liga","League","Serbia","RS","11","2026","https://media.api-sports.io/football/leagues/286.png","https://media.api-sports.io/flags/rs.svg"
"1241","U19 league","League","Serbia","RS","1","2026","https://media.api-sports.io/football/leagues/1241.png","https://media.api-sports.io/flags/rs.svg"
"959","Cup","Cup","Singapore","SG","4","2025","https://media.api-sports.io/football/leagues/959.png","https://media.api-sports.io/flags/sg.svg"
"505","League Cup","Cup","Singapore","SG","5","2017","https://media.api-sports.io/football/leagues/505.png","https://media.api-sports.io/flags/sg.svg"
"368","Premier League","League","Singapore","SG","11","2026","https://media.api-sports.io/football/leagues/368.png","https://media.api-sports.io/flags/sg.svg"
"680","Cup","Cup","Slovakia","SK","7","2026","https://media.api-sports.io/football/leagues/680.png","https://media.api-sports.io/flags/sk.svg"
"506","2. liga","League","Slovakia","SK","11","2026","https://media.api-sports.io/football/leagues/506.png","https://media.api-sports.io/flags/sk.svg"
"643","3. liga - Bratislava","League","Slovakia","SK","2","2021","https://media.api-sports.io/football/leagues/643.png","https://media.api-sports.io/flags/sk.svg"
"646","3. liga - Center","League","Slovakia","SK","4","2026","https://media.api-sports.io/football/leagues/646.png","https://media.api-sports.io/flags/sk.svg"
"645","3. liga - East","League","Slovakia","SK","7","2026","https://media.api-sports.io/football/leagues/645.png","https://media.api-sports.io/flags/sk.svg"
"1185","3. liga - Play-offs","League","Slovakia","SK","1","2025","https://media.api-sports.io/football/leagues/1185.png","https://media.api-sports.io/flags/sk.svg"
"644","3. liga - West","League","Slovakia","SK","7","2026","https://media.api-sports.io/football/leagues/644.png","https://media.api-sports.io/flags/sk.svg"
"733","I Liga - Women","League","Slovakia","SK","7","2026","https://media.api-sports.io/football/leagues/733.png","https://media.api-sports.io/flags/sk.svg"
"332","Super Liga","League","Slovakia","SK","9","2026","https://media.api-sports.io/football/leagues/332.png","https://media.api-sports.io/flags/sk.svg"
"375","Cup","Cup","Slovenia","SI","7","2025","https://media.api-sports.io/football/leagues/375.png","https://media.api-sports.io/flags/si.svg"
"373","1. SNL","League","Slovenia","SI","9","2026","https://media.api-sports.io/football/leagues/373.png","https://media.api-sports.io/flags/si.svg"
"374","2. SNL","League","Slovenia","SI","9","2026","https://media.api-sports.io/football/leagues/374.png","https://media.api-sports.io/flags/si.svg"
"794","3. SNL - East","League","Slovenia","SI","3","2026","https://media.api-sports.io/football/leagues/794.png","https://media.api-sports.io/flags/si.svg"
"795","3. SNL - West","League","Slovenia","SI","3","2026","https://media.api-sports.io/football/leagues/795.png","https://media.api-sports.io/flags/si.svg"
"846","Somali Premier League","League","Somalia","SO","4","2024","https://media.api-sports.io/football/leagues/846.png","https://media.api-sports.io/flags/so.svg"
"509","8 Cup","Cup","South-Africa","ZA","8","2026","https://media.api-sports.io/football/leagues/509.png","https://media.api-sports.io/flags/za.svg"
"507","Cup","Cup","South-Africa","ZA","9","2025","https://media.api-sports.io/football/leagues/507.png","https://media.api-sports.io/flags/za.svg"
"935","Diski Shield","Cup","South-Africa","ZA","1","2022","https://media.api-sports.io/football/leagues/935.png","https://media.api-sports.io/flags/za.svg"
"508","League Cup","Cup","South-Africa","ZA","6","2025","https://media.api-sports.io/football/leagues/508.png","https://media.api-sports.io/flags/za.svg"
"289","1st Division","League","South-Africa","ZA","11","2026","https://media.api-sports.io/football/leagues/289.png","https://media.api-sports.io/flags/za.svg"
"734","Diski Challenge","League","South-Africa","ZA","6","2025","https://media.api-sports.io/football/leagues/734.png","https://media.api-sports.io/flags/za.svg"
"288","Premier Soccer League","League","South-Africa","ZA","11","2026","https://media.api-sports.io/football/leagues/288.png","https://media.api-sports.io/flags/za.svg"
"1243","Super League Women","League","South-Africa","ZA","1","2026","https://media.api-sports.io/football/leagues/1243.png","https://media.api-sports.io/flags/za.svg"
"294","FA Cup","Cup","South-Korea","KR","8","2026","https://media.api-sports.io/football/leagues/294.png","https://media.api-sports.io/flags/kr.svg"
"292","K League 1","League","South-Korea","KR","11","2026","https://media.api-sports.io/football/leagues/292.png","https://media.api-sports.io/flags/kr.svg"
"293","K League 2","League","South-Korea","KR","11","2026","https://media.api-sports.io/football/leagues/293.png","https://media.api-sports.io/flags/kr.svg"
"295","K3 League","League","South-Korea","KR","11","2026","https://media.api-sports.io/football/leagues/295.png","https://media.api-sports.io/flags/kr.svg"
"1234","K4 League","League","South-Korea","KR","1","2026","https://media.api-sports.io/football/leagues/1234.png","https://media.api-sports.io/flags/kr.svg"
"660","WK-League","League","South-Korea","KR","7","2026","https://media.api-sports.io/football/leagues/660.png","https://media.api-sports.io/flags/kr.svg"
"735","Copa Federacion","Cup","Spain","ES","7","2026","https://media.api-sports.io/football/leagues/735.png","https://media.api-sports.io/flags/es.svg"
"143","Copa del Rey","Cup","Spain","ES","9","2026","https://media.api-sports.io/football/leagues/143.png","https://media.api-sports.io/flags/es.svg"
"556","Super Cup","Cup","Spain","ES","11","2026","https://media.api-sports.io/football/leagues/556.png","https://media.api-sports.io/flags/es.svg"
"1058","Supercopa Femenina","Cup","Spain","ES","4","2026","https://media.api-sports.io/football/leagues/1058.png","https://media.api-sports.io/flags/es.svg"
"140","La Liga","League","Spain","ES","17","2026","https://media.api-sports.io/football/leagues/140.png","https://media.api-sports.io/flags/es.svg"
"142","Primera División Femenina","League","Spain","ES","11","2026","https://media.api-sports.io/football/leagues/142.png","https://media.api-sports.io/flags/es.svg"
"435","Primera División RFEF - Group 1","League","Spain","ES","8","2026","https://media.api-sports.io/football/leagues/435.png","https://media.api-sports.io/flags/es.svg"
"436","Primera División RFEF - Group 2","League","Spain","ES","8","2026","https://media.api-sports.io/football/leagues/436.png","https://media.api-sports.io/flags/es.svg"
"437","Primera División RFEF - Group 3","League","Spain","ES","2","2020","https://media.api-sports.io/football/leagues/437.png","https://media.api-sports.io/flags/es.svg"
"438","Primera División RFEF - Group 4","League","Spain","ES","2","2020","https://media.api-sports.io/football/leagues/438.png","https://media.api-sports.io/flags/es.svg"
"692","Primera División RFEF - Group 5","League","Spain","ES","1","2020","https://media.api-sports.io/football/leagues/692.png","https://media.api-sports.io/flags/es.svg"
"1006","Primera División RFEF - Play Offs","League","Spain","ES","4","2025","https://media.api-sports.io/football/leagues/1006.png","https://media.api-sports.io/flags/es.svg"
"141","Segunda División","League","Spain","ES","11","2026","https://media.api-sports.io/football/leagues/141.png","https://media.api-sports.io/flags/es.svg"
"875","Segunda División RFEF - Group 1","League","Spain","ES","6","2026","https://media.api-sports.io/football/leagues/875.png","https://media.api-sports.io/flags/es.svg"
"876","Segunda División RFEF - Group 2","League","Spain","ES","6","2026","https://media.api-sports.io/football/leagues/876.png","https://media.api-sports.io/flags/es.svg"
"877","Segunda División RFEF - Group 3","League","Spain","ES","6","2026","https://media.api-sports.io/football/leagues/877.png","https://media.api-sports.io/flags/es.svg"
"878","Segunda División RFEF - Group 4","League","Spain","ES","6","2026","https://media.api-sports.io/football/leagues/878.png","https://media.api-sports.io/flags/es.svg"
"879","Segunda División RFEF - Group 5","League","Spain","ES","6","2026","https://media.api-sports.io/football/leagues/879.png","https://media.api-sports.io/flags/es.svg"
"1000","Segunda División RFEF - Play-offs","League","Spain","ES","4","2025","https://media.api-sports.io/football/leagues/1000.png","https://media.api-sports.io/flags/es.svg"
"439","Tercera División RFEF - Group 1","League","Spain","ES","8","2026","https://media.api-sports.io/football/leagues/439.png","https://media.api-sports.io/flags/es.svg"
"448","Tercera División RFEF - Group 10","League","Spain","ES","8","2026","https://media.api-sports.io/football/leagues/448.png","https://media.api-sports.io/flags/es.svg"
"449","Tercera División RFEF - Group 11","League","Spain","ES","8","2026","https://media.api-sports.io/football/leagues/449.png","https://media.api-sports.io/flags/es.svg"
"450","Tercera División RFEF - Group 12","League","Spain","ES","8","2026","https://media.api-sports.io/football/leagues/450.png","https://media.api-sports.io/flags/es.svg"
"451","Tercera División RFEF - Group 13","League","Spain","ES","8","2026","https://media.api-sports.io/football/leagues/451.png","https://media.api-sports.io/flags/es.svg"
"452","Tercera División RFEF - Group 14","League","Spain","ES","8","2026","https://media.api-sports.io/football/leagues/452.png","https://media.api-sports.io/flags/es.svg"
"453","Tercera División RFEF - Group 15","League","Spain","ES","8","2026","https://media.api-sports.io/football/leagues/453.png","https://media.api-sports.io/flags/es.svg"
"454","Tercera División RFEF - Group 16","League","Spain","ES","8","2026","https://media.api-sports.io/football/leagues/454.png","https://media.api-sports.io/flags/es.svg"
"455","Tercera División RFEF - Group 17","League","Spain","ES","8","2026","https://media.api-sports.io/football/leagues/455.png","https://media.api-sports.io/flags/es.svg"
"456","Tercera División RFEF - Group 18","League","Spain","ES","8","2026","https://media.api-sports.io/football/leagues/456.png","https://media.api-sports.io/flags/es.svg"
"440","Tercera División RFEF - Group 2","League","Spain","ES","8","2026","https://media.api-sports.io/football/leagues/440.png","https://media.api-sports.io/flags/es.svg"
"441","Tercera División RFEF - Group 3","League","Spain","ES","8","2026","https://media.api-sports.io/football/leagues/441.png","https://media.api-sports.io/flags/es.svg"
"442","Tercera División RFEF - Group 4","League","Spain","ES","8","2026","https://media.api-sports.io/football/leagues/442.png","https://media.api-sports.io/flags/es.svg"
"443","Tercera División RFEF - Group 5","League","Spain","ES","8","2026","https://media.api-sports.io/football/leagues/443.png","https://media.api-sports.io/flags/es.svg"
"444","Tercera División RFEF - Group 6","League","Spain","ES","8","2026","https://media.api-sports.io/football/leagues/444.png","https://media.api-sports.io/flags/es.svg"
"445","Tercera División RFEF - Group 7","League","Spain","ES","8","2026","https://media.api-sports.io/football/leagues/445.png","https://media.api-sports.io/flags/es.svg"
"446","Tercera División RFEF - Group 8","League","Spain","ES","8","2026","https://media.api-sports.io/football/leagues/446.png","https://media.api-sports.io/flags/es.svg"
"447","Tercera División RFEF - Group 9","League","Spain","ES","8","2026","https://media.api-sports.io/football/leagues/447.png","https://media.api-sports.io/flags/es.svg"
"977","Tercera División RFEF - Promotion - Play-offs","League","Spain","ES","4","2025","https://media.api-sports.io/football/leagues/977.png","https://media.api-sports.io/flags/es.svg"
"402","Sudani Premier League","League","Sudan","SD","10","2026","https://media.api-sports.io/football/leagues/402.png","https://media.api-sports.io/flags/sd.svg"
"568","Eerste Divisie","League","Suriname","SR","14","2025","https://media.api-sports.io/football/leagues/568.png","https://media.api-sports.io/flags/sr.svg"
"115","Svenska Cupen","Cup","Sweden","SE","8","2026","https://media.api-sports.io/football/leagues/115.png","https://media.api-sports.io/flags/se.svg"
"737","Svenska Cupen - Women","Cup","Sweden","SE","7","2026","https://media.api-sports.io/football/leagues/737.png","https://media.api-sports.io/flags/se.svg"
"113","Allsvenskan","League","Sweden","SE","11","2026","https://media.api-sports.io/football/leagues/113.png","https://media.api-sports.io/flags/se.svg"
"549","Damallsvenskan","League","Sweden","SE","7","2026","https://media.api-sports.io/football/leagues/549.png","https://media.api-sports.io/flags/se.svg"
"592","Division 2 - Norra Götaland","League","Sweden","SE","11","2026","https://media.api-sports.io/football/leagues/592.png","https://media.api-sports.io/flags/se.svg"
"593","Division 2 - Norra Svealand","League","Sweden","SE","11","2026","https://media.api-sports.io/football/leagues/593.png","https://media.api-sports.io/flags/se.svg"
"594","Division 2 - Norrland","League","Sweden","SE","11","2026","https://media.api-sports.io/football/leagues/594.png","https://media.api-sports.io/flags/se.svg"
"1053","Division 2 - Play-offs","League","Sweden","SE","3","2025","https://media.api-sports.io/football/leagues/1053.png","https://media.api-sports.io/flags/se.svg"
"597","Division 2 - Södra Götaland","League","Sweden","SE","11","2026","https://media.api-sports.io/football/leagues/597.png","https://media.api-sports.io/flags/se.svg"
"595","Division 2 - Södra Svealand","League","Sweden","SE","11","2026","https://media.api-sports.io/football/leagues/595.png","https://media.api-sports.io/flags/se.svg"
"596","Division 2 - Västra Götaland","League","Sweden","SE","11","2026","https://media.api-sports.io/football/leagues/596.png","https://media.api-sports.io/flags/se.svg"
"736","Elitettan","League","Sweden","SE","6","2026","https://media.api-sports.io/football/leagues/736.png","https://media.api-sports.io/flags/se.svg"
"563","Ettan - Norra","League","Sweden","SE","11","2026","https://media.api-sports.io/football/leagues/563.png","https://media.api-sports.io/flags/se.svg"
"1055","Ettan - Relegation Round","League","Sweden","SE","3","2025","https://media.api-sports.io/football/leagues/1055.png","https://media.api-sports.io/flags/se.svg"
"564","Ettan - Södra","League","Sweden","SE","11","2026","https://media.api-sports.io/football/leagues/564.png","https://media.api-sports.io/flags/se.svg"
"114","Superettan","League","Sweden","SE","11","2026","https://media.api-sports.io/football/leagues/114.png","https://media.api-sports.io/flags/se.svg"
"1044","Erste Liga Cup","Cup","Switzerland","CH","4","2026","https://media.api-sports.io/football/leagues/1044.png","https://media.api-sports.io/flags/ch.svg"
"209","Schweizer Cup","Cup","Switzerland","CH","8","2026","https://media.api-sports.io/football/leagues/209.png","https://media.api-sports.io/flags/ch.svg"
"599","1. Liga Classic - Group 1","League","Switzerland","CH","8","2026","https://media.api-sports.io/football/leagues/599.png","https://media.api-sports.io/flags/ch.svg"
"600","1. Liga Classic - Group 2","League","Switzerland","CH","8","2026","https://media.api-sports.io/football/leagues/600.png","https://media.api-sports.io/flags/ch.svg"
"601","1. Liga Classic - Group 3","League","Switzerland","CH","8","2026","https://media.api-sports.io/football/leagues/601.png","https://media.api-sports.io/flags/ch.svg"
"1005","1. Liga Classic - Play-offs","League","Switzerland","CH","4","2025","https://media.api-sports.io/football/leagues/1005.png","https://media.api-sports.io/flags/ch.svg"
"510","1. Liga Promotion","League","Switzerland","CH","10","2026","https://media.api-sports.io/football/leagues/510.png","https://media.api-sports.io/flags/ch.svg"
"796","2. Liga Interregional - Group 1","League","Switzerland","CH","5","2024","https://media.api-sports.io/football/leagues/796.png","https://media.api-sports.io/flags/ch.svg"
"797","2. Liga Interregional - Group 2","League","Switzerland","CH","5","2024","https://media.api-sports.io/football/leagues/797.png","https://media.api-sports.io/flags/ch.svg"
"798","2. Liga Interregional - Group 3","League","Switzerland","CH","5","2024","https://media.api-sports.io/football/leagues/798.png","https://media.api-sports.io/flags/ch.svg"
"799","2. Liga Interregional - Group 4","League","Switzerland","CH","5","2024","https://media.api-sports.io/football/leagues/799.png","https://media.api-sports.io/flags/ch.svg"
"800","2. Liga Interregional - Group 5","League","Switzerland","CH","3","2022","https://media.api-sports.io/football/leagues/800.png","https://media.api-sports.io/flags/ch.svg"
"801","2. Liga Interregional - Group 6","League","Switzerland","CH","2","2021","https://media.api-sports.io/football/leagues/801.png","https://media.api-sports.io/flags/ch.svg"
"739","AXA Women’s Super League","League","Switzerland","CH","7","2026","https://media.api-sports.io/football/leagues/739.png","https://media.api-sports.io/flags/ch.svg"
"208","Challenge League","League","Switzerland","CH","11","2026","https://media.api-sports.io/football/leagues/208.png","https://media.api-sports.io/flags/ch.svg"
"207","Super League","League","Switzerland","CH","11","2026","https://media.api-sports.io/football/leagues/207.png","https://media.api-sports.io/flags/ch.svg"
"425","Premier League","League","Syria","SY","9","2025","https://media.api-sports.io/football/leagues/425.png","https://media.api-sports.io/flags/sy.svg"
"571","Vysshaya Liga","League","Tajikistan","TJ","16","2026","https://media.api-sports.io/football/leagues/571.png","https://media.api-sports.io/flags/tj.svg"
"567","Ligi kuu Bara","League","Tanzania","TZ","12","2026","https://media.api-sports.io/football/leagues/567.png","https://media.api-sports.io/flags/tz.svg"
"298","FA Cup","Cup","Thailand","TH","13","2025","https://media.api-sports.io/football/leagues/298.png","https://media.api-sports.io/flags/th.svg"
"898","League Cup","Cup","Thailand","TH","5","2025","https://media.api-sports.io/football/leagues/898.png","https://media.api-sports.io/flags/th.svg"
"873","Thai Champions Cup","Cup","Thailand","TH","3","2023","https://media.api-sports.io/football/leagues/873.png","https://media.api-sports.io/flags/th.svg"
"296","Thai League 1","League","Thailand","TH","15","2026","https://media.api-sports.io/football/leagues/296.png","https://media.api-sports.io/flags/th.svg"
"297","Thai League 2","League","Thailand","TH","15","2026","https://media.api-sports.io/football/leagues/297.png","https://media.api-sports.io/flags/th.svg"
"1084","Championnat National","League","Togo","TG","2","2024","https://media.api-sports.io/football/leagues/1084.png","https://media.api-sports.io/flags/tg.svg"
"591","Pro League","League","Trinidad-And-Tobago","TT","13","2026","https://media.api-sports.io/football/leagues/591.png","https://media.api-sports.io/flags/tt.svg"
"511","Cup","Cup","Tunisia","TN","10","2025","https://media.api-sports.io/football/leagues/511.png","https://media.api-sports.io/flags/tn.svg"
"1194","Super Cup","Cup","Tunisia","TN","2","2026","https://media.api-sports.io/football/leagues/1194.png","https://media.api-sports.io/flags/tn.svg"
"202","Ligue 1","League","Tunisia","TN","16","2026","https://media.api-sports.io/football/leagues/202.png","https://media.api-sports.io/flags/tn.svg"
"828","Ligue 2","League","Tunisia","TN","7","2026","https://media.api-sports.io/football/leagues/828.png","https://media.api-sports.io/flags/tn.svg"
"551","Super Cup","Cup","Turkey","TR","14","2025","https://media.api-sports.io/football/leagues/551.png","https://media.api-sports.io/flags/tr.svg"
"206","Türkiye Kupası","Cup","Turkey","TR","16","2026","https://media.api-sports.io/football/leagues/206.png","https://media.api-sports.io/flags/tr.svg"
"204","1. Lig","League","Turkey","TR","16","2026","https://media.api-sports.io/football/leagues/204.png","https://media.api-sports.io/flags/tr.svg"
"205","2. Lig","League","Turkey","TR","16","2026","https://media.api-sports.io/football/leagues/205.png","https://media.api-sports.io/flags/tr.svg"
"552","3. Lig - Group 1","League","Turkey","TR","16","2026","https://media.api-sports.io/football/leagues/552.png","https://media.api-sports.io/flags/tr.svg"
"553","3. Lig - Group 2","League","Turkey","TR","16","2026","https://media.api-sports.io/football/leagues/553.png","https://media.api-sports.io/flags/tr.svg"
"554","3. Lig - Group 3","League","Turkey","TR","16","2026","https://media.api-sports.io/football/leagues/554.png","https://media.api-sports.io/flags/tr.svg"
"1027","3. Lig - Group 4","League","Turkey","TR","3","2025","https://media.api-sports.io/football/leagues/1027.png","https://media.api-sports.io/flags/tr.svg"
"1007","3. Lig - Play-offs","League","Turkey","TR","4","2025","https://media.api-sports.io/football/leagues/1007.png","https://media.api-sports.io/flags/tr.svg"
"203","Süper Lig","League","Turkey","TR","16","2026","https://media.api-sports.io/football/leagues/203.png","https://media.api-sports.io/flags/tr.svg"
"1240","U19 league","League","Turkey","TR","1","2026","https://media.api-sports.io/football/leagues/1240.png","https://media.api-sports.io/flags/tr.svg"
"829","Youth League","League","Turkmenistan","TM","1","2020","https://media.api-sports.io/football/leagues/829.png","https://media.api-sports.io/flags/tm.svg"
"636","Ýokary Liga","League","Turkmenistan","TM","7","2026","https://media.api-sports.io/football/leagues/636.png","https://media.api-sports.io/flags/tm.svg"
"866","MLS All-Star","Cup","USA","US","6","2026","https://media.api-sports.io/football/leagues/866.png","https://media.api-sports.io/flags/us.svg"
"641","NWSL Women - Challenge Cup","Cup","USA","US","7","2026","https://media.api-sports.io/football/leagues/641.png","https://media.api-sports.io/flags/us.svg"
"257","US Open Cup","Cup","USA","US","14","2026","https://media.api-sports.io/football/leagues/257.png","https://media.api-sports.io/flags/us.svg"
"909","MLS Next Pro","League","USA","US","5","2026","https://media.api-sports.io/football/leagues/909.png","https://media.api-sports.io/flags/us.svg"
"253","Major League Soccer","League","USA","US","15","2026","https://media.api-sports.io/football/leagues/253.png","https://media.api-sports.io/flags/us.svg"
"523","NISA","League","USA","US","6","2024","https://media.api-sports.io/football/leagues/523.png","https://media.api-sports.io/flags/us.svg"
"1118","NPSL","League","USA","US","2","2025","https://media.api-sports.io/football/leagues/1118.png","https://media.api-sports.io/flags/us.svg"
"1119","NWSL - Liga MXF Summer Cup","League","USA","US","1","2024","https://media.api-sports.io/football/leagues/1119.png","https://media.api-sports.io/flags/us.svg"
"254","NWSL Women","League","USA","US","8","2026","https://media.api-sports.io/football/leagues/254.png","https://media.api-sports.io/flags/us.svg"
"255","USL Championship","League","USA","US","12","2026","https://media.api-sports.io/football/leagues/255.png","https://media.api-sports.io/flags/us.svg"
"489","USL League One","League","USA","US","8","2026","https://media.api-sports.io/football/leagues/489.png","https://media.api-sports.io/flags/us.svg"
"1095","USL League One Cup","League","USA","US","3","2026","https://media.api-sports.io/football/leagues/1095.png","https://media.api-sports.io/flags/us.svg"
"256","USL League Two","League","USA","US","9","2026","https://media.api-sports.io/football/leagues/256.png","https://media.api-sports.io/flags/us.svg"
"1130","USL Super League","League","USA","US","3","2026","https://media.api-sports.io/football/leagues/1130.png","https://media.api-sports.io/flags/us.svg"
"1117","USL W League","League","USA","US","3","2026","https://media.api-sports.io/football/leagues/1117.png","https://media.api-sports.io/flags/us.svg"
"1116","WPSL","League","USA","US","2","2025","https://media.api-sports.io/football/leagues/1116.png","https://media.api-sports.io/flags/us.svg"
"585","Premier League","League","Uganda","UG","15","2026","https://media.api-sports.io/football/leagues/585.png","https://media.api-sports.io/flags/ug.svg"
"335","Cup","Cup","Ukraine","UA","15","2026","https://media.api-sports.io/football/leagues/335.png","https://media.api-sports.io/flags/ua.svg"
"678","Super Cup","Cup","Ukraine","UA","2","2021","https://media.api-sports.io/football/leagues/678.png","https://media.api-sports.io/flags/ua.svg"
"336","Druha Liga","League","Ukraine","UA","16","2026","https://media.api-sports.io/football/leagues/336.png","https://media.api-sports.io/flags/ua.svg"
"337","Druha Liga - Group B","League","Ukraine","UA","5","2021","https://media.api-sports.io/football/leagues/337.png","https://media.api-sports.io/flags/ua.svg"
"334","Persha Liga","League","Ukraine","UA","16","2026","https://media.api-sports.io/football/leagues/334.png","https://media.api-sports.io/flags/ua.svg"
"333","Premier League","League","Ukraine","UA","16","2026","https://media.api-sports.io/football/leagues/333.png","https://media.api-sports.io/flags/ua.svg"
"1065","U19 League","League","Ukraine","UA","4","2026","https://media.api-sports.io/football/leagues/1065.png","https://media.api-sports.io/flags/ua.svg"
"679","U21 League","League","Ukraine","UA","1","2020","https://media.api-sports.io/football/leagues/679.png","https://media.api-sports.io/flags/ua.svg"
"302","League Cup","Cup","United-Arab-Emirates","AE","16","2026","https://media.api-sports.io/football/leagues/302.png","https://media.api-sports.io/flags/ae.svg"
"560","Presidents Cup","Cup","United-Arab-Emirates","AE","10","2026","https://media.api-sports.io/football/leagues/560.png","https://media.api-sports.io/flags/ae.svg"
"896","Super Cup","Cup","United-Arab-Emirates","AE","5","2025","https://media.api-sports.io/football/leagues/896.png","https://media.api-sports.io/flags/ae.svg"
"303","Division 1","League","United-Arab-Emirates","AE","16","2026","https://media.api-sports.io/football/leagues/303.png","https://media.api-sports.io/flags/ae.svg"
"301","Pro League","League","United-Arab-Emirates","AE","16","2026","https://media.api-sports.io/football/leagues/301.png","https://media.api-sports.io/flags/ae.svg"
"1218","Pro League U23","League","United-Arab-Emirates","AE","2","2026","https://media.api-sports.io/football/leagues/1218.png","https://media.api-sports.io/flags/ae.svg"
"1212","Copa De La Liga Auf","Cup","Uruguay","UY","1","2026","https://media.api-sports.io/football/leagues/1212.png","https://media.api-sports.io/flags/uy.svg"
"930","Copa Uruguay","Cup","Uruguay","UY","5","2026","https://media.api-sports.io/football/leagues/930.png","https://media.api-sports.io/flags/uy.svg"
"842","Super Copa","Cup","Uruguay","UY","6","2026","https://media.api-sports.io/football/leagues/842.png","https://media.api-sports.io/flags/uy.svg"
"268","Primera División","League","Uruguay","UY","15","2026","https://media.api-sports.io/football/leagues/268.png","https://media.api-sports.io/flags/uy.svg"
"270","Primera División - Clausura","League","Uruguay","UY","14","","https://media.api-sports.io/football/leagues/270.png","https://media.api-sports.io/flags/uy.svg"
"269","Segunda División","League","Uruguay","UY","16","2026","https://media.api-sports.io/football/leagues/269.png","https://media.api-sports.io/flags/uy.svg"
"802","Cup","Cup","Uzbekistan","UZ","7","2026","https://media.api-sports.io/football/leagues/802.png","https://media.api-sports.io/flags/uz.svg"
"830","Super Cup","Cup","Uzbekistan","UZ","6","2025","https://media.api-sports.io/football/leagues/830.png","https://media.api-sports.io/flags/uz.svg"
"1075","Pro League A","League","Uzbekistan","UZ","3","2026","https://media.api-sports.io/football/leagues/1075.png","https://media.api-sports.io/flags/uz.svg"
"369","Super League","League","Uzbekistan","UZ","15","2026","https://media.api-sports.io/football/leagues/369.png","https://media.api-sports.io/flags/uz.svg"
"1113","Copa Venezuela","Cup","Venezuela","VE","3","2026","https://media.api-sports.io/football/leagues/1113.png","https://media.api-sports.io/flags/ve.svg"
"1181","Supercopa","Cup","Venezuela","VE","1","2025","https://media.api-sports.io/football/leagues/1181.png","https://media.api-sports.io/flags/ve.svg"
"299","Primera División","League","Venezuela","VE","16","2026","https://media.api-sports.io/football/leagues/299.png","https://media.api-sports.io/flags/ve.svg"
"300","Segunda División","League","Venezuela","VE","16","2026","https://media.api-sports.io/football/leagues/300.png","https://media.api-sports.io/flags/ve.svg"
"341","Cup","Cup","Vietnam","VN","9","2027","https://media.api-sports.io/football/leagues/341.png","https://media.api-sports.io/flags/vn.svg"
"831","Super Cup","Cup","Vietnam","VN","6","2027","https://media.api-sports.io/football/leagues/831.png","https://media.api-sports.io/flags/vn.svg"
"340","V.League 1","League","Vietnam","VN","16","2027","https://media.api-sports.io/football/leagues/340.png","https://media.api-sports.io/flags/vn.svg"
"637","V.League 2","League","Vietnam","VN","8","2027","https://media.api-sports.io/football/leagues/637.png","https://media.api-sports.io/flags/vn.svg"
"738","League Cup","Cup","Wales","GB-WLS","6","2025","https://media.api-sports.io/football/leagues/738.png","https://media.api-sports.io/flags/gb-wls.svg"
"112","Welsh Cup","Cup","Wales","GB-WLS","14","2025","https://media.api-sports.io/football/leagues/112.png","https://media.api-sports.io/flags/gb-wls.svg"
"111","FAW Championship","League","Wales","GB-WLS","8","2026","https://media.api-sports.io/football/leagues/111.png","https://media.api-sports.io/flags/gb-wls.svg"
"110","Premier League","League","Wales","GB-WLS","16","2026","https://media.api-sports.io/football/leagues/110.png","https://media.api-sports.io/flags/gb-wls.svg"
"807","AFC Challenge Cup","Cup","World","","1","2014","https://media.api-sports.io/football/leagues/807.png",""
"1132","AFC Challenge League","Cup","World","","3","2026","https://media.api-sports.io/football/leagues/1132.png",""
"17","AFC Champions League Elite","Cup","World","","11","2026","https://media.api-sports.io/football/leagues/17.png",""
"18","AFC Champions League Two","Cup","World","","10","2026","https://media.api-sports.io/football/leagues/18.png",""
"1012","AFC U17 Asian Cup","Cup","World","","4","2027","https://media.api-sports.io/football/leagues/1012.png",""
"1161","AFC U17 Asian Cup - Qualification","Cup","World","","1","2024","https://media.api-sports.io/football/leagues/1161.png",""
"1101","AFC U17 Asian Cup - Women","Cup","World","","2","2025","https://media.api-sports.io/football/leagues/1101.png",""
"965","AFC U20 Asian Cup","Cup","World","","3","2026","https://media.api-sports.io/football/leagues/965.png",""
"1153","AFC U20 Asian Cup - Qualification","Cup","World","","1","2024","https://media.api-sports.io/football/leagues/1153.png",""
"1070","AFC U20 Asian Cup - Women","Cup","World","","2","2025","https://media.api-sports.io/football/leagues/1070.png",""
"532","AFC U23 Asian Cup","Cup","World","","4","2025","https://media.api-sports.io/football/leagues/532.png",""
"952","AFC U23 Asian Cup - Qualification","Cup","World","","3","2026","https://media.api-sports.io/football/leagues/952.png",""
"1140","AFC Women's Champions League","Cup","World","","3","2026","https://media.api-sports.io/football/leagues/1140.png",""
"1162","AGCFF Gulf Champions League","Cup","World","","2","2025","https://media.api-sports.io/football/leagues/1162.png",""
"24","ASEAN Championship","Cup","World","","7","2025","https://media.api-sports.io/football/leagues/24.png",""
"928","ASEAN Championship U19","Cup","World","","3","2025","https://media.api-sports.io/football/leagues/928.png",""
"908","ASEAN Championship U23","Cup","World","","3","2025","https://media.api-sports.io/football/leagues/908.png",""
"1129","ASEAN Club Championship","Cup","World","","3","2026","https://media.api-sports.io/football/leagues/1129.png",""
"6","Africa Cup of Nations","Cup","World","","6","2025","https://media.api-sports.io/football/leagues/6.png",""
"36","Africa Cup of Nations - Qualification","Cup","World","","4","2027","https://media.api-sports.io/football/leagues/36.png",""
"922","Africa Cup of Nations - Women","Cup","World","","3","2025","https://media.api-sports.io/football/leagues/922.png",""
"538","Africa Cup of Nations U20","Cup","World","","4","2025","https://media.api-sports.io/football/leagues/538.png",""
"953","Africa U23 Cup of Nations - Qualification","Cup","World","","1","2022","https://media.api-sports.io/football/leagues/953.png",""
"1043","African Football League","Cup","World","","1","2023","https://media.api-sports.io/football/leagues/1043.png",""
"19","African Nations Championship","Cup","World","","6","2024","https://media.api-sports.io/football/leagues/19.png",""
"1163","African Nations Championship - Qualification","Cup","World","","1","2024","https://media.api-sports.io/football/leagues/1163.png",""
"902","Algarve Cup","Cup","World","","1","2021","https://media.api-sports.io/football/leagues/902.png",""
"1072","All Africa Games","Cup","World","","1","2023","https://media.api-sports.io/football/leagues/1072.png",""
"1013","All-Island Cup - Women","Cup","World","","4","2026","https://media.api-sports.io/football/leagues/1013.png",""
"934","Arab Championship - U20","Cup","World","","1","2022","https://media.api-sports.io/football/leagues/934.png",""
"768","Arab Club Champions Cup","Cup","World","","2","2023","https://media.api-sports.io/football/leagues/768.png",""
"860","Arab Cup","Cup","World","","2","2025","https://media.api-sports.io/football/leagues/860.png",""
"1208","Arabian Gulf Cup U23","Cup","World","","1","2026","https://media.api-sports.io/football/leagues/1208.png",""
"1189","Asean Championship Women","Cup","World","","2","2026","https://media.api-sports.io/football/leagues/1189.png",""
"7","Asian Cup","Cup","World","","5","2027","https://media.api-sports.io/football/leagues/7.png",""
"35","Asian Cup - Qualification","Cup","World","","3","2024","https://media.api-sports.io/football/leagues/35.png",""
"897","Asian Cup Women","Cup","World","","2","2026","https://media.api-sports.io/football/leagues/897.png",""
"894","Asian Cup Women - Qualification","Cup","World","","2","2026","https://media.api-sports.io/football/leagues/894.png",""
"803","Asian Games","Cup","World","","5","2026","https://media.api-sports.io/football/leagues/803.png",""
"1245","Asian Games Women","Cup","World","","1","2026","https://media.api-sports.io/football/leagues/1245.png",""
"849","Baltic Cup","Cup","World","","4","2025","https://media.api-sports.io/football/leagues/849.png",""
"1016","CAC Games","Cup","World","","2","2026","https://media.api-sports.io/football/leagues/1016.png",""
"12","CAF Champions League","Cup","World","","8","2026","https://media.api-sports.io/football/leagues/12.png",""
"20","CAF Confederation Cup","Cup","World","","10","2026","https://media.api-sports.io/football/leagues/20.png",""
"973","CAF Cup of Nations - U17","Cup","World","","3","2026","https://media.api-sports.io/football/leagues/973.png",""
"533","CAF Super Cup","Cup","World","","8","2026","https://media.api-sports.io/football/leagues/533.png",""
"1015","CAF U23 Cup of Nations","Cup","World","","1","2023","https://media.api-sports.io/football/leagues/1015.png",""
"1164","CAF Women's Champions League","Cup","World","","2","2025","https://media.api-sports.io/football/leagues/1164.png",""
"1008","CAFA Nations Cup","Cup","World","","2","2025","https://media.api-sports.io/football/leagues/1008.png",""
"869","CECAFA Club Cup","Cup","World","","4","2027","https://media.api-sports.io/football/leagues/869.png",""
"535","CECAFA Senior Challenge Cup","Cup","World","","6","2021","https://media.api-sports.io/football/leagues/535.png",""
"1159","CECAFA U20 Championship","Cup","World","","2","2026","https://media.api-sports.io/football/leagues/1159.png",""
"856","CONCACAF Caribbean Club Championship","Cup","World","","6","2026","https://media.api-sports.io/football/leagues/856.png",""
"534","CONCACAF Caribbean Club Shield","Cup","World","","8","2026","https://media.api-sports.io/football/leagues/534.png",""
"1028","CONCACAF Central American Cup","Cup","World","","4","2026","https://media.api-sports.io/football/leagues/1028.png",""
"16","CONCACAF Champions League","Cup","World","","11","2026","https://media.api-sports.io/football/leagues/16.png",""
"22","CONCACAF Gold Cup","Cup","World","","6","2025","https://media.api-sports.io/football/leagues/22.png",""
"858","CONCACAF Gold Cup - Qualification","Cup","World","","3","2025","https://media.api-sports.io/football/leagues/858.png",""
"1046","CONCACAF Gold Cup - Qualification - Women","Cup","World","","1","2024","https://media.api-sports.io/football/leagues/1046.png",""
"1057","CONCACAF Gold Cup - Women","Cup","World","","1","2024","https://media.api-sports.io/football/leagues/1057.png",""
"767","CONCACAF League","Cup","World","","3","2022","https://media.api-sports.io/football/leagues/767.png",""
"536","CONCACAF Nations League","Cup","World","","5","2025","https://media.api-sports.io/football/leagues/536.png",""
"808","CONCACAF Nations League - Qualification","Cup","World","","1","2018","https://media.api-sports.io/football/leagues/808.png",""
"1207","CONCACAF Series","Cup","World","","1","2026","https://media.api-sports.io/football/leagues/1207.png",""
"963","CONCACAF U17","Cup","World","","2","2025","https://media.api-sports.io/football/leagues/963.png",""
"537","CONCACAF U20","Cup","World","","5","2026","https://media.api-sports.io/football/leagues/537.png",""
"1066","CONCACAF U20 - Qualification","Cup","World","","2","2025","https://media.api-sports.io/football/leagues/1066.png",""
"1136","CONCACAF W Champions Cup","Cup","World","","2","2025","https://media.api-sports.io/football/leagues/1136.png",""
"912","CONCACAF Women U17","Cup","World","","4","2026","https://media.api-sports.io/football/leagues/912.png",""
"1001","CONCACAF Women U20","Cup","World","","2","2025","https://media.api-sports.io/football/leagues/1001.png",""
"1060","CONMEBOL - Pre-Olympic Tournament","Cup","World","","1","2024","https://media.api-sports.io/football/leagues/1060.png",""
"970","CONMEBOL - U17","Cup","World","","3","2026","https://media.api-sports.io/football/leagues/970.png",""
"1081","CONMEBOL - U17 Femenino","Cup","World","","2","2025","https://media.api-sports.io/football/leagues/1081.png",""
"913","CONMEBOL - UEFA Finalissima","Cup","World","","2","2026","https://media.api-sports.io/football/leagues/913.png",""
"13","CONMEBOL Libertadores","Cup","World","","8","2026","https://media.api-sports.io/football/leagues/13.png",""
"949","CONMEBOL Libertadores Femenina","Cup","World","","5","2026","https://media.api-sports.io/football/leagues/949.png",""
"540","CONMEBOL Libertadores U20","Cup","World","","6","2026","https://media.api-sports.io/football/leagues/540.png",""
"1206","CONMEBOL Nations League Women","Cup","World","","1","2025","https://media.api-sports.io/football/leagues/1206.png",""
"541","CONMEBOL Recopa","Cup","World","","7","2026","https://media.api-sports.io/football/leagues/541.png",""
"11","CONMEBOL Sudamericana","Cup","World","","8","2026","https://media.api-sports.io/football/leagues/11.png",""
"1085","CONMEBOL U20 Femenino","Cup","World","","2","2026","https://media.api-sports.io/football/leagues/1085.png",""
"859","COSAFA Cup","Cup","World","","5","2025","https://media.api-sports.io/football/leagues/859.png",""
"771","COSAFA U20 Championship","Cup","World","","5","2026","https://media.api-sports.io/football/leagues/771.png",""
"940","COTIF Tournament","Cup","World","","5","2026","https://media.api-sports.io/football/leagues/940.png",""
"885","Campeones Cup","Cup","World","","6","2026","https://media.api-sports.io/football/leagues/885.png",""
"804","Caribbean Cup","Cup","World","","4","2016","https://media.api-sports.io/football/leagues/804.png",""
"1237","Central American and Caribbean Games","Cup","World","","1","2026","https://media.api-sports.io/football/leagues/1237.png",""
"766","China Cup","Cup","World","","3","2019","https://media.api-sports.io/football/leagues/766.png",""
"1236","Como Cup","Cup","World","","1","2026","https://media.api-sports.io/football/leagues/1236.png",""
"21","Confederations Cup","Cup","World","","3","2017","https://media.api-sports.io/football/leagues/21.png",""
"9","Copa America","Cup","World","","5","2024","https://media.api-sports.io/football/leagues/9.png",""
"926","Copa America Femenina","Cup","World","","2","2025","https://media.api-sports.io/football/leagues/926.png",""
"805","Copa Centroamericana","Cup","World","","1","2016","https://media.api-sports.io/football/leagues/805.png",""
"23","EAFF E-1 Football Championship","Cup","World","","5","2025","https://media.api-sports.io/football/leagues/23.png",""
"1169","EAFF E-1 Football Championship - Qualification","Cup","World","","1","2025","https://media.api-sports.io/football/leagues/1169.png",""
"1188","EAFF E-1 Football Championship - Women","Cup","World","","1","2025","https://media.api-sports.io/football/leagues/1188.png",""
"937","Emirates Cup","Cup","World","","5","2026","https://media.api-sports.io/football/leagues/937.png",""
"4","Euro Championship","Cup","World","","5","2024","https://media.api-sports.io/football/leagues/4.png",""
"960","Euro Championship - Qualification","Cup","World","","1","2023","https://media.api-sports.io/football/leagues/960.png",""
"15","FIFA Club World Cup","Cup","World","","12","2025","https://media.api-sports.io/football/leagues/15.png",""
"1186","FIFA Club World Cup - Play-In","Cup","World","","1","2025","https://media.api-sports.io/football/leagues/1186.png",""
"1168","FIFA Intercontinental Cup","Cup","World","","3","2026","https://media.api-sports.io/football/leagues/1168.png",""
"1222","FIFA Series","Cup","World","","1","2026","https://media.api-sports.io/football/leagues/1222.png",""
"1217","FIFA Women Champions Cup","Cup","World","","1","2026","https://media.api-sports.io/football/leagues/1217.png",""
"10","Friendlies","Cup","World","","10","2026","https://media.api-sports.io/football/leagues/10.png",""
"667","Friendlies Clubs","Cup","World","","7","2026","https://media.api-sports.io/football/leagues/667.png",""
"666","Friendlies Women","Cup","World","","7","2026","https://media.api-sports.io/football/leagues/666.png",""
"25","Gulf Cup of Nations","Cup","World","","5","2026","https://media.api-sports.io/football/leagues/25.png",""
"26","International Champions Cup","Cup","World","","4","2019","https://media.api-sports.io/football/leagues/26.png",""
"945","International Champions Cup - Women","Cup","World","","1","2022","https://media.api-sports.io/football/leagues/945.png",""
"941","Islamic Solidarity Games","Cup","World","","1","2022","https://media.api-sports.io/football/leagues/941.png",""
"1038","King's Cup","Cup","World","","3","2025","https://media.api-sports.io/football/leagues/1038.png",""
"1213","Kings World Cup Nations","Cup","World","","1","2026","https://media.api-sports.io/football/leagues/1213.png",""
"916","Kirin Cup","Cup","World","","1","2022","https://media.api-sports.io/football/leagues/916.png",""
"772","Leagues Cup","Cup","World","","7","2026","https://media.api-sports.io/football/leagues/772.png",""
"919","Mediterranean Games","Cup","World","","2","2026","https://media.api-sports.io/football/leagues/919.png",""
"27","OFC Champions League","Cup","World","","11","2026","https://media.api-sports.io/football/leagues/27.png",""
"806","OFC Nations Cup","Cup","World","","2","2024","https://media.api-sports.io/football/leagues/806.png",""
"1214","OFC Pro League","Cup","World","","1","2026","https://media.api-sports.io/football/leagues/1214.png",""
"1122","OFC U19 Championship","Cup","World","","1","2024","https://media.api-sports.io/football/leagues/1122.png",""
"1105","Olympics - Intercontinental Play-offs","Cup","World","","1","2024","https://media.api-sports.io/football/leagues/1105.png",""
"480","Olympics Men","Cup","World","","4","2024","https://media.api-sports.io/football/leagues/480.png",""
"881","Olympics Men - Qualification Concacaf","Cup","World","","1","2020","https://media.api-sports.io/football/leagues/881.png",""
"524","Olympics Women","Cup","World","","3","2024","https://media.api-sports.io/football/leagues/524.png",""
"882","Olympics Women - Qualification Asia","Cup","World","","2","2024","https://media.api-sports.io/football/leagues/882.png",""
"1047","Olympics Women - Qualification CAF","Cup","World","","1","2024","https://media.api-sports.io/football/leagues/1047.png",""
"770","Pacific Games","Cup","World","","2","2023","https://media.api-sports.io/football/leagues/770.png",""
"1045","Pan American Games","Cup","World","","1","2023","https://media.api-sports.io/football/leagues/1045.png",""
"769","Premier League Asia Trophy","Cup","World","","1","2019","https://media.api-sports.io/football/leagues/769.png",""
"1039","Premier League International Cup","Cup","World","","4","2026","https://media.api-sports.io/football/leagues/1039.png",""
"28","SAFF Championship","Cup","World","","5","2023","https://media.api-sports.io/football/leagues/28.png",""
"1216","Serie Rio De La Plata","Cup","World","","1","2026","https://media.api-sports.io/football/leagues/1216.png",""
"904","SheBelieves Cup","Cup","World","","5","2026","https://media.api-sports.io/football/leagues/904.png",""
"951","South American Youth Games","Cup","World","","2","2026","https://media.api-sports.io/football/leagues/951.png",""
"911","Southeast Asian Games","Cup","World","","3","2025","https://media.api-sports.io/football/leagues/911.png",""
"773","Sudamericano U20","Cup","World","","3","2025","https://media.api-sports.io/football/leagues/773.png",""
"903","The Atlantic Cup","Cup","World","","5","2026","https://media.api-sports.io/football/leagues/903.png",""
"900","Tipsport Malta Cup","Cup","World","","3","2024","https://media.api-sports.io/football/leagues/900.png",""
"914","Tournoi Maurice Revello","Cup","World","","5","2026","https://media.api-sports.io/football/leagues/914.png",""
"890","U20 Elite League","Cup","World","","6","2026","https://media.api-sports.io/football/leagues/890.png",""
"1123","UAE-Qatar - Super Cup","Cup","World","","3","2026","https://media.api-sports.io/football/leagues/1123.png",""
"1089","UAE-Qatar - Super Shield","Cup","World","","2","2025","https://media.api-sports.io/football/leagues/1089.png",""
"1024","UEFA - CONMEBOL - Club Challenge","Cup","World","","1","2023","https://media.api-sports.io/football/leagues/1024.png",""
"2","UEFA Champions League","Cup","World","","16","2026","https://media.api-sports.io/football/leagues/2.png",""
"525","UEFA Champions League Women","Cup","World","","8","2026","https://media.api-sports.io/football/leagues/525.png",""
"743","UEFA Championship - Women","Cup","World","","2","2025","https://media.api-sports.io/football/leagues/743.png",""
"1083","UEFA Championship - Women - Qualification","Cup","World","","1","2025","https://media.api-sports.io/football/leagues/1083.png",""
"848","UEFA Europa Conference League","Cup","World","","6","2026","https://media.api-sports.io/football/leagues/848.png",""
"1191","UEFA Europa Cup - Women","Cup","World","","2","2026","https://media.api-sports.io/football/leagues/1191.png",""
"3","UEFA Europa League","Cup","World","","13","2026","https://media.api-sports.io/football/leagues/3.png",""
"5","UEFA Nations League","Cup","World","","5","2026","https://media.api-sports.io/football/leagues/5.png",""
"1040","UEFA Nations League - Women","Cup","World","","2","2025","https://media.api-sports.io/football/leagues/1040.png",""
"531","UEFA Super Cup","Cup","World","","11","2026","https://media.api-sports.io/football/leagues/531.png",""
"921","UEFA U17 Championship","Cup","World","","5","2026","https://media.api-sports.io/football/leagues/921.png",""
"886","UEFA U17 Championship - Qualification","Cup","World","","6","2027","https://media.api-sports.io/football/leagues/886.png",""
"1102","UEFA U17 Championship - Women","Cup","World","","3","2026","https://media.api-sports.io/football/leagues/1102.png",""
"493","UEFA U19 Championship","Cup","World","","8","2026","https://media.api-sports.io/football/leagues/493.png",""
"893","UEFA U19 Championship - Qualification","Cup","World","","6","2027","https://media.api-sports.io/football/leagues/893.png",""
"918","UEFA U19 Championship - Women","Cup","World","","5","2026","https://media.api-sports.io/football/leagues/918.png",""
"38","UEFA U21 Championship","Cup","World","","4","2025","https://media.api-sports.io/football/leagues/38.png",""
"850","UEFA U21 Championship - Qualification","Cup","World","","3","2027","https://media.api-sports.io/football/leagues/850.png",""
"1077","WAFF Championship U23","Cup","World","","2","2025","https://media.api-sports.io/football/leagues/1077.png",""
"1","World Cup","Cup","World","","5","2026","https://media.api-sports.io/football/leagues/1.png",""
"29","World Cup - Qualification Africa","Cup","World","","3","2023","https://media.api-sports.io/football/leagues/29.png",""
"30","World Cup - Qualification Asia","Cup","World","","3","2026","https://media.api-sports.io/football/leagues/30.png",""
"31","World Cup - Qualification CONCACAF","Cup","World","","3","2026","https://media.api-sports.io/football/leagues/31.png",""
"32","World Cup - Qualification Europe","Cup","World","","3","2024","https://media.api-sports.io/football/leagues/32.png",""
"37","World Cup - Qualification Intercontinental Play-offs","Cup","World","","4","2026","https://media.api-sports.io/football/leagues/37.png",""
"33","World Cup - Qualification Oceania","Cup","World","","3","2026","https://media.api-sports.io/football/leagues/33.png",""
"34","World Cup - Qualification South America","Cup","World","","3","2026","https://media.api-sports.io/football/leagues/34.png",""
"587","World Cup - U17","Cup","World","","4","2026","https://media.api-sports.io/football/leagues/587.png",""
"950","World Cup - U17 - Women","Cup","World","","4","2026","https://media.api-sports.io/football/leagues/950.png",""
"490","World Cup - U20","Cup","World","","4","2025","https://media.api-sports.io/football/leagues/490.png",""
"920","World Cup - U20 - Women","Cup","World","","3","2026","https://media.api-sports.io/football/leagues/920.png",""
"8","World Cup - Women","Cup","World","","4","2023","https://media.api-sports.io/football/leagues/8.png",""
"927","World Cup - Women - Qualification Concacaf","Cup","World","","2","2026","https://media.api-sports.io/football/leagues/927.png",""
"880","World Cup - Women - Qualification Europe","Cup","World","","2","2027","https://media.api-sports.io/football/leagues/880.png",""
"910","Youth Viareggio Cup","Cup","World","","5","2026","https://media.api-sports.io/football/leagues/910.png",""
"14","UEFA Youth League","League","World","","10","2026","https://media.api-sports.io/football/leagues/14.png",""
"1079","Yemeni League","League","Yemen","YE","1","2023","https://media.api-sports.io/football/leagues/1079.png","https://media.api-sports.io/flags/ye.svg"
"400","Super League","League","Zambia","ZM","15","2026","https://media.api-sports.io/football/leagues/400.png","https://media.api-sports.io/flags/zm.svg"
"401","Premier Soccer League","League","Zimbabwe","ZW","9","2026","https://media.api-sports.io/football/leagues/401.png","https://media.api-sports.io/flags/zw.svg"
